video_id,video_title,video_description,video_published_at,duration_iso8601,view_count,like_count,comment_count,thumbnail_default,thumbnail_medium,thumbnail_high,live_actual_start,live_actual_end,live_scheduled_start
ko70cExuzZM,Taylor Swift - The Fate of Ophelia (Official Music Video),"The official music video for “The Fate of Ophelia”

Stream/download ‘The Life of a Showgirl’: https://taylor.lnk.to/TSTheLifeofaShowgirl

►Subscribe to Taylor Swift on YouTube: https://ts.lnk.to/subscribe
►Shop Merch: http://taylor.lnk.to/store 
►Follow Taylor Swift Online: 
TikTok: http://tiktok.com/@taylorswift 
Instagram: http://instagram.com/taylorswift 
Twitter: http://twitter.com/taylorswift13 
Snapchat: http://snapchat.com/add/taylorswift 
Facebook: http://facebook.com/taylorswift 
Tumblr: http://taylorswift.tumblr.com 
Website: http://www.taylorswift.com 

►Follow Taylor Nation Online 
TikTok: http://tiktok.com/@taylornation
 Instagram: http://instagram.com/taylornation 
YouTube: https://youtube.com/taylornation 
Twitter: http://twitter.com/taylornation13
 Tumblr: http://taylornation.tumblr.com

#TaylorSwift #TheLifeofaShowgirl #TheFateofOphelia",2025-10-05 23:00:06+00:00,PT3M59S,213712735,2586679,112664,https://i.ytimg.com/vi/ko70cExuzZM/default.jpg,https://i.ytimg.com/vi/ko70cExuzZM/mqdefault.jpg,https://i.ytimg.com/vi/ko70cExuzZM/hqdefault.jpg,2025-10-05 23:00:06+00:00,2025-10-05 23:06:33+00:00,2025-10-05 23:00:00+00:00
7X5iDKPrZH0,Taylor Swift - Elizabeth Taylor (Lyric Video),"“Elizabeth Taylor” by Taylor Swift, from The Life of a Showgirl. 

Stream/download ‘The Life of a Showgirl’: https://taylor.lnk.to/TSTheLifeofaShowgirlYD

►Subscribe to Taylor Swift on YouTube: https://ts.lnk.to/subscribe
►Shop Merch: http://taylorswift.lnk.to/store

►Follow Taylor Swift Online: 
TikTok: http://tiktok.com/@taylorswift 
Instagram: http://instagram.com/taylorswift 
Twitter: http://twitter.com/taylorswift13 
Snapchat: http://snapchat.com/add/taylorswift 
Facebook: http://facebook.com/taylorswift 
Tumblr: http://taylorswift.tumblr.com 
Website: http://www.taylorswift.com 

►Follow Taylor Nation Online 
TikTok: http://tiktok.com/@taylornation
Instagram: http://instagram.com/taylornation 
Twitter: http://twitter.com/taylornation13
Tumblr: http://taylornation.tumblr.com

#TaylorSwift #TheLifeofaShowgirl #ElizabethTaylor",2025-10-05 23:06:06+00:00,PT3M32S,14336693,110690,3243,https://i.ytimg.com/vi/7X5iDKPrZH0/default.jpg,https://i.ytimg.com/vi/7X5iDKPrZH0/mqdefault.jpg,https://i.ytimg.com/vi/7X5iDKPrZH0/hqdefault.jpg,2025-10-05 23:06:06+00:00,2025-10-05 23:11:03+00:00,2025-10-05 23:06:00+00:00
3PJC6uPIekc,Taylor Swift - Opalite (Lyric Video),"“Opalite” by Taylor Swift, from The Life of a Showgirl. 

Stream/download ‘The Life of a Showgirl’: https://taylor.lnk.to/TSTheLifeofaShowgirlYD

►Subscribe to Taylor Swift on YouTube: https://ts.lnk.to/subscribe
►Shop Merch: http://taylorswift.lnk.to/store

►Follow Taylor Swift Online: 
TikTok: http://tiktok.com/@taylorswift 
Instagram: http://instagram.com/taylorswift 
Twitter: http://twitter.com/taylorswift13 
Snapchat: http://snapchat.com/add/taylorswift 
Facebook: http://facebook.com/taylorswift 
Tumblr: http://taylorswift.tumblr.com 
Website: http://www.taylorswift.com 

►Follow Taylor Nation Online 
TikTok: http://tiktok.com/@taylornation
Instagram: http://instagram.com/taylornation 
Twitter: http://twitter.com/taylornation13
Tumblr: http://taylornation.tumblr.com

#TaylorSwift #TheLifeofaShowgirl #Opalite",2025-10-05 23:10:06+00:00,PT3M59S,32408149,217310,5456,https://i.ytimg.com/vi/3PJC6uPIekc/default.jpg,https://i.ytimg.com/vi/3PJC6uPIekc/mqdefault.jpg,https://i.ytimg.com/vi/3PJC6uPIekc/hqdefault.jpg,2025-10-05 23:10:06+00:00,2025-10-05 23:15:32+00:00,2025-10-05 23:10:00+00:00
98SmlWOKuME,Taylor Swift - Father Figure (Lyric Video),"“Father Figure” by Taylor Swift, from The Life of a Showgirl. 

Stream/download ‘The Life of a Showgirl’: https://taylor.lnk.to/TSTheLifeofaShowgirlYD

►Subscribe to Taylor Swift on YouTube: https://ts.lnk.to/subscribe
►Shop Merch: http://taylorswift.lnk.to/store

►Follow Taylor Swift Online: 
TikTok: http://tiktok.com/@taylorswift 
Instagram: http://instagram.com/taylorswift 
Twitter: http://twitter.com/taylorswift13 
Snapchat: http://snapchat.com/add/taylorswift 
Facebook: http://facebook.com/taylorswift 
Tumblr: http://taylorswift.tumblr.com 
Website: http://www.taylorswift.com 

►Follow Taylor Nation Online 
TikTok: http://tiktok.com/@taylornation
Instagram: http://instagram.com/taylornation 
Twitter: http://twitter.com/taylornation13
Tumblr: http://taylornation.tumblr.com

#TaylorSwift #TheLifeofaShowgirl #FatherFigure",2025-10-05 23:15:06+00:00,PT3M36S,13075415,76856,2805,https://i.ytimg.com/vi/98SmlWOKuME/default.jpg,https://i.ytimg.com/vi/98SmlWOKuME/mqdefault.jpg,https://i.ytimg.com/vi/98SmlWOKuME/hqdefault.jpg,2025-10-05 23:15:06+00:00,2025-10-05 23:20:02+00:00,2025-10-05 23:15:00+00:00
HwQnW_ZRKhc,Taylor Swift - Eldest Daughter (Lyric Video),"“Eldest Daughter” by Taylor Swift, from The Life of a Showgirl. 

Stream/download ‘The Life of a Showgirl’: https://taylor.lnk.to/TSTheLifeofaShowgirlYD

►Subscribe to Taylor Swift on YouTube: https://ts.lnk.to/subscribe
►Shop Merch: http://taylorswift.lnk.to/store

►Follow Taylor Swift Online: 
TikTok: http://tiktok.com/@taylorswift 
Instagram: http://instagram.com/taylorswift 
Twitter: http://twitter.com/taylorswift13 
Snapchat: http://snapchat.com/add/taylorswift 
Facebook: http://facebook.com/taylorswift 
Tumblr: http://taylorswift.tumblr.com 
Website: http://www.taylorswift.com 

►Follow Taylor Nation Online 
TikTok: http://tiktok.com/@taylornation
Instagram: http://instagram.com/taylornation 
Twitter: http://twitter.com/taylornation13
Tumblr: http://taylornation.tumblr.com

#TaylorSwift #TheLifeofaShowgirl #EldestDaughter",2025-10-05 23:19:06+00:00,PT4M10S,8139662,77639,2503,https://i.ytimg.com/vi/HwQnW_ZRKhc/default.jpg,https://i.ytimg.com/vi/HwQnW_ZRKhc/mqdefault.jpg,https://i.ytimg.com/vi/HwQnW_ZRKhc/hqdefault.jpg,2025-10-05 23:19:06+00:00,2025-10-05 23:24:33+00:00,2025-10-05 23:19:00+00:00
WQCPl5rTMDQ,Taylor Swift - Ruin The Friendship (Lyric Video),"“Ruin The Friendship” lyric video by Taylor Swift, from The Life of a Showgirl. 

Stream/download ‘The Life of a Showgirl’: https://taylor.lnk.to/TSTheLifeofaShowgirlYD

►Subscribe to Taylor Swift on YouTube: https://ts.lnk.to/subscribe
►Shop Merch: http://taylorswift.lnk.to/store

►Follow Taylor Swift Online: 
TikTok: http://tiktok.com/@taylorswift 
Instagram: http://instagram.com/taylorswift 
Twitter: http://twitter.com/taylorswift13 
Snapchat: http://snapchat.com/add/taylorswift 
Facebook: http://facebook.com/taylorswift 
Tumblr: http://taylorswift.tumblr.com 
Website: http://www.taylorswift.com 

►Follow Taylor Nation Online 
TikTok: http://tiktok.com/@taylornation
Instagram: http://instagram.com/taylornation 
Twitter: http://twitter.com/taylornation13
Tumblr: http://taylornation.tumblr.com

#TaylorSwift #TheLifeofaShowgirl #RuinTheFriendship",2025-10-05 23:24:06+00:00,PT3M45S,7892961,64407,2320,https://i.ytimg.com/vi/WQCPl5rTMDQ/default.jpg,https://i.ytimg.com/vi/WQCPl5rTMDQ/mqdefault.jpg,https://i.ytimg.com/vi/WQCPl5rTMDQ/hqdefault.jpg,2025-10-05 23:24:06+00:00,2025-10-05 23:29:07+00:00,2025-10-05 23:24:00+00:00
FnEg1RgmqO4,Taylor Swift - Actually Romantic (Lyric Video),"“Actually Romantic” by Taylor Swift, from The Life of a Showgirl. 

Stream/download ‘The Life of a Showgirl’: https://taylor.lnk.to/TSTheLifeofaShowgirlYD

►Subscribe to Taylor Swift on YouTube: https://ts.lnk.to/subscribe
►Shop Merch: http://taylorswift.lnk.to/store

►Follow Taylor Swift Online: 
TikTok: http://tiktok.com/@taylorswift 
Instagram: http://instagram.com/taylorswift 
Twitter: http://twitter.com/taylorswift13 
Snapchat: http://snapchat.com/add/taylorswift 
Facebook: http://facebook.com/taylorswift 
Tumblr: http://taylorswift.tumblr.com 
Website: http://www.taylorswift.com 

►Follow Taylor Nation Online 
TikTok: http://tiktok.com/@taylornation
Instagram: http://instagram.com/taylornation 
Twitter: http://twitter.com/taylornation13
Tumblr: http://taylornation.tumblr.com

#TaylorSwift #TheLifeofaShowgirl #ActuallyRomantic",2025-10-05 23:29:06+00:00,PT2M49S,8451747,58485,2991,https://i.ytimg.com/vi/FnEg1RgmqO4/default.jpg,https://i.ytimg.com/vi/FnEg1RgmqO4/mqdefault.jpg,https://i.ytimg.com/vi/FnEg1RgmqO4/hqdefault.jpg,2025-10-05 23:29:06+00:00,2025-10-05 23:32:57+00:00,2025-10-05 23:29:00+00:00
wqgUzLHgNMI,Taylor Swift - Wi$h Li$t (Lyric Video),"“Wi$h Li$t” lyric video by Taylor Swift, from The Life of a Showgirl. 

Stream/download ‘The Life of a Showgirl’: https://taylor.lnk.to/TSTheLifeofaShowgirlYD

►Subscribe to Taylor Swift on YouTube: https://ts.lnk.to/subscribe
►Shop Merch: http://taylorswift.lnk.to/store

►Follow Taylor Swift Online: 
TikTok: http://tiktok.com/@taylorswift 
Instagram: http://instagram.com/taylorswift 
Twitter: http://twitter.com/taylorswift13 
Snapchat: http://snapchat.com/add/taylorswift 
Facebook: http://facebook.com/taylorswift 
Tumblr: http://taylorswift.tumblr.com 
Website: http://www.taylorswift.com 

►Follow Taylor Nation Online:
TikTok: http://tiktok.com/@taylornation
Instagram: http://instagram.com/taylornation 
Twitter: http://twitter.com/taylornation13
Tumblr: http://taylornation.tumblr.com

#TaylorSwift #TheLifeofaShowgirl",2025-10-05 23:33:06+00:00,PT3M32S,10884259,80772,3184,https://i.ytimg.com/vi/wqgUzLHgNMI/default.jpg,https://i.ytimg.com/vi/wqgUzLHgNMI/mqdefault.jpg,https://i.ytimg.com/vi/wqgUzLHgNMI/hqdefault.jpg,2025-10-05 23:33:06+00:00,2025-10-05 23:38:07+00:00,2025-10-05 23:33:00+00:00
6m50keINEOI,Taylor Swift - Wood (Lyric Video),"“Wood” lyric video by Taylor Swift, from The Life of a Showgirl. 

Stream/download ‘The Life of a Showgirl’: https://taylor.lnk.to/TSTheLifeofaShowgirlYD

►Subscribe to Taylor Swift on YouTube: https://ts.lnk.to/subscribe
►Shop Merch: http://taylorswift.lnk.to/store

►Follow Taylor Swift Online: 
TikTok: http://tiktok.com/@taylorswift 
Instagram: http://instagram.com/taylorswift 
Twitter: http://twitter.com/taylorswift13 
Snapchat: http://snapchat.com/add/taylorswift 
Facebook: http://facebook.com/taylorswift 
Tumblr: http://taylorswift.tumblr.com 
Website: http://www.taylorswift.com 

►Follow Taylor Nation Online 
TikTok: http://tiktok.com/@taylornation
Instagram: http://instagram.com/taylornation 
Twitter: http://twitter.com/taylornation13
Tumblr: http://taylornation.tumblr.com

#TaylorSwift #TheLifeofaShowgirl #Wood",2025-10-05 23:37:06+00:00,PT2M35S,10651434,68068,3906,https://i.ytimg.com/vi/6m50keINEOI/default.jpg,https://i.ytimg.com/vi/6m50keINEOI/mqdefault.jpg,https://i.ytimg.com/vi/6m50keINEOI/hqdefault.jpg,2025-10-05 23:37:06+00:00,2025-10-05 23:41:07+00:00,2025-10-05 23:37:00+00:00
F-5XoUZ42Tc,Taylor Swift - CANCELLED! (Lyric Video),"“CANCELLED!” lyric video by Taylor Swift, from The Life of a Showgirl. 

Stream/download ‘The Life of a Showgirl’: https://taylor.lnk.to/TSTheLifeofaShowgirlYD

►Subscribe to Taylor Swift on YouTube: https://ts.lnk.to/subscribe
►Shop Merch: http://taylorswift.lnk.to/store

►Follow Taylor Swift Online: 
TikTok: http://tiktok.com/@taylorswift 
Instagram: http://instagram.com/taylorswift 
Twitter: http://twitter.com/taylorswift13 
Snapchat: http://snapchat.com/add/taylorswift 
Facebook: http://facebook.com/taylorswift 
Tumblr: http://taylorswift.tumblr.com 
Website: http://www.taylorswift.com 

►Follow Taylor Nation Online 
TikTok: http://tiktok.com/@taylornation
Instagram: http://instagram.com/taylornation 
Twitter: http://twitter.com/taylornation13
Tumblr: http://taylornation.tumblr.com

#TaylorSwift #TheLifeofaShowgirl",2025-10-05 23:40:06+00:00,PT3M36S,8808393,72209,4008,https://i.ytimg.com/vi/F-5XoUZ42Tc/default.jpg,https://i.ytimg.com/vi/F-5XoUZ42Tc/mqdefault.jpg,https://i.ytimg.com/vi/F-5XoUZ42Tc/hqdefault.jpg,2025-10-05 23:40:06+00:00,2025-10-05 23:45:02+00:00,2025-10-05 23:40:00+00:00
4-EzK5UB40U,Taylor Swift - Honey (Lyric Video),"“Honey” lyric video by Taylor Swift, from The Life of a Showgirl. 

Stream/download ‘The Life of a Showgirl’: https://taylor.lnk.to/TSTheLifeofaShowgirlYD

►Subscribe to Taylor Swift on YouTube: https://ts.lnk.to/subscribe
►Shop Merch: http://taylorswift.lnk.to/store

►Follow Taylor Swift Online: 
TikTok: http://tiktok.com/@taylorswift 
Instagram: http://instagram.com/taylorswift 
Twitter: http://twitter.com/taylorswift13 
Snapchat: http://snapchat.com/add/taylorswift 
Facebook: http://facebook.com/taylorswift 
Tumblr: http://taylorswift.tumblr.com 
Website: http://www.taylorswift.com 

►Follow Taylor Nation Online 
TikTok: http://tiktok.com/@taylornation
Instagram: http://instagram.com/taylornation 
Twitter: http://twitter.com/taylornation13
Tumblr: http://taylornation.tumblr.com

#TaylorSwift #TheLifeofaShowgirl #Honey",2025-10-05 23:44:06+00:00,PT3M6S,6199868,50013,1929,https://i.ytimg.com/vi/4-EzK5UB40U/default.jpg,https://i.ytimg.com/vi/4-EzK5UB40U/mqdefault.jpg,https://i.ytimg.com/vi/4-EzK5UB40U/hqdefault.jpg,2025-10-05 23:44:06+00:00,2025-10-05 23:48:38+00:00,2025-10-05 23:44:00+00:00
OU6362Nggg0,Taylor Swift - The Life of a Showgirl (Feat. Sabrina Carpenter) (Lyric Video),"“The Life of a Showgirl (Feat. Sabrina Carpenter)” by Taylor Swift, from The Life of a Showgirl. 

Stream/download ‘The Life of a Showgirl’: https://taylor.lnk.to/TSTheLifeofaShowgirlYD

►Subscribe to Taylor Swift on YouTube: https://ts.lnk.to/subscribe
►Shop Merch: http://taylorswift.lnk.to/store

►Follow Taylor Swift Online: 
TikTok: http://tiktok.com/@taylorswift 
Instagram: http://instagram.com/taylorswift 
Twitter: http://twitter.com/taylorswift13 
Snapchat: http://snapchat.com/add/taylorswift 
Facebook: http://facebook.com/taylorswift 
Tumblr: http://taylorswift.tumblr.com 
Website: http://www.taylorswift.com 

►Follow Taylor Nation Online 
TikTok: http://tiktok.com/@taylornation
Instagram: http://instagram.com/taylornation 
Twitter: http://twitter.com/taylornation13
Tumblr: http://taylornation.tumblr.com

#TaylorSwift #SabrinaCarpenter #TheLifeofaShowgirl",2025-10-05 23:48:06+00:00,PT4M6S,11219219,109364,3796,https://i.ytimg.com/vi/OU6362Nggg0/default.jpg,https://i.ytimg.com/vi/OU6362Nggg0/mqdefault.jpg,https://i.ytimg.com/vi/OU6362Nggg0/hqdefault.jpg,2025-10-05 23:48:06+00:00,2025-10-05 23:53:22+00:00,2025-10-05 23:48:00+00:00
svcboYY81wU,Taylor Swift - The Fate of Ophelia (Visualizer),"“The Fate of Ophelia” by Taylor Swift, from 'The Life of a Showgirl'. 

Stream/download ‘The Life of a Showgirl’: https://taylor.lnk.to/TSTheLifeofaShowgirlYD

►Subscribe to Taylor Swift on YouTube: https://ts.lnk.to/subscribe
►Shop Merch: http://taylorswift.lnk.to/store 

►Follow Taylor Swift Online: 
TikTok: http://tiktok.com/@taylorswift 
Instagram: http://instagram.com/taylorswift 
Twitter: http://twitter.com/taylorswift13 
Snapchat: http://snapchat.com/add/taylorswift 
Facebook: http://facebook.com/taylorswift 
Tumblr: http://taylorswift.tumblr.com 
Website: http://www.taylorswift.com 

►Follow Taylor Nation Online:
TikTok: http://tiktok.com/@taylornation
Instagram: http://instagram.com/taylornation 
Twitter: http://twitter.com/taylornation13
Tumblr: http://taylornation.tumblr.com

#TaylorSwift #TheLifeofaShowgirl #TheFateofOphelia",2025-10-03 04:01:14+00:00,PT3M50S,15062807,246487,11216,https://i.ytimg.com/vi/svcboYY81wU/default.jpg,https://i.ytimg.com/vi/svcboYY81wU/mqdefault.jpg,https://i.ytimg.com/vi/svcboYY81wU/hqdefault.jpg,,,
4Mg_Qtr6Osg,Taylor Swift - Elizabeth Taylor (Visualizer),"“Elizabeth Taylor” by Taylor Swift, from ‘The Life of a Showgirl’.

Stream/download ‘The Life of a Showgirl’: https://taylor.lnk.to/TSTheLifeofaShowgirlYD

►Subscribe to Taylor Swift on YouTube: https://ts.lnk.to/subscribe
►Shop Merch: http://taylorswift.lnk.to/store

►Follow Taylor Swift Online:
TikTok: http://tiktok.com/@taylorswift 
Instagram: http://instagram.com/taylorswift 
Twitter: http://twitter.com/taylorswift13 
Snapchat: http://snapchat.com/add/taylorswift 
Facebook: http://facebook.com/taylorswift 
Tumblr: http://taylorswift.tumblr.com 
Website: http://www.taylorswift.com 

►Follow Taylor Nation Online:
TikTok: http://tiktok.com/@taylornation
Instagram: http://instagram.com/taylornation 
Twitter: http://twitter.com/taylornation13
Tumblr: http://taylornation.tumblr.com

#TaylorSwift #TheLifeofaShowgirl #ElizabethTaylor",2025-10-03 04:00:06+00:00,PT3M32S,9125833,127482,5778,https://i.ytimg.com/vi/4Mg_Qtr6Osg/default.jpg,https://i.ytimg.com/vi/4Mg_Qtr6Osg/mqdefault.jpg,https://i.ytimg.com/vi/4Mg_Qtr6Osg/hqdefault.jpg,,,
4FUIEcnvT04,Taylor Swift - Opalite (Visualizer),"“Opalite” by Taylor Swift, from 'The Life of a Showgirl'. 

Stream/download ‘The Life of a Showgirl’: https://taylor.lnk.to/TSTheLifeofaShowgirlYD

►Subscribe to Taylor Swift on YouTube: https://ts.lnk.to/subscribe
►Shop Merch: http://taylorswift.lnk.to/store

►Follow Taylor Swift Online: 
TikTok: http://tiktok.com/@taylorswift 
Instagram: http://instagram.com/taylorswift 
Twitter: http://twitter.com/taylorswift13 
Snapchat: http://snapchat.com/add/taylorswift 
Facebook: http://facebook.com/taylorswift 
Tumblr: http://taylorswift.tumblr.com 
Website: http://www.taylorswift.com 

►Follow Taylor Nation Online 
TikTok: http://tiktok.com/@taylornation
Instagram: http://instagram.com/taylornation 
Twitter: http://twitter.com/taylornation13
Tumblr: http://taylornation.tumblr.com

#TaylorSwift #TheLifeofaShowgirl #Opalite",2025-10-03 04:00:06+00:00,PT3M59S,22614254,201387,8652,https://i.ytimg.com/vi/4FUIEcnvT04/default.jpg,https://i.ytimg.com/vi/4FUIEcnvT04/mqdefault.jpg,https://i.ytimg.com/vi/4FUIEcnvT04/hqdefault.jpg,,,
b3hW8c9mmLQ,Taylor Swift - Father Figure (Visualizer),"“Father Figure” by Taylor Swift, from 'The Life of a Showgirl'. 

Stream/download ‘The Life of a Showgirl’: https://taylor.lnk.to/TSTheLifeofaShowgirlYD

►Subscribe to Taylor Swift on YouTube: https://ts.lnk.to/subscribe
►Shop Merch: http://taylorswift.lnk.to/store

►Follow Taylor Swift Online: 
TikTok: http://tiktok.com/@taylorswift 
Instagram: http://instagram.com/taylorswift 
Twitter: http://twitter.com/taylorswift13 
Snapchat: http://snapchat.com/add/taylorswift 
Facebook: http://facebook.com/taylorswift 
Tumblr: http://taylorswift.tumblr.com 
Website: http://www.taylorswift.com 

►Follow Taylor Nation Online 
TikTok: http://tiktok.com/@taylornation
Instagram: http://instagram.com/taylornation 
Twitter: http://twitter.com/taylornation13
Tumblr: http://taylornation.tumblr.com

#TaylorSwift #TheLifeofaShowgirl #FatherFigure",2025-10-03 04:17:26+00:00,PT3M38S,7792177,102000,5509,https://i.ytimg.com/vi/b3hW8c9mmLQ/default.jpg,https://i.ytimg.com/vi/b3hW8c9mmLQ/mqdefault.jpg,https://i.ytimg.com/vi/b3hW8c9mmLQ/hqdefault.jpg,,,
rc6NKSVv2fw,Taylor Swift - Eldest Daughter (Visualizer),"Eldest Daughter by Taylor Swift, from 'The Life of a Showgirl'. 

Stream/download ‘The Life of a Showgirl’: https://taylor.lnk.to/TSTheLifeofaShowgirlYD

►Subscribe to Taylor Swift on YouTube: https://ts.lnk.to/subscribe
►Shop Merch: http://taylorswift.lnk.to/store

►Follow Taylor Swift Online: 
TikTok: http://tiktok.com/@taylorswift 
Instagram: http://instagram.com/taylorswift 
Twitter: http://twitter.com/taylorswift13 
Snapchat: http://snapchat.com/add/taylorswift 
Facebook: http://facebook.com/taylorswift 
Tumblr: http://taylorswift.tumblr.com 
Website: http://www.taylorswift.com 

►Follow Taylor Nation Online 
TikTok: http://tiktok.com/@taylornation
Instagram: http://instagram.com/taylornation 
Twitter: http://twitter.com/taylornation13
Tumblr: http://taylornation.tumblr.com

#TaylorSwift #TheLifeofaShowgirl #EldestDaughter",2025-10-03 04:01:08+00:00,PT4M11S,5710712,113668,4844,https://i.ytimg.com/vi/rc6NKSVv2fw/default.jpg,https://i.ytimg.com/vi/rc6NKSVv2fw/mqdefault.jpg,https://i.ytimg.com/vi/rc6NKSVv2fw/hqdefault.jpg,,,
RId6LV1wtQY,Taylor Swift - Ruin the Friendship (Visualizer),"“Ruin the Friendship” by Taylor Swift, from 'The Life of a Showgirl'. 

Stream/download ‘The Life of a Showgirl’: https://taylor.lnk.to/TSTheLifeofaShowgirl

►Subscribe to Taylor Swift on YouTube: https://ts.lnk.to/subscribe
►Shop Merch: http://taylorswift.lnk.to/store 
►Follow Taylor Swift Online: 
TikTok: http://tiktok.com/@taylorswift 
Instagram: http://instagram.com/taylorswift 
Twitter: http://twitter.com/taylorswift13 
Snapchat: http://snapchat.com/add/taylorswift 
Facebook: http://facebook.com/taylorswift 
Tumblr: http://taylorswift.tumblr.com 
Website: http://www.taylorswift.com 

►Follow Taylor Nation Online 
TikTok: http://tiktok.com/@taylornation
Instagram: http://instagram.com/taylornation 
Twitter: http://twitter.com/taylornation13
Tumblr: http://taylornation.tumblr.com

#TaylorSwift #TheLifeofaShowgirl",2025-10-03 04:00:37+00:00,PT3M45S,4981564,88018,3507,https://i.ytimg.com/vi/RId6LV1wtQY/default.jpg,https://i.ytimg.com/vi/RId6LV1wtQY/mqdefault.jpg,https://i.ytimg.com/vi/RId6LV1wtQY/hqdefault.jpg,,,
ShsfUTynzQU,Taylor Swift - Actually Romantic (Visualizer),"“Actually Romantic” by Taylor Swift, from 'The Life of a Showgirl'. 

Stream/download ‘The Life of a Showgirl’: https://taylor.lnk.to/TSTheLifeofaShowgirlYD

►Subscribe to Taylor Swift on YouTube: https://ts.lnk.to/subscribe
►Shop Merch: http://taylorswift.lnk.to/store

►Follow Taylor Swift Online: 
TikTok: http://tiktok.com/@taylorswift 
Instagram: http://instagram.com/taylorswift 
Twitter: http://twitter.com/taylorswift13 
Snapchat: http://snapchat.com/add/taylorswift 
Facebook: http://facebook.com/taylorswift 
Tumblr: http://taylorswift.tumblr.com 
Website: http://www.taylorswift.com 

►Follow Taylor Nation Online:
TikTok: http://tiktok.com/@taylornation
Instagram: http://instagram.com/taylornation 
Twitter: http://twitter.com/taylornation13
Tumblr: http://taylornation.tumblr.com

#TaylorSwift #TheLifeofaShowgirl #ActuallyRomantic",2025-10-03 04:00:37+00:00,PT2M48S,7235428,109695,8198,https://i.ytimg.com/vi/ShsfUTynzQU/default.jpg,https://i.ytimg.com/vi/ShsfUTynzQU/mqdefault.jpg,https://i.ytimg.com/vi/ShsfUTynzQU/hqdefault.jpg,,,
erilCNjng-g,Taylor Swift - Wood (Visualizer),"“Wood” by Taylor Swift, from 'The Life of a Showgirl'. 

Stream/download ‘The Life of a Showgirl’: https://taylor.lnk.to/TSTheLifeofaShowgirlYD

►Subscribe to Taylor Swift on YouTube: https://ts.lnk.to/subscribe
►Shop Merch: http://taylorswift.lnk.to/store

►Follow Taylor Swift Online: 
TikTok: http://tiktok.com/@taylorswift 
Instagram: http://instagram.com/taylorswift 
Twitter: http://twitter.com/taylorswift13 
Snapchat: http://snapchat.com/add/taylorswift 
Facebook: http://facebook.com/taylorswift 
Tumblr: http://taylorswift.tumblr.com 
Website: http://www.taylorswift.com 

►Follow Taylor Nation Online 
TikTok: http://tiktok.com/@taylornation
Instagram: http://instagram.com/taylornation 
Twitter: http://twitter.com/taylornation13
Tumblr: http://taylornation.tumblr.com

#TaylorSwift #TheLifeofaShowgirl #Wood",2025-10-03 04:00:47+00:00,PT2M35S,5097523,85571,4637,https://i.ytimg.com/vi/erilCNjng-g/default.jpg,https://i.ytimg.com/vi/erilCNjng-g/mqdefault.jpg,https://i.ytimg.com/vi/erilCNjng-g/hqdefault.jpg,,,
mC54kTYa9oI,Taylor Swift - Wi$h Li$t (Visualizer),"“Wi$h Li$t” by Taylor Swift, from 'The Life of a Showgirl'. 

Stream/download ‘The Life of a Showgirl’: https://taylor.lnk.to/TSTheLifeofaShowgirlYD

►Subscribe to Taylor Swift on YouTube: https://ts.lnk.to/subscribe
►Shop Merch: http://taylorswift.lnk.to/store

►Follow Taylor Swift Online: 
TikTok: http://tiktok.com/@taylorswift 
Instagram: http://instagram.com/taylorswift 
Twitter: http://twitter.com/taylorswift13 
Snapchat: http://snapchat.com/add/taylorswift 
Facebook: http://facebook.com/taylorswift 
Tumblr: http://taylorswift.tumblr.com 
Website: http://www.taylorswift.com 

►Follow Taylor Nation Online:
TikTok: http://tiktok.com/@taylornation
Instagram: http://instagram.com/taylornation 
Twitter: http://twitter.com/taylornation13
Tumblr: http://taylornation.tumblr.com

#TaylorSwift #TheLifeofaShowgirl #Wi$hLi$t",2025-10-03 04:01:05+00:00,PT3M32S,8053333,111632,5959,https://i.ytimg.com/vi/mC54kTYa9oI/default.jpg,https://i.ytimg.com/vi/mC54kTYa9oI/mqdefault.jpg,https://i.ytimg.com/vi/mC54kTYa9oI/hqdefault.jpg,,,
Ij6SgmK8KGQ,Taylor Swift - CANCELLED! (Visualizer),"“CANCELLED!” by Taylor Swift, from 'The Life of a Showgirl'. 

Stream/download ‘The Life of a Showgirl’: https://taylor.lnk.to/TSTheLifeofaShowgirlYD

►Subscribe to Taylor Swift on YouTube: https://ts.lnk.to/subscribe
►Shop Merch: http://taylorswift.lnk.to/store

►Follow Taylor Swift Online: 
TikTok: http://tiktok.com/@taylorswift 
Instagram: http://instagram.com/taylorswift 
Twitter: http://twitter.com/taylorswift13 
Snapchat: http://snapchat.com/add/taylorswift 
Facebook: http://facebook.com/taylorswift 
Tumblr: http://taylorswift.tumblr.com 
Website: http://www.taylorswift.com 

►Follow Taylor Nation Online:
TikTok: http://tiktok.com/@taylornation
Instagram: http://instagram.com/taylornation 
Twitter: http://twitter.com/taylornation13
Tumblr: http://taylornation.tumblr.com

#TaylorSwift #TheLifeofaShowgirl #CANCELLED!",2025-10-03 04:00:24+00:00,PT3M36S,6939263,108267,6319,https://i.ytimg.com/vi/Ij6SgmK8KGQ/default.jpg,https://i.ytimg.com/vi/Ij6SgmK8KGQ/mqdefault.jpg,https://i.ytimg.com/vi/Ij6SgmK8KGQ/hqdefault.jpg,,,
9Sx8MWI8qTU,Taylor Swift - Honey (Visualizer),"“Honey” by Taylor Swift, from 'The Life of a Showgirl'. 

Stream/download ‘The Life of a Showgirl’: https://taylor.lnk.to/TSTheLifeofaShowgirl

►Subscribe to Taylor Swift on YouTube: https://ts.lnk.to/subscribe
►Shop Merch: http://taylorswift.lnk.to/store 
►Follow Taylor Swift Online: 
TikTok: http://tiktok.com/@taylorswift 
Instagram: http://instagram.com/taylorswift 
Twitter: http://twitter.com/taylorswift13 
Snapchat: http://snapchat.com/add/taylorswift 
Facebook: http://facebook.com/taylorswift 
Tumblr: http://taylorswift.tumblr.com 
Website: http://www.taylorswift.com 

►Follow Taylor Nation Online:
TikTok: http://tiktok.com/@taylornation
Instagram: http://instagram.com/taylornation 
Twitter: http://twitter.com/taylornation13
Tumblr: http://taylornation.tumblr.com

#TaylorSwift #TheLifeofaShowgirl",2025-10-03 04:00:11+00:00,PT3M6S,4770101,88424,3961,https://i.ytimg.com/vi/9Sx8MWI8qTU/default.jpg,https://i.ytimg.com/vi/9Sx8MWI8qTU/mqdefault.jpg,https://i.ytimg.com/vi/9Sx8MWI8qTU/hqdefault.jpg,,,
slUhVTAznMo,Taylor Swift - The Life of a Showgirl (feat. Sabrina Carpenter) (Visualizer),"“The Life of a Showgirl (feat. Sabrina Carpenter)” by Taylor Swift, from 'The Life of a Showgirl'. 

Stream/download ‘The Life of a Showgirl’: https://taylor.lnk.to/TSTheLifeofaShowgirl

►Subscribe to Taylor Swift on YouTube: https://ts.lnk.to/subscribe
►Shop Merch: http://taylorswift.lnk.to/store 
►Follow Taylor Swift Online: 
TikTok: http://tiktok.com/@taylorswift 
Instagram: http://instagram.com/taylorswift 
Twitter: http://twitter.com/taylorswift13 
Snapchat: http://snapchat.com/add/taylorswift 
Facebook: http://facebook.com/taylorswift 
Tumblr: http://taylorswift.tumblr.com 
Website: http://www.taylorswift.com 

►Follow Taylor Nation Online:
TikTok: http://tiktok.com/@taylornation
Instagram: http://instagram.com/taylornation 
Twitter: http://twitter.com/taylornation13
Tumblr: http://taylornation.tumblr.com

#TaylorSwift #TheLifeofaShowgirl",2025-10-03 04:01:10+00:00,PT4M6S,12148169,234131,10924,https://i.ytimg.com/vi/slUhVTAznMo/default.jpg,https://i.ytimg.com/vi/slUhVTAznMo/mqdefault.jpg,https://i.ytimg.com/vi/slUhVTAznMo/hqdefault.jpg,,,
AgFeZr5ptV8,Taylor Swift - 22,"Music video by Taylor Swift performing 22.

❤️‍🔥Stream/download ‘The Life of a Showgirl’: https://taylor.lnk.to/TSTheLifeofaShowgirlYD

►Subscribe to Taylor Swift on YouTube: https://ts.lnk.to/subscribe
►Shop Merch: http://taylorswift.lnk.to/store

►Follow Taylor Swift Online: 
TikTok: http://tiktok.com/@taylorswift 
Instagram: http://instagram.com/taylorswift 
Twitter: http://twitter.com/taylorswift13 
Snapchat: http://snapchat.com/add/taylorswift 
Facebook: http://facebook.com/taylorswift 
Tumblr: http://taylorswift.tumblr.com 
Website: http://www.taylorswift.com 

►Follow Taylor Nation Online:
TikTok: http://tiktok.com/@taylornation
Instagram: http://instagram.com/taylornation 
Twitter: http://twitter.com/taylornation13
Tumblr: http://taylornation.tumblr.com

#taylorswift #22

(C) 2013 Taylor Swift.",2013-03-13 15:25:06+00:00,PT4M3S,718108987,3537879,294054,https://i.ytimg.com/vi/AgFeZr5ptV8/default.jpg,https://i.ytimg.com/vi/AgFeZr5ptV8/mqdefault.jpg,https://i.ytimg.com/vi/AgFeZr5ptV8/hqdefault.jpg,,,
tpgHy433_qE,All You Had To Do Was Stay,"Provided to YouTube by Universal Music Group

All You Had To Do Was Stay · Taylor Swift

1989

℗ 2014 Taylor Swift

Released on: 2014-10-27

Producer: Shellback
Producer: Mattman & Robin
Producer, Composer Lyricist: Max Martin
Composer Lyricist: Taylor Swift

Auto-generated by YouTube.",2018-08-15 21:29:05+00:00,PT3M14S,2579833,20245,181,https://i.ytimg.com/vi/tpgHy433_qE/default.jpg,https://i.ytimg.com/vi/tpgHy433_qE/mqdefault.jpg,https://i.ytimg.com/vi/tpgHy433_qE/hqdefault.jpg,,,
QcIy9NiNbmo,Taylor Swift - Bad Blood ft. Kendrick Lamar,"►Exclusive Merch: https://store.taylorswift.com
 
►Follow Taylor Swift Online
Instagram: http://www.instagram.com/taylorswift
Facebook: http://www.facebook.com/taylorswift
Tumblr: http://taylorswift.tumblr.com
Twitter: http://www.twitter.com/taylorswift13
Website: http://www.taylorswift.com
 
►Follow Taylor Nation Online
Instagram: http://www.instagram.com/taylornation
Tumblr: http://taylornation.tumblr.com
Twitter: http://www.twitter.com/taylornation13",2015-05-18 04:00:00+00:00,PT4M5S,1675535716,10342922,475380,https://i.ytimg.com/vi/QcIy9NiNbmo/default.jpg,https://i.ytimg.com/vi/QcIy9NiNbmo/mqdefault.jpg,https://i.ytimg.com/vi/QcIy9NiNbmo/hqdefault.jpg,,,
e-ORhEE9VVg,Taylor Swift - Blank Space,"Music video by Taylor Swift performing Blank Space. (C) 2014 Taylor Swift.

Stream/download ‘The Life of a Showgirl’ - https://taylor.lnk.to/TSTheLifeofaShowgirlYD

►Shop Merch: http://taylor.lnk.to/store
►Subscribe to Taylor Swift on YouTube: https://ts.lnk.to/subscribe

►Follow Taylor Swift Online:
TikTok: http://tiktok.com/@taylorswift
Instagram: http://instagram.com/taylorswift
Twitter: http://twitter.com/taylorswift13
Snapchat: http://snapchat.com/add/taylorswift
Facebook: http://facebook.com/taylorswift
Tumblr: http://taylorswift.tumblr.com
Website: http://www.taylorswift.com

►Follow Taylor Nation Online:
TikTok: http://tiktok.com/@taylornation
Instagram: http://instagram.com/taylornation
YouTube: https://youtube.com/taylornation
Twitter: http://twitter.com/taylornation13
Tumblr: http://taylornation.tumblr.com

#TaylorSwift #BlankSpace",2014-11-10 17:05:44+00:00,PT4M33S,3743003296,16431142,687401,https://i.ytimg.com/vi/e-ORhEE9VVg/default.jpg,https://i.ytimg.com/vi/e-ORhEE9VVg/mqdefault.jpg,https://i.ytimg.com/vi/e-ORhEE9VVg/hqdefault.jpg,,,
erGyUphZSt8,Dancing With Our Hands Tied,"Provided to YouTube by Universal Music Group

Dancing With Our Hands Tied · Taylor Swift

reputation

℗ 2017 Taylor Swift

Released on: 2017-11-10

Producer, Composer Lyricist: Max Martin
Composer Lyricist, Producer: Shellback
Composer Lyricist: Taylor Swift
Composer Lyricist: Oscar Holter

Auto-generated by YouTube.",2018-08-15 22:13:48+00:00,PT3M32S,21414042,149797,2155,https://i.ytimg.com/vi/erGyUphZSt8/default.jpg,https://i.ytimg.com/vi/erGyUphZSt8/mqdefault.jpg,https://i.ytimg.com/vi/erGyUphZSt8/hqdefault.jpg,,,
tCXGJQYZ9JA,Taylor Swift - Delicate,"►Exclusive Merch: https://store.taylorswift.com
 
►Follow Taylor Swift Online
Instagram: http://www.instagram.com/taylorswift
Facebook: http://www.facebook.com/taylorswift
Tumblr: http://taylorswift.tumblr.com
Twitter: http://www.twitter.com/taylorswift13
Website: http://www.taylorswift.com
 
►Follow Taylor Nation Online
Instagram: http://www.instagram.com/taylornation
Tumblr: http://taylornation.tumblr.com
Twitter: http://www.twitter.com/taylornation13",2018-03-12 01:15:10+00:00,PT3M55S,592415795,4683653,212050,https://i.ytimg.com/vi/tCXGJQYZ9JA/default.jpg,https://i.ytimg.com/vi/tCXGJQYZ9JA/mqdefault.jpg,https://i.ytimg.com/vi/tCXGJQYZ9JA/hqdefault.jpg,,,
kRJKB291Z1g,Don’t Blame Me,"Provided to YouTube by Universal Music Group

Don’t Blame Me · Taylor Swift

reputation

℗ 2017 Taylor Swift

Released on: 2017-11-10

Producer, Composer Lyricist: Max Martin
Composer Lyricist, Producer: Shellback
Composer Lyricist: Taylor Swift

Auto-generated by YouTube.",2018-08-15 22:13:23+00:00,PT3M57S,221768954,1647990,10889,https://i.ytimg.com/vi/kRJKB291Z1g/default.jpg,https://i.ytimg.com/vi/kRJKB291Z1g/mqdefault.jpg,https://i.ytimg.com/vi/kRJKB291Z1g/hqdefault.jpg,,,
dfnCAmr569k,"Taylor Swift - End Game ft. Ed Sheeran, Future","Watch the official music video for ""End Game"" by Taylor Swift ft. Ed Sheeran, Future.

►Exclusive Merch: https://store.taylorswift.com
 
►Follow Taylor Swift Online
Instagram: http://www.instagram.com/taylorswift
Facebook: http://www.facebook.com/taylorswift
Tumblr: http://taylorswift.tumblr.com
Twitter: http://www.twitter.com/taylorswift13
Website: http://www.taylorswift.com
 
►Follow Taylor Nation Online
Instagram: http://www.instagram.com/taylornation
Tumblr: http://taylornation.tumblr.com
Twitter: http://www.twitter.com/taylornation13",2018-01-12 05:00:01+00:00,PT4M12S,313387668,3464822,179066,https://i.ytimg.com/vi/dfnCAmr569k/default.jpg,https://i.ytimg.com/vi/dfnCAmr569k/mqdefault.jpg,https://i.ytimg.com/vi/dfnCAmr569k/hqdefault.jpg,,,
EUoe7cf0HYw,Taylor Swift - Gorgeous (Lyric Video),"►Exclusive Merch: https://store.taylorswift.com
 
►Follow Taylor Swift Online
Instagram: http://www.instagram.com/taylorswift
Facebook: http://www.facebook.com/taylorswift
Tumblr: http://taylorswift.tumblr.com
Twitter: http://www.twitter.com/taylorswift13
Website: http://www.taylorswift.com
 
►Follow Taylor Nation Online
Instagram: http://www.instagram.com/taylornation
Tumblr: http://taylornation.tumblr.com
Twitter: http://www.twitter.com/taylornation13",2017-10-20 04:01:22+00:00,PT3M32S,183489581,1599377,75059,https://i.ytimg.com/vi/EUoe7cf0HYw/default.jpg,https://i.ytimg.com/vi/EUoe7cf0HYw/mqdefault.jpg,https://i.ytimg.com/vi/EUoe7cf0HYw/hqdefault.jpg,,,
jHUppzUVt8k,How You Get The Girl,"Provided to YouTube by Universal Music Group

How You Get The Girl · Taylor Swift

1989

℗ 2014 Taylor Swift

Released on: 2014-10-27

Producer, Composer Lyricist: Shellback
Producer, Composer Lyricist: Max Martin
Composer Lyricist: Taylor Swift

Auto-generated by YouTube.",2018-08-15 21:30:03+00:00,PT4M8S,2141554,16906,152,https://i.ytimg.com/vi/jHUppzUVt8k/default.jpg,https://i.ytimg.com/vi/jHUppzUVt8k/mqdefault.jpg,https://i.ytimg.com/vi/jHUppzUVt8k/hqdefault.jpg,,,
xYLxUJ9v6KU,I Did Something Bad,"Provided to YouTube by Universal Music Group

I Did Something Bad · Taylor Swift

reputation

℗ 2017 Taylor Swift

Released on: 2017-11-10

Composer Lyricist, Producer: Max Martin
Producer, Composer Lyricist: Shellback
Composer Lyricist: Taylor Swift

Auto-generated by YouTube.",2018-08-15 22:12:45+00:00,PT3M59S,57553662,407943,4936,https://i.ytimg.com/vi/xYLxUJ9v6KU/default.jpg,https://i.ytimg.com/vi/xYLxUJ9v6KU/mqdefault.jpg,https://i.ytimg.com/vi/xYLxUJ9v6KU/hqdefault.jpg,,,
vNoKguSdy4Y,Taylor Swift - I Knew You Were Trouble,"Music video by Taylor Swift performing I Knew You Were Trouble. © 2012 Taylor Swift.
 
►Exclusive Merch: https://store.taylorswift.com
 
►Follow Taylor Swift Online
Instagram: http://www.instagram.com/taylorswift
Facebook: http://www.facebook.com/taylorswift
Tumblr: http://taylorswift.tumblr.com
Twitter: http://www.twitter.com/taylorswift13
Website: http://www.taylorswift.com
 
►Follow Taylor Nation Online
Instagram: http://www.instagram.com/taylornation
Tumblr: http://taylornation.tumblr.com
Twitter: http://www.twitter.com/taylornation13",2012-12-14 22:15:07+00:00,PT5M58S,538265683,3856235,273435,https://i.ytimg.com/vi/vNoKguSdy4Y/default.jpg,https://i.ytimg.com/vi/vNoKguSdy4Y/mqdefault.jpg,https://i.ytimg.com/vi/vNoKguSdy4Y/hqdefault.jpg,,,
5U7bF68xcRg,King Of My Heart,"Provided to YouTube by Universal Music Group

King Of My Heart · Taylor Swift

reputation

℗ 2017 Taylor Swift

Released on: 2017-11-10

Producer, Composer Lyricist: Max Martin
Composer Lyricist, Producer: Shellback
Composer Lyricist: Taylor Swift

Auto-generated by YouTube.",2018-08-15 22:12:48+00:00,PT3M35S,35023130,209018,1939,https://i.ytimg.com/vi/5U7bF68xcRg/default.jpg,https://i.ytimg.com/vi/5U7bF68xcRg/mqdefault.jpg,https://i.ytimg.com/vi/5U7bF68xcRg/hqdefault.jpg,,,
cVaG6adE2mA,Taylor Swift - Message In A Bottle (Taylor's Version) (From The Vault) (Lyric Video),"Official lyric video by Taylor Swift performing “Message In A Bottle (Taylor’s Version)” – off her Red (Taylor’s Version) album. Listen to the album here: https://taylor.lnk.to/redtaylorsversion

►Subscribe to Taylor Swift on YouTube: https://ts.lnk.to/subscribe 
 
►Exclusive Merch: http://taylorswift.lnk.to/store

►Follow Taylor Swift online:
Instagram: http://instagram.com/taylorswift  
Facebook: http://facebook.com/taylorswift  
Tumblr: http://taylorswift.tumblr.com  
Twitter: http://twitter.com/taylorswift13  
Snapchat: http://snapchat.com/add/taylorswift
Website: http://www.taylorswift.com  

►Follow Taylor Nation Online
Instagram: http://instagram.com/taylornation  
Tumblr: http://taylornation.tumblr.com  
Twitter: http://twitter.com/taylornation13 

Lyrics:

I know that you like me
And it’s kinda frightening
Standing here waiting, waiting
And I became hypnotized by freckles and bright eyes
Tongue tied
But now you’re so far away
And I’m down  
Feeling like a face in the crowd
I’m reaching for you 
Terrified

CHORUS
Cause you could be the one that I love
I could be the one that you dream of
A message in a bottle is all I can do
Standing here hoping it gets to you
You could be the one that I keep and
I could be the reason you can’t sleep at night
A message in a bottle is all I can do
Standing here hoping it gets to you

These days I’m restless
Workdays are endless 
Look how you made me, made me
But time moves faster
Replaying your laughter
Disaster

Cause now you’re so far away
And I’m down
Feeling like a face in the crowd
I’m reaching for you terrified

REPEAT CHORUS

How is it in London?
Where were you while I’m wonderin’
If I’ll ever see you again?

You could be the one that I love
And now I’m standing here hoping it gets to you

REPEAT CHORUS

#taylorswift #messageinabottletaylorsversion #redtaylorsversion #taylorsversion


Music video by Taylor Swift performing Message In A Bottle (Taylor's Version) (From The Vault) (Lyric Video). © 2021 Taylor Swift",2021-11-12 05:00:14+00:00,PT3M47S,25981408,259233,6674,https://i.ytimg.com/vi/cVaG6adE2mA/default.jpg,https://i.ytimg.com/vi/cVaG6adE2mA/mqdefault.jpg,https://i.ytimg.com/vi/cVaG6adE2mA/hqdefault.jpg,,,
wyK7YuwUWsU,Taylor Swift - New Romantics,"Taylor's video for ""New Romantics"" - Off her multi-platinum release ""1989"", download/stream it here: https://Taylor.lnk.to/1989dlxYD

Stream/download ‘The Life of a Showgirl’: https://taylor.lnk.to/TSTheLifeofaShowgirlYD

►Subscribe to Taylor Swift on YouTube: https://ts.lnk.to/subscribe
►Shop Merch: http://taylorswift.lnk.to/store

►Follow Taylor Swift Online: 
TikTok: http://tiktok.com/@taylorswift 
Instagram: http://instagram.com/taylorswift 
Twitter: http://twitter.com/taylorswift13 
Snapchat: http://snapchat.com/add/taylorswift 
Facebook: http://facebook.com/taylorswift 
Tumblr: http://taylorswift.tumblr.com 
Website: http://www.taylorswift.com

►Follow Taylor Nation Online:
TikTok: http://tiktok.com/@taylornation
Instagram: http://instagram.com/taylornation 
Twitter: http://twitter.com/taylornation13
Tumblr: http://taylornation.tumblr.com

Video Director: Jonas Åkerlund

#TaylorSwift #NewRomantics

(C) 2016 Taylor Swift",2016-04-13 14:31:00+00:00,PT4M22S,133389764,1177553,61678,https://i.ytimg.com/vi/wyK7YuwUWsU/default.jpg,https://i.ytimg.com/vi/wyK7YuwUWsU/mqdefault.jpg,https://i.ytimg.com/vi/wyK7YuwUWsU/hqdefault.jpg,,,
wIft-t-MQuE,Taylor Swift - …Ready For It?,"►Exclusive Merch: https://store.taylorswift.com
 
►Follow Taylor Swift Online
Instagram: http://www.instagram.com/taylorswift
Facebook: http://www.facebook.com/taylorswift
Tumblr: http://taylorswift.tumblr.com
Twitter: http://www.twitter.com/taylorswift13
Website: http://www.taylorswift.com
 
►Follow Taylor Nation Online
Instagram: http://www.instagram.com/taylornation
Tumblr: http://taylornation.tumblr.com
Twitter: http://www.twitter.com/taylornation13",2017-10-27 04:00:03+00:00,PT3M31S,382486004,3995629,210129,https://i.ytimg.com/vi/wIft-t-MQuE/default.jpg,https://i.ytimg.com/vi/wIft-t-MQuE/mqdefault.jpg,https://i.ytimg.com/vi/wIft-t-MQuE/hqdefault.jpg,,,
nfWlot6h_JM,Taylor Swift - Shake It Off,"Music video by Taylor Swift performing Shake It Off. (C) 2014 Taylor Swift.

Stream/download ‘The Life of a Showgirl’ - https://taylor.lnk.to/TSTheLifeofaShowgirlYD

►Shop Merch: http://taylor.lnk.to/store
►Subscribe to Taylor Swift on YouTube: https://ts.lnk.to/subscribe

►Follow Taylor Swift Online:
TikTok: http://tiktok.com/@taylorswift
Instagram: http://instagram.com/taylorswift
Twitter: http://twitter.com/taylorswift13
Snapchat: http://snapchat.com/add/taylorswift
Facebook: http://facebook.com/taylorswift
Tumblr: http://taylorswift.tumblr.com
Website: http://www.taylorswift.com

►Follow Taylor Nation Online:
TikTok: http://tiktok.com/@taylornation
Instagram: http://instagram.com/taylornation
YouTube: https://youtube.com/taylornation
Twitter: http://twitter.com/taylornation13
Tumblr: http://taylornation.tumblr.com

#TaylorSwift #ShakeItOff",2014-08-18 21:18:00+00:00,PT4M2S,3642362024,14105407,602678,https://i.ytimg.com/vi/nfWlot6h_JM/default.jpg,https://i.ytimg.com/vi/nfWlot6h_JM/mqdefault.jpg,https://i.ytimg.com/vi/nfWlot6h_JM/hqdefault.jpg,,,
iAv1Y1YIwm8,So It Goes...,"Provided to YouTube by Universal Music Group

So It Goes... · Taylor Swift

reputation

℗ 2017 Taylor Swift

Released on: 2017-11-10

Producer, Composer Lyricist: Max Martin
Producer, Composer Lyricist: Shellback
Producer, Composer Lyricist: Oscar Görres
Composer Lyricist: Taylor Swift

Auto-generated by YouTube.",2018-08-15 22:13:01+00:00,PT3M48S,20713434,141236,1731,https://i.ytimg.com/vi/iAv1Y1YIwm8/default.jpg,https://i.ytimg.com/vi/iAv1Y1YIwm8/mqdefault.jpg,https://i.ytimg.com/vi/iAv1Y1YIwm8/hqdefault.jpg,,,
-CmadmM5cOk,Taylor Swift - Style,"Music video by Taylor Swift performing Style. (C) 2015 Taylor Swift.

Stream/download ‘The Life of a Showgirl’ - https://taylor.lnk.to/TSTheLifeofaShowgirlYD

►Shop Merch: http://taylor.lnk.to/store
►Subscribe to Taylor Swift on YouTube: https://ts.lnk.to/subscribe

►Follow Taylor Swift Online:
TikTok: http://tiktok.com/@taylorswift
Instagram: http://instagram.com/taylorswift
Twitter: http://twitter.com/taylorswift13
Snapchat: http://snapchat.com/add/taylorswift
Facebook: http://facebook.com/taylorswift
Tumblr: http://taylorswift.tumblr.com
Website: http://www.taylorswift.com

►Follow Taylor Nation Online:
TikTok: http://tiktok.com/@taylornation
Instagram: http://instagram.com/taylornation
YouTube: https://youtube.com/taylornation
Twitter: http://twitter.com/taylornation13
Tumblr: http://taylornation.tumblr.com

#TaylorSwift #Style",2015-02-13 13:20:01+00:00,PT4M3S,936061479,4417616,168943,https://i.ytimg.com/vi/-CmadmM5cOk/default.jpg,https://i.ytimg.com/vi/-CmadmM5cOk/mqdefault.jpg,https://i.ytimg.com/vi/-CmadmM5cOk/hqdefault.jpg,,,
WA4iX5D9Z64,Taylor Swift - We Are Never Ever Getting Back Together,"Music video by Taylor Swift performing We Are Never Ever Getting Back Together. © 2012 Taylor Swift.
 
►Exclusive Merch: https://store.taylorswift.com
 
►Follow Taylor Swift Online
Instagram: http://www.instagram.com/taylorswift
Facebook: http://www.facebook.com/taylorswift
Tumblr: http://taylorswift.tumblr.com
Twitter: http://www.twitter.com/taylorswift13
Website: http://www.taylorswift.com
 
►Follow Taylor Nation Online
Instagram: http://www.instagram.com/taylornation
Tumblr: http://taylornation.tumblr.com
Twitter: http://www.twitter.com/taylornation13",2012-09-01 00:00:08+00:00,PT3M36S,829360305,4439835,229178,https://i.ytimg.com/vi/WA4iX5D9Z64/default.jpg,https://i.ytimg.com/vi/WA4iX5D9Z64/mqdefault.jpg,https://i.ytimg.com/vi/WA4iX5D9Z64/hqdefault.jpg,,,
IdneKLhsWOQ,Taylor Swift - Wildest Dreams,"Music video by Taylor Swift performing Wildest Dreams. (C) 2015 Taylor Swift.

Stream/download ‘The Life of a Showgirl’ - https://taylor.lnk.to/TSTheLifeofaShowgirlYD

►Shop Merch: http://taylor.lnk.to/store
►Subscribe to Taylor Swift on YouTube: https://ts.lnk.to/subscribe

►Follow Taylor Swift Online:
TikTok: http://tiktok.com/@taylorswift
Instagram: http://instagram.com/taylorswift
Twitter: http://twitter.com/taylorswift13
Snapchat: http://snapchat.com/add/taylorswift
Facebook: http://facebook.com/taylorswift
Tumblr: http://taylorswift.tumblr.com
Website: http://www.taylorswift.com

►Follow Taylor Nation Online:
TikTok: http://tiktok.com/@taylornation
Instagram: http://instagram.com/taylornation
YouTube: https://youtube.com/taylornation
Twitter: http://twitter.com/taylornation13
Tumblr: http://taylornation.tumblr.com

#TaylorSwift #WildestDreams",2015-08-31 00:55:00+00:00,PT3M55S,998600820,5689613,240002,https://i.ytimg.com/vi/IdneKLhsWOQ/default.jpg,https://i.ytimg.com/vi/IdneKLhsWOQ/mqdefault.jpg,https://i.ytimg.com/vi/IdneKLhsWOQ/hqdefault.jpg,,,
JhICcmiIE80,Taylor Swift - Wonderland (Taylor's Version) (Lyric Video),"Watch the official lyric video for “Wonderland (Taylor's Version)” by Taylor Swift, from ‘1989 (Taylor’s Version)’.

Buy/download/stream ‘1989 (Taylor’s Version)’: https://taylor.lnk.to/1989taylorsversion

►Subscribe to Taylor Swift on YouTube: https://ts.lnk.to/subscribe
►Shop Merch: http://taylorswift.lnk.to/store 
►Follow Taylor Swift Online: 
TikTok: http://tiktok.com/@taylorswift 
Instagram: http://instagram.com/taylorswift 
Twitter: http://twitter.com/taylorswift13 
Snapchat: http://snapchat.com/add/taylorswift 
Facebook: http://facebook.com/taylorswift 
Tumblr: http://taylorswift.tumblr.com 
Website: http://www.taylorswift.com 

►Follow Taylor Nation Online 
TikTok: http://tiktok.com/@taylornation
 Instagram: http://instagram.com/taylornation 
Twitter: http://twitter.com/taylornation13
 Tumblr: http://taylornation.tumblr.com

#taylorswift #1989taylorsversion

Music video by Taylor Swift performing Wonderland (Taylor's Version) (Lyric Video). © 2023 Taylor Swift",2023-10-27 04:00:08+00:00,PT4M11S,7106315,107333,2504,https://i.ytimg.com/vi/JhICcmiIE80/default.jpg,https://i.ytimg.com/vi/JhICcmiIE80/mqdefault.jpg,https://i.ytimg.com/vi/JhICcmiIE80/hqdefault.jpg,,,
V9ED1fR21U0,The Life of a Showgirl: The Crowd is Your King Edition only at Target,"The Life of a Showgirl: The Crowd is Your King Edition on Summertime Spritz Pink Shimmer Vinyl available to exclusively at Target starting 10/3. While supplies last.

Pre-order The Life of a Showgirl: The Crowd is Your King Edition on Summertime Spritz Pink Shimmer Vinyl only at Target: https://taylor.lnk.to/target

►Subscribe to Taylor Swift on YouTube: https://ts.lnk.to/subscribe
►Shop Merch: http://taylorswift.lnk.to/store 

►Follow Taylor Swift Online: 
TikTok: http://tiktok.com/@taylorswift 
Instagram: http://instagram.com/taylorswift 
Twitter: http://twitter.com/taylorswift13 
Snapchat: http://snapchat.com/add/taylorswift 
Facebook: http://facebook.com/taylorswift 
Tumblr: http://taylorswift.tumblr.com 
Website: http://www.taylorswift.com 

►Follow Taylor Nation Online 
TikTok: http://tiktok.com/@taylornation
 Instagram: http://instagram.com/taylornation 
YouTube: https://youtube.com/taylornation 
Twitter: http://twitter.com/taylornation13
 Tumblr: http://taylornation.tumblr.com",2025-09-30 19:57:21+00:00,PT31S,1023881,72174,2476,https://i.ytimg.com/vi/V9ED1fR21U0/default.jpg,https://i.ytimg.com/vi/V9ED1fR21U0/mqdefault.jpg,https://i.ytimg.com/vi/V9ED1fR21U0/hqdefault.jpg,,,
2hBLC7E8v3A,Share your “fortnight” recap with #ForAFortnightChallenge 🤍 brought to you by YouTube Shorts,,2024-04-20 00:02:45+00:00,PT16S,124944733,4512439,47473,https://i.ytimg.com/vi/2hBLC7E8v3A/default.jpg,https://i.ytimg.com/vi/2hBLC7E8v3A/mqdefault.jpg,https://i.ytimg.com/vi/2hBLC7E8v3A/hqdefault.jpg,,,
xtMZ5cYKJKI,🍻🤍 #ForAFortnightChallenge @TaylorSwift,,2024-04-23 17:35:03+00:00,PT16S,55177125,2346403,8548,https://i.ytimg.com/vi/xtMZ5cYKJKI/default.jpg,https://i.ytimg.com/vi/xtMZ5cYKJKI/mqdefault.jpg,https://i.ytimg.com/vi/xtMZ5cYKJKI/hqdefault.jpg,,,
tRM_3jveVvc,#ForAFortnightChallenge @TaylorSwift @TaylorNation 🤍,,2024-04-19 13:31:11+00:00,PT15S,1044727,28231,644,https://i.ytimg.com/vi/tRM_3jveVvc/default.jpg,https://i.ytimg.com/vi/tRM_3jveVvc/mqdefault.jpg,https://i.ytimg.com/vi/tRM_3jveVvc/hqdefault.jpg,,,
RW82nhfMQ8U,A glimpse into the past year  #ForAFortnightChallenge @TaylorSwift @TaylorNation,,2024-04-19 14:00:38+00:00,PT17S,419160,5075,179,https://i.ytimg.com/vi/RW82nhfMQ8U/default.jpg,https://i.ytimg.com/vi/RW82nhfMQ8U/mqdefault.jpg,https://i.ytimg.com/vi/RW82nhfMQ8U/hqdefault.jpg,,,
mWqQxF20V_Q,"…for a fortnight there, we were together… #ForAFortnightChallenge #taylorswift #fortnight",can't believe we sang 10min atw with @wiffygriffy,2024-04-20 15:36:45+00:00,PT17S,281948,4181,192,https://i.ytimg.com/vi/mWqQxF20V_Q/default.jpg,https://i.ytimg.com/vi/mWqQxF20V_Q/mqdefault.jpg,https://i.ytimg.com/vi/mWqQxF20V_Q/hqdefault.jpg,,,
Sl6en1NPTYM,Taylor Swift - I Can Do It With A Broken Heart (Official Video),"Watch the official music video for “I Can Do It With A Broken Heart"" by Taylor Swift.

Buy/download/stream ‘The Tortured Poets Department': https://taylor.lnk.to/thetorturedpoetsdepartment

►Subscribe to Taylor Swift on YouTube: https://ts.lnk.to/subscribe
►Shop Merch: http://taylorswift.lnk.to/store 
►Follow Taylor Swift Online: 
TikTok: http://tiktok.com/@taylorswift 
Instagram: http://instagram.com/taylorswift 
Twitter: http://twitter.com/taylorswift13 
Snapchat: http://snapchat.com/add/taylorswift 
Facebook: http://facebook.com/taylorswift 
Tumblr: http://taylorswift.tumblr.com 
Website: http://www.taylorswift.com 

►Follow Taylor Nation Online 
TikTok: http://tiktok.com/@taylornation
 Instagram: http://instagram.com/taylornation 
Twitter: http://twitter.com/taylornation13
 Tumblr: http://taylornation.tumblr.com

Director/Producer: Taylor Swift

#taylorswift #icandoitwithabrokenheart #thetorturedpoetsdepartment",2024-08-20 22:00:07+00:00,PT3M43S,41254299,979572,47229,https://i.ytimg.com/vi/Sl6en1NPTYM/default.jpg,https://i.ytimg.com/vi/Sl6en1NPTYM/mqdefault.jpg,https://i.ytimg.com/vi/Sl6en1NPTYM/hqdefault.jpg,2024-08-20 22:00:07+00:00,2024-08-20 22:05:48+00:00,2024-08-20 22:00:00+00:00
i8_w_m6HLJ0,Taylor Swift - I Can Do It With a Broken Heart (Official Lyric Video),"Watch the official lyric video for “I Can Do It With a Broken Heart” by Taylor Swift, from ‘THE TORTURED POETS DEPARTMENT’

Buy/download/stream ‘THE TORTURED POETS DEPARTMENT’: https://taylor.lnk.to/thetorturedpoetsdepartment 

►Subscribe to Taylor Swift on YouTube: https://ts.lnk.to/subscribe
►Shop Merch: http://taylor.lnk.to/store

►Follow Taylor Swift Online: 
TikTok: http://tiktok.com/@taylorswift 
Instagram: http://instagram.com/taylorswift 
Twitter: http://twitter.com/taylorswift13 
Snapchat: http://snapchat.com/add/taylorswift 
Facebook: http://facebook.com/taylorswift 
Tumblr: http://taylorswift.tumblr.com 
Website: http://www.taylorswift.com 

►Follow Taylor Nation Online 
TikTok: http://tiktok.com/@taylornation
YouTube: https://youtube.com/taylornation 
 Instagram: http://instagram.com/taylornation 
Twitter: http://twitter.com/taylornation13
 Tumblr: http://taylornation.tumblr.com

#taylorswift #thetorturedpoetsdepartment",2024-04-20 00:00:17+00:00,PT3M43S,34712389,320440,7412,https://i.ytimg.com/vi/i8_w_m6HLJ0/default.jpg,https://i.ytimg.com/vi/i8_w_m6HLJ0/mqdefault.jpg,https://i.ytimg.com/vi/i8_w_m6HLJ0/hqdefault.jpg,,,
q3zqJs7JUCQ,Taylor Swift - Fortnight (feat. Post Malone) (Official Music Video),"The official music video for “Fortnight (feat. Post Malone)” by Taylor Swift, from ‘THE TORTURED POETS DEPARTMENT’.

Buy/download/stream ‘THE TORTURED POETS DEPARTMENT’: https://taylor.lnk.to/thetorturedpoetsdepartment 

Join the #ForAFortnightChallenge on YouTube Shorts. Share 14 snippets of your life in one single Short with “Fortnight (feat Post Malone)” by using remix or adding the official sound.

https://yt.be/ForAFortnightChallenge

►Subscribe to Taylor Swift on YouTube: https://ts.lnk.to/subscribe
►Shop Merch: http://taylorswift.lnk.to/store

►Follow Taylor Swift Online: 
TikTok: http://tiktok.com/@taylorswift 
Instagram: http://instagram.com/taylorswift 
Twitter: http://twitter.com/taylorswift13 
Snapchat: http://snapchat.com/add/taylorswift 
Facebook: http://facebook.com/taylorswift 
Tumblr: http://taylorswift.tumblr.com 
Website: http://www.taylorswift.com 

►Follow Taylor Nation Online 
TikTok: http://tiktok.com/@taylornation
YouTube: https://youtube.com/taylornation
Instagram: http://instagram.com/taylornation 
Twitter: http://twitter.com/taylornation13
Tumblr: http://taylornation.tumblr.com

Director: Taylor Swift
Director of Photography: Rodrigo Prieto 
Producer: Jil Hardin 
Editor: Chancler Haynes 
Production Designer: Ethan Tobman 
1st AD: Anthony Dimino 
Visual Effects: Parliament
Production Companies: Taylor Swift Productions & Object & Animal

#taylorswift #postmalone #fortnight #thetorturedpoetsdepartment",2024-04-20 00:00:06+00:00,PT4M10S,166500041,2128753,105046,https://i.ytimg.com/vi/q3zqJs7JUCQ/default.jpg,https://i.ytimg.com/vi/q3zqJs7JUCQ/mqdefault.jpg,https://i.ytimg.com/vi/q3zqJs7JUCQ/hqdefault.jpg,2024-04-20 00:00:06+00:00,2024-04-20 00:06:16+00:00,2024-04-20 00:00:00+00:00
0GQ_QeZxdzo,Taylor Swift - Fortnight (feat. Post Malone) (Behind the Scenes),"Go behind the scenes of the ""Fortnight (feat. Post Malone)"" music video from THE TORTURED POETS DEPARTMENT. 

Watch ""Fortnight (feat. Post Malone)"" Official Music Video:  https://taylor.lnk.to/FortnightMV
Stream/download THE TORTURED POETS DEPARTMENT: taylor.lnk.to/thetorturedpoetsdepartment

►Subscribe to Taylor Swift on YouTube: https://ts.lnk.to/subscribe 
 
►Exclusive Merch: http://taylorswift.lnk.to/store

►Follow Taylor Swift online:
Instagram: http://instagram.com/taylorswift  
TikTok: http://tiktok.com/@taylorswift 
Facebook: http://facebook.com/taylorswift  
Tumblr: http://taylorswift.tumblr.com  
Twitter: http://twitter.com/taylorswift13  
Snapchat: http://snapchat.com/add/taylorswift
Website: http://www.taylorswift.com  

►Follow Taylor Nation Online
Instagram: http://instagram.com/taylornation  
TikTok: http://tiktok.com/@taylornation
YouTube: https://youtube.com/@TaylorNation
Tumblr: http://taylornation.tumblr.com  
Twitter: http://twitter.com/taylornation13

#TaylorSwift #PostMalone #Fortnight #BTS #THETORTUREDPOETSDEPARTMENT",2024-06-21 13:00:00+00:00,PT3M40S,3725071,171887,7546,https://i.ytimg.com/vi/0GQ_QeZxdzo/default.jpg,https://i.ytimg.com/vi/0GQ_QeZxdzo/mqdefault.jpg,https://i.ytimg.com/vi/0GQ_QeZxdzo/hqdefault.jpg,,,
RQMz4JDbtmI,Taylor Swift - The Tortured Poets Department (Official Lyric Video),"Watch the official lyric video for “The Tortured Poets Department” by Taylor Swift, from ‘THE TORTURED POETS DEPARTMENT’

Buy/download/stream ‘THE TORTURED POETS DEPARTMENT’: https://taylor.lnk.to/thetorturedpoetsdepartment 

►Subscribe to Taylor Swift on YouTube: https://ts.lnk.to/subscribe
►Shop Merch: http://taylor.lnk.to/store

►Follow Taylor Swift Online: 
TikTok: http://tiktok.com/@taylorswift 
Instagram: http://instagram.com/taylorswift 
Twitter: http://twitter.com/taylorswift13 
Snapchat: http://snapchat.com/add/taylorswift 
Facebook: http://facebook.com/taylorswift 
Tumblr: http://taylorswift.tumblr.com 
Website: http://www.taylorswift.com 

►Follow Taylor Nation Online 
TikTok: http://tiktok.com/@taylornation
YouTube: https://youtube.com/taylornation 
 Instagram: http://instagram.com/taylornation 
Twitter: http://twitter.com/taylornation13
 Tumblr: http://taylornation.tumblr.com

#thetorturedpoetsdepartment #taylorswift",2024-04-20 00:00:24+00:00,PT4M58S,18409926,164414,5475,https://i.ytimg.com/vi/RQMz4JDbtmI/default.jpg,https://i.ytimg.com/vi/RQMz4JDbtmI/mqdefault.jpg,https://i.ytimg.com/vi/RQMz4JDbtmI/hqdefault.jpg,,,
wRKXAAV6jh4,Taylor Swift - My Boy Only Breaks His Favorite Toys (Official Lyric Video),"Watch the official lyric video for “My Boy Only Breaks His Favorite Toys” by Taylor Swift, from ‘THE TORTURED POETS DEPARTMENT’

Buy/download/stream ‘THE TORTURED POETS DEPARTMENT’: https://taylor.lnk.to/thetorturedpoetsdepartment 

►Subscribe to Taylor Swift on YouTube: https://ts.lnk.to/subscribe
►Shop Merch: http://taylor.lnk.to/store

►Follow Taylor Swift Online: 
TikTok: http://tiktok.com/@taylorswift 
Instagram: http://instagram.com/taylorswift 
Twitter: http://twitter.com/taylorswift13 
Snapchat: http://snapchat.com/add/taylorswift 
Facebook: http://facebook.com/taylorswift 
Tumblr: http://taylorswift.tumblr.com 
Website: http://www.taylorswift.com 

►Follow Taylor Nation Online 
TikTok: http://tiktok.com/@taylornation
YouTube: https://youtube.com/taylornation 
 Instagram: http://instagram.com/taylornation 
Twitter: http://twitter.com/taylornation13
 Tumblr: http://taylornation.tumblr.com

#taylorswift #thetorturedpoetsdepartment",2024-04-20 00:00:25+00:00,PT3M29S,25737637,151038,3464,https://i.ytimg.com/vi/wRKXAAV6jh4/default.jpg,https://i.ytimg.com/vi/wRKXAAV6jh4/mqdefault.jpg,https://i.ytimg.com/vi/wRKXAAV6jh4/hqdefault.jpg,,,
EVbtjaWXQVg,Taylor Swift - Down Bad (Official Lyric Video),"Watch the official lyric video for “Down Bad” by Taylor Swift, from ‘THE TORTURED POETS DEPARTMENT’.

Buy/download/stream ‘THE TORTURED POETS DEPARTMENT’: https://taylor.lnk.to/thetorturedpoetsdepartment 

►Subscribe to Taylor Swift on YouTube: https://ts.lnk.to/subscribe
►Shop Merch: http://taylor.lnk.to/store

►Follow Taylor Swift Online: 
TikTok: http://tiktok.com/@taylorswift 
Instagram: http://instagram.com/taylorswift 
Twitter: http://twitter.com/taylorswift13 
Snapchat: http://snapchat.com/add/taylorswift 
Facebook: http://facebook.com/taylorswift 
Tumblr: http://taylorswift.tumblr.com 
Website: http://www.taylorswift.com 

►Follow Taylor Nation Online 
TikTok: http://tiktok.com/@taylornation
YouTube: https://youtube.com/taylornation 
Instagram: http://instagram.com/taylornation 
Twitter: http://twitter.com/taylornation13
Tumblr: http://taylornation.tumblr.com

#taylorswift #downbad #thetorturedpoetsdepartment",2024-04-20 00:00:12+00:00,PT4M26S,34848405,185372,4477,https://i.ytimg.com/vi/EVbtjaWXQVg/default.jpg,https://i.ytimg.com/vi/EVbtjaWXQVg/mqdefault.jpg,https://i.ytimg.com/vi/EVbtjaWXQVg/hqdefault.jpg,,,
CCUr2pNJft4,"Taylor Swift - So Long, London (Official Lyric Video)","Watch the official lyric video for “So Long, London” by Taylor Swift, from ‘THE TORTURED POETS DEPARTMENT’

Buy/download/stream ‘THE TORTURED POETS DEPARTMENT’: https://taylor.lnk.to/thetorturedpoetsdepartment 

►Subscribe to Taylor Swift on YouTube: https://ts.lnk.to/subscribe
►Shop Merch: http://taylor.lnk.to/store

►Follow Taylor Swift Online: 
TikTok: http://tiktok.com/@taylorswift 
Instagram: http://instagram.com/taylorswift 
Twitter: http://twitter.com/taylorswift13 
Snapchat: http://snapchat.com/add/taylorswift 
Facebook: http://facebook.com/taylorswift 
Tumblr: http://taylorswift.tumblr.com 
Website: http://www.taylorswift.com 

►Follow Taylor Nation Online 
TikTok: http://tiktok.com/@taylornation
YouTube: https://youtube.com/taylornation 
 Instagram: http://instagram.com/taylornation 
Twitter: http://twitter.com/taylornation13
 Tumblr: http://taylornation.tumblr.com

#taylorswift #thetorturedpoetsdepartment",2024-04-20 00:00:07+00:00,PT4M28S,24759198,164908,4184,https://i.ytimg.com/vi/CCUr2pNJft4/default.jpg,https://i.ytimg.com/vi/CCUr2pNJft4/mqdefault.jpg,https://i.ytimg.com/vi/CCUr2pNJft4/hqdefault.jpg,,,
U2W173hRfyA,Taylor Swift - But Daddy I Love Him (Official Lyric Video),"Watch the official lyric video for “But Daddy I Love Him” by Taylor Swift, from ‘THE TORTURED POETS DEPARTMENT’

Buy/download/stream ‘THE TORTURED POETS DEPARTMENT’: https://taylor.lnk.to/thetorturedpoetsdepartment 

►Subscribe to Taylor Swift on YouTube: https://ts.lnk.to/subscribe
►Shop Merch: http://taylor.lnk.to/store

►Follow Taylor Swift Online: 
TikTok: http://tiktok.com/@taylorswift 
Instagram: http://instagram.com/taylorswift 
Twitter: http://twitter.com/taylorswift13 
Snapchat: http://snapchat.com/add/taylorswift 
Facebook: http://facebook.com/taylorswift 
Tumblr: http://taylorswift.tumblr.com 
Website: http://www.taylorswift.com 

►Follow Taylor Nation Online 
TikTok: http://tiktok.com/@taylornation
YouTube: https://youtube.com/taylornation 
 Instagram: http://instagram.com/taylornation 
Twitter: http://twitter.com/taylornation13
 Tumblr: http://taylornation.tumblr.com

#taylorswift #thetorturedpoetsdepartment",2024-04-20 00:00:11+00:00,PT5M45S,24904646,167603,4786,https://i.ytimg.com/vi/U2W173hRfyA/default.jpg,https://i.ytimg.com/vi/U2W173hRfyA/mqdefault.jpg,https://i.ytimg.com/vi/U2W173hRfyA/hqdefault.jpg,,,
0EKbEP2L32M,Taylor Swift - Fresh Out The Slammer (Official Lyric Video),"Watch the official lyric video for “Fresh Out The Slammer ” by Taylor Swift, from ‘THE TORTURED POETS DEPARTMENT’

Buy/download/stream ‘THE TORTURED POETS DEPARTMENT’: https://taylor.lnk.to/thetorturedpoetsdepartment 

►Subscribe to Taylor Swift on YouTube: https://ts.lnk.to/subscribe
►Shop Merch: http://taylor.lnk.to/store

►Follow Taylor Swift Online: 
TikTok: http://tiktok.com/@taylorswift 
Instagram: http://instagram.com/taylorswift 
Twitter: http://twitter.com/taylorswift13 
Snapchat: http://snapchat.com/add/taylorswift 
Facebook: http://facebook.com/taylorswift 
Tumblr: http://taylorswift.tumblr.com 
Website: http://www.taylorswift.com 

►Follow Taylor Nation Online 
TikTok: http://tiktok.com/@taylornation
YouTube: https://youtube.com/taylornation 
 Instagram: http://instagram.com/taylornation 
Twitter: http://twitter.com/taylornation13
 Tumblr: http://taylornation.tumblr.com

#taylorswift #thetorturedpoetsdepartment",2024-04-20 00:00:00+00:00,PT3M36S,12633483,92944,2544,https://i.ytimg.com/vi/0EKbEP2L32M/default.jpg,https://i.ytimg.com/vi/0EKbEP2L32M/mqdefault.jpg,https://i.ytimg.com/vi/0EKbEP2L32M/hqdefault.jpg,,,
uEssK8o3jKg,Taylor Swift - Florida!!! (feat. Florence + The Machine) (Official Lyric Video),"Watch the official lyric video for “Florida!!! (feat. Florence + The Machine)"" by Taylor Swift, from ‘THE TORTURED POETS DEPARTMENT’
 
Buy/download/stream ‘THE TORTURED POETS DEPARTMENT’: https://taylor.lnk.to/thetorturedpoetsdepartment 

►Subscribe to Taylor Swift on YouTube: https://ts.lnk.to/subscribe
►Shop Merch: http://taylor.lnk.to/store

►Follow Taylor Swift Online: 
TikTok: http://tiktok.com/@taylorswift 
Instagram: http://instagram.com/taylorswift 
Twitter: http://twitter.com/taylorswift13 
Snapchat: http://snapchat.com/add/taylorswift 
Facebook: http://facebook.com/taylorswift 
Tumblr: http://taylorswift.tumblr.com 
Website: http://www.taylorswift.com 

►Follow Taylor Nation Online 
TikTok: http://tiktok.com/@taylornation
YouTube: https://youtube.com/taylornation 
 Instagram: http://instagram.com/taylornation 
Twitter: http://twitter.com/taylornation13
 Tumblr: http://taylornation.tumblr.com

#taylorswift #thetorturedpoetsdepartment",2024-04-20 00:00:31+00:00,PT3M40S,15366302,119221,3681,https://i.ytimg.com/vi/uEssK8o3jKg/default.jpg,https://i.ytimg.com/vi/uEssK8o3jKg/mqdefault.jpg,https://i.ytimg.com/vi/uEssK8o3jKg/hqdefault.jpg,,,
OOYlWF6V8t8,Taylor Swift - Guilty as Sin (Official Lyric Video),"Watch the official lyric video for “Guilty as Sin” by Taylor Swift, from ‘THE TORTURED POETS DEPARTMENT’

Buy/download/stream ‘THE TORTURED POETS DEPARTMENT’: https://taylor.lnk.to/thetorturedpoetsdepartment 

►Subscribe to Taylor Swift on YouTube: https://ts.lnk.to/subscribe
►Shop Merch: http://taylor.lnk.to/store

►Follow Taylor Swift Online: 
TikTok: http://tiktok.com/@taylorswift 
Instagram: http://instagram.com/taylorswift 
Twitter: http://twitter.com/taylorswift13 
Snapchat: http://snapchat.com/add/taylorswift 
Facebook: http://facebook.com/taylorswift 
Tumblr: http://taylorswift.tumblr.com 
Website: http://www.taylorswift.com 

►Follow Taylor Nation Online 
TikTok: http://tiktok.com/@taylornation
YouTube: https://youtube.com/taylornation 
 Instagram: http://instagram.com/taylornation 
Twitter: http://twitter.com/taylornation13
 Tumblr: http://taylornation.tumblr.com

#taylorswift #GuiltyasSin #thetorturedpoetsdepartment",2024-04-20 00:00:15+00:00,PT4M19S,53017802,208395,4386,https://i.ytimg.com/vi/OOYlWF6V8t8/default.jpg,https://i.ytimg.com/vi/OOYlWF6V8t8/mqdefault.jpg,https://i.ytimg.com/vi/OOYlWF6V8t8/hqdefault.jpg,,,
vOZFiX6hDXQ,Taylor Swift - Who’s Afraid of Little Old Me? (Official Lyric Video),"Watch the official lyric video for “Who’s Afraid of Little Old Me?” by Taylor Swift, from ‘THE TORTURED POETS DEPARTMENT’

Buy/download/stream ‘THE TORTURED POETS DEPARTMENT’: https://taylor.lnk.to/thetorturedpoetsdepartment 

►Subscribe to Taylor Swift on YouTube: https://ts.lnk.to/subscribe
►Shop Merch: http://taylor.lnk.to/store

►Follow Taylor Swift Online: 
TikTok: http://tiktok.com/@taylorswift 
Instagram: http://instagram.com/taylorswift 
Twitter: http://twitter.com/taylorswift13 
Snapchat: http://snapchat.com/add/taylorswift 
Facebook: http://facebook.com/taylorswift 
Tumblr: http://taylorswift.tumblr.com 
Website: http://www.taylorswift.com 

►Follow Taylor Nation Online 
TikTok: http://tiktok.com/@taylornation
YouTube: https://youtube.com/taylornation 
 Instagram: http://instagram.com/taylornation 
Twitter: http://twitter.com/taylornation13
 Tumblr: http://taylornation.tumblr.com

#taylorswift #thetorturedpoetsdepartment",2024-04-20 00:00:33+00:00,PT5M39S,31133896,230015,7406,https://i.ytimg.com/vi/vOZFiX6hDXQ/default.jpg,https://i.ytimg.com/vi/vOZFiX6hDXQ/mqdefault.jpg,https://i.ytimg.com/vi/vOZFiX6hDXQ/hqdefault.jpg,,,
OKWfv-x2rdU,Taylor Swift - I Can Fix Him (No Really I Can) (Official Lyric Video),"Watch the official lyric video for “I Can Fix Him (No Really I Can)” by Taylor Swift, from ‘THE TORTURED POETS DEPARTMENT’

Buy/download/stream ‘THE TORTURED POETS DEPARTMENT’: https://taylor.lnk.to/thetorturedpoetsdepartment 

►Subscribe to Taylor Swift on YouTube: https://ts.lnk.to/subscribe
►Shop Merch: http://taylor.lnk.to/store

►Follow Taylor Swift Online: 
TikTok: http://tiktok.com/@taylorswift 
Instagram: http://instagram.com/taylorswift 
Twitter: http://twitter.com/taylorswift13 
Snapchat: http://snapchat.com/add/taylorswift 
Facebook: http://facebook.com/taylorswift 
Tumblr: http://taylorswift.tumblr.com 
Website: http://www.taylorswift.com 

►Follow Taylor Nation Online 
TikTok: http://tiktok.com/@taylornation
YouTube: https://youtube.com/taylornation 
 Instagram: http://instagram.com/taylornation 
Twitter: http://twitter.com/taylornation13
 Tumblr: http://taylornation.tumblr.com

#taylorswift #thetorturedpoetsdepartment",2024-04-20 00:00:16+00:00,PT2M41S,6497760,52122,1241,https://i.ytimg.com/vi/OKWfv-x2rdU/default.jpg,https://i.ytimg.com/vi/OKWfv-x2rdU/mqdefault.jpg,https://i.ytimg.com/vi/OKWfv-x2rdU/hqdefault.jpg,,,
GZ4vaTRn0HU,Taylor Swift - loml (Official Lyric Video),"Watch the official lyric video for “loml” by Taylor Swift, from ‘THE TORTURED POETS DEPARTMENT’

Buy/download/stream ‘THE TORTURED POETS DEPARTMENT’: https://taylor.lnk.to/thetorturedpoetsdepartment 

►Subscribe to Taylor Swift on YouTube: https://ts.lnk.to/subscribe
►Shop Merch: http://taylor.lnk.to/store

►Follow Taylor Swift Online: 
TikTok: http://tiktok.com/@taylorswift 
Instagram: http://instagram.com/taylorswift 
Twitter: http://twitter.com/taylorswift13 
Snapchat: http://snapchat.com/add/taylorswift 
Facebook: http://facebook.com/taylorswift 
Tumblr: http://taylorswift.tumblr.com 
Website: http://www.taylorswift.com 

►Follow Taylor Nation Online 
TikTok: http://tiktok.com/@taylornation
YouTube: https://youtube.com/taylornation 
 Instagram: http://instagram.com/taylornation 
Twitter: http://twitter.com/taylornation13
 Tumblr: http://taylornation.tumblr.com

#taylorswift #thetorturedpoetsdepartment",2024-04-20 00:00:11+00:00,PT4M42S,27795244,158863,4235,https://i.ytimg.com/vi/GZ4vaTRn0HU/default.jpg,https://i.ytimg.com/vi/GZ4vaTRn0HU/mqdefault.jpg,https://i.ytimg.com/vi/GZ4vaTRn0HU/hqdefault.jpg,,,
Atdzfj8LcuY,Taylor Swift - The Smallest Man Who Ever Lived (Official Lyric Video),"Watch the official lyric video for “The Smallest Man Who Ever Lived” by Taylor Swift, from ‘THE TORTURED POETS DEPARTMENT’

Buy/download/stream ‘THE TORTURED POETS DEPARTMENT’: https://taylor.lnk.to/thetorturedpoetsdepartment 

►Subscribe to Taylor Swift on YouTube: https://ts.lnk.to/subscribe
►Shop Merch: http://taylor.lnk.to/store

►Follow Taylor Swift Online: 
TikTok: http://tiktok.com/@taylorswift 
Instagram: http://instagram.com/taylorswift 
Twitter: http://twitter.com/taylorswift13 
Snapchat: http://snapchat.com/add/taylorswift 
Facebook: http://facebook.com/taylorswift 
Tumblr: http://taylorswift.tumblr.com 
Website: http://www.taylorswift.com 

►Follow Taylor Nation Online 
TikTok: http://tiktok.com/@taylornation
YouTube: https://youtube.com/taylornation 
 Instagram: http://instagram.com/taylornation 
Twitter: http://twitter.com/taylornation13
 Tumblr: http://taylornation.tumblr.com

#taylorswift #thetorturedpoetsdepartment",2024-04-20 00:00:09+00:00,PT4M10S,18659717,118755,3735,https://i.ytimg.com/vi/Atdzfj8LcuY/default.jpg,https://i.ytimg.com/vi/Atdzfj8LcuY/mqdefault.jpg,https://i.ytimg.com/vi/Atdzfj8LcuY/hqdefault.jpg,,,
iMMUAd66vxo,Taylor Swift - The Alchemy (Official Lyric Video),"Watch the official lyric video for “The Alchemy” by Taylor Swift, from ‘THE TORTURED POETS DEPARTMENT’

Buy/download/stream ‘THE TORTURED POETS DEPARTMENT’: https://taylor.lnk.to/thetorturedpoetsdepartment 

►Subscribe to Taylor Swift on YouTube: https://ts.lnk.to/subscribe
►Shop Merch: http://taylor.lnk.to/store

►Follow Taylor Swift Online: 
TikTok: http://tiktok.com/@taylorswift 
Instagram: http://instagram.com/taylorswift 
Twitter: http://twitter.com/taylorswift13 
Snapchat: http://snapchat.com/add/taylorswift 
Facebook: http://facebook.com/taylorswift 
Tumblr: http://taylorswift.tumblr.com 
Website: http://www.taylorswift.com 

►Follow Taylor Nation Online 
TikTok: http://tiktok.com/@taylornation
YouTube: https://youtube.com/taylornation 
 Instagram: http://instagram.com/taylornation 
Twitter: http://twitter.com/taylornation13
 Tumblr: http://taylornation.tumblr.com

#taylorswift #thetorturedpoetsdepartment",2024-04-20 00:00:34+00:00,PT3M22S,17840735,114058,2886,https://i.ytimg.com/vi/iMMUAd66vxo/default.jpg,https://i.ytimg.com/vi/iMMUAd66vxo/mqdefault.jpg,https://i.ytimg.com/vi/iMMUAd66vxo/hqdefault.jpg,,,
fcVUbmdQfaE,Taylor Swift - Clara Bow (Official Lyric Video),"Watch the official lyric video for “Clara Bow” by Taylor Swift, from ‘THE TORTURED POETS DEPARTMENT’

Buy/download/stream ‘THE TORTURED POETS DEPARTMENT’: https://taylor.lnk.to/thetorturedpoetsdepartment 

►Subscribe to Taylor Swift on YouTube: https://ts.lnk.to/subscribe
►Shop Merch: http://taylor.lnk.to/store

►Follow Taylor Swift Online: 
TikTok: http://tiktok.com/@taylorswift 
Instagram: http://instagram.com/taylorswift 
Twitter: http://twitter.com/taylorswift13 
Snapchat: http://snapchat.com/add/taylorswift 
Facebook: http://facebook.com/taylorswift 
Tumblr: http://taylorswift.tumblr.com 
Website: http://www.taylorswift.com 

►Follow Taylor Nation Online 
TikTok: http://tiktok.com/@taylornation
YouTube: https://youtube.com/taylornation 
 Instagram: http://instagram.com/taylornation 
Twitter: http://twitter.com/taylornation13
 Tumblr: http://taylornation.tumblr.com

#taylorswift #thetorturedpoetsdepartment",2024-04-20 00:00:17+00:00,PT3M42S,6917748,58739,1520,https://i.ytimg.com/vi/fcVUbmdQfaE/default.jpg,https://i.ytimg.com/vi/fcVUbmdQfaE/mqdefault.jpg,https://i.ytimg.com/vi/fcVUbmdQfaE/hqdefault.jpg,,,
56TZ3B8Qxsk,Taylor Swift - The Black Dog (Official Lyric Video),"Watch the official lyric video for “The Black Dog” by Taylor Swift, from ’THE TORTURED POETS DEPARTMENT: THE ANTHOLOGY’’

Buy/download/stream ‘THE TORTURED POETS DEPARTMENT’: https://taylor.lnk.to/thetorturedpoetsdepartment

►Subscribe to Taylor Swift on YouTube: https://ts.lnk.to/subscribe
►Shop Merch: http://taylor.lnk.to/store

►Follow Taylor Swift Online: 
TikTok: http://tiktok.com/@taylorswift 
Instagram: http://instagram.com/taylorswift 
Twitter: http://twitter.com/taylorswift13 
Snapchat: http://snapchat.com/add/taylorswift 
Facebook: http://facebook.com/taylorswift 
Tumblr: http://taylorswift.tumblr.com 
Website: http://www.taylorswift.com 

►Follow Taylor Nation Online 
TikTok: http://tiktok.com/@taylornation
 Instagram: http://instagram.com/taylornation 
Twitter: http://twitter.com/taylornation13
 Tumblr: http://taylornation.tumblr.com

#taylorswift #thetorturedpoetsdepartment",2024-04-20 00:10:34+00:00,PT4M4S,10996870,97635,2868,https://i.ytimg.com/vi/56TZ3B8Qxsk/default.jpg,https://i.ytimg.com/vi/56TZ3B8Qxsk/mqdefault.jpg,https://i.ytimg.com/vi/56TZ3B8Qxsk/hqdefault.jpg,,,
SBGdvxi2JmU,Taylor Swift - imgonnagetyouback (Official Lyric Video),"Watch the official lyric video for “imgonnagetyouback” by Taylor Swift, from ’THE TORTURED POETS DEPARTMENT: THE ANTHOLOGY’’

Buy/download/stream ‘THE TORTURED POETS DEPARTMENT’: https://taylor.lnk.to/thetorturedpoetsdepartment

►Subscribe to Taylor Swift on YouTube: https://ts.lnk.to/subscribe
►Shop Merch: http://taylor.lnk.to/store

►Follow Taylor Swift Online: 
TikTok: http://tiktok.com/@taylorswift 
Instagram: http://instagram.com/taylorswift 
Twitter: http://twitter.com/taylorswift13 
Snapchat: http://snapchat.com/add/taylorswift 
Facebook: http://facebook.com/taylorswift 
Tumblr: http://taylorswift.tumblr.com 
Website: http://www.taylorswift.com 

►Follow Taylor Nation Online 
TikTok: http://tiktok.com/@taylornation
 Instagram: http://instagram.com/taylornation 
Twitter: http://twitter.com/taylornation13
 Tumblr: http://taylornation.tumblr.com

#taylorswift #thetorturedpoetsdepartment #imgonnagetyouback",2024-04-20 00:00:12+00:00,PT3M45S,14594226,87715,2709,https://i.ytimg.com/vi/SBGdvxi2JmU/default.jpg,https://i.ytimg.com/vi/SBGdvxi2JmU/mqdefault.jpg,https://i.ytimg.com/vi/SBGdvxi2JmU/hqdefault.jpg,,,
4wOsiM2T_xc,Taylor Swift - The Albatross (Official Lyric Video),"Watch the official lyric video for “The Albatross” by Taylor Swift, from ’THE TORTURED POETS DEPARTMENT: THE ANTHOLOGY’’

Buy/download/stream ‘THE TORTURED POETS DEPARTMENT’: https://taylor.lnk.to/thetorturedpoetsdepartment 

►Subscribe to Taylor Swift on YouTube: https://ts.lnk.to/subscribe
►Shop Merch: http://taylor.lnk.to/store

►Follow Taylor Swift Online: 
TikTok: http://tiktok.com/@taylorswift 
Instagram: http://instagram.com/taylorswift 
Twitter: http://twitter.com/taylorswift13 
Snapchat: http://snapchat.com/add/taylorswift 
Facebook: http://facebook.com/taylorswift 
Tumblr: http://taylorswift.tumblr.com 
Website: http://www.taylorswift.com 

►Follow Taylor Nation Online 
TikTok: http://tiktok.com/@taylornation
 Instagram: http://instagram.com/taylornation 
Twitter: http://twitter.com/taylornation13
 Tumblr: http://taylornation.tumblr.com

#taylorswift #thetorturedpoetsdepartment #thealbatross",2024-04-20 00:00:03+00:00,PT3M9S,4915651,48844,1130,https://i.ytimg.com/vi/4wOsiM2T_xc/default.jpg,https://i.ytimg.com/vi/4wOsiM2T_xc/mqdefault.jpg,https://i.ytimg.com/vi/4wOsiM2T_xc/hqdefault.jpg,,,
gOtOWeD9YJk,Taylor Swift - Chloe or Sam or Sophia or Marcus (Official Lyric Video),"Watch the official lyric video for “Chloe or Sam or Sophia or Marcus” by Taylor Swift, from ’THE TORTURED POETS DEPARTMENT: THE ANTHOLOGY’’

Buy/download/stream ‘THE TORTURED POETS DEPARTMENT’: https://taylor.lnk.to/thetorturedpoetsdepartment

►Subscribe to Taylor Swift on YouTube: https://ts.lnk.to/subscribe
►Shop Merch: http://taylor.lnk.to/store

►Follow Taylor Swift Online: 
TikTok: http://tiktok.com/@taylorswift 
Instagram: http://instagram.com/taylorswift 
Twitter: http://twitter.com/taylorswift13 
Snapchat: http://snapchat.com/add/taylorswift 
Facebook: http://facebook.com/taylorswift 
Tumblr: http://taylorswift.tumblr.com 
Website: http://www.taylorswift.com 

►Follow Taylor Nation Online 
TikTok: http://tiktok.com/@taylornation
 Instagram: http://instagram.com/taylornation 
Twitter: http://twitter.com/taylornation13
 Tumblr: http://taylornation.tumblr.com

#taylorswift #thetorturedpoetsdepartment #ChloeorSamorSophiaorMarcus",2024-04-20 00:00:18+00:00,PT3M39S,6531532,57684,1666,https://i.ytimg.com/vi/gOtOWeD9YJk/default.jpg,https://i.ytimg.com/vi/gOtOWeD9YJk/mqdefault.jpg,https://i.ytimg.com/vi/gOtOWeD9YJk/hqdefault.jpg,,,
O3wlMR0y4a4,Taylor Swift - How Did It End? (Official Lyric Video),"Watch the official lyric video for “How Did It End?” by Taylor Swift, from 'THE TORTURED POETS DEPARTMENT: THE ANTHOLOGY’’

Buy/download/stream ‘THE TORTURED POETS DEPARTMENT’: https://taylor.lnk.to/thetorturedpoetsdepartment 

►Subscribe to Taylor Swift on YouTube: https://ts.lnk.to/subscribe
►Shop Merch: http://taylor.lnk.to/store

►Follow Taylor Swift Online: 
TikTok: http://tiktok.com/@taylorswift 
Instagram: http://instagram.com/taylorswift 
Twitter: http://twitter.com/taylorswift13 
Snapchat: http://snapchat.com/add/taylorswift 
Facebook: http://facebook.com/taylorswift 
Tumblr: http://taylorswift.tumblr.com 
Website: http://www.taylorswift.com 

►Follow Taylor Nation Online 
TikTok: http://tiktok.com/@taylornation
 Instagram: http://instagram.com/taylornation 
Twitter: http://twitter.com/taylornation13
 Tumblr: http://taylornation.tumblr.com

#taylorswift #thetorturedpoetsdepartment #howdiditend",2024-04-20 00:00:10+00:00,PT4M3S,10433672,80118,2215,https://i.ytimg.com/vi/O3wlMR0y4a4/default.jpg,https://i.ytimg.com/vi/O3wlMR0y4a4/mqdefault.jpg,https://i.ytimg.com/vi/O3wlMR0y4a4/hqdefault.jpg,,,
w-FkV0EM_CU,Taylor Swift -  So High School (Official Lyric Video),"Watch the official lyric video for “So High School” by Taylor Swift, from ’THE TORTURED POETS DEPARTMENT: THE ANTHOLOGY’’

Buy/download/stream ‘THE TORTURED POETS DEPARTMENT’: https://taylor.lnk.to/thetorturedpoetsdepartment 

►Subscribe to Taylor Swift on YouTube: https://ts.lnk.to/subscribe
►Shop Merch: http://taylor.lnk.to/store

►Follow Taylor Swift Online: 
TikTok: http://tiktok.com/@taylorswift 
Instagram: http://instagram.com/taylorswift 
Twitter: http://twitter.com/taylorswift13 
Snapchat: http://snapchat.com/add/taylorswift 
Facebook: http://facebook.com/taylorswift 
Tumblr: http://taylorswift.tumblr.com 
Website: http://www.taylorswift.com 

►Follow Taylor Nation Online 
TikTok: http://tiktok.com/@taylornation
 Instagram: http://instagram.com/taylornation 
Twitter: http://twitter.com/taylornation13
 Tumblr: http://taylornation.tumblr.com

#taylorswift #thetorturedpoetsdepartment #sohighschool",2024-04-20 00:00:23+00:00,PT3M55S,25781164,175171,5396,https://i.ytimg.com/vi/w-FkV0EM_CU/default.jpg,https://i.ytimg.com/vi/w-FkV0EM_CU/mqdefault.jpg,https://i.ytimg.com/vi/w-FkV0EM_CU/hqdefault.jpg,,,
BpkmUfv1I4Q,Taylor Swift - I Hate It Here (Official Lyric Video),"Watch the official lyric video for “I Hate It Here” by Taylor Swift, from ’THE TORTURED POETS DEPARTMENT: THE ANTHOLOGY’’

Buy/download/stream ‘THE TORTURED POETS DEPARTMENT’: https://taylor.lnk.to/thetorturedpoetsdepartment 

►Subscribe to Taylor Swift on YouTube: https://ts.lnk.to/subscribe
►Shop Merch: http://taylor.lnk.to/store

►Follow Taylor Swift Online: 
TikTok: http://tiktok.com/@taylorswift 
Instagram: http://instagram.com/taylorswift 
Twitter: http://twitter.com/taylorswift13 
Snapchat: http://snapchat.com/add/taylorswift 
Facebook: http://facebook.com/taylorswift 
Tumblr: http://taylorswift.tumblr.com 
Website: http://www.taylorswift.com 

►Follow Taylor Nation Online 
TikTok: http://tiktok.com/@taylornation
 Instagram: http://instagram.com/taylornation 
Twitter: http://twitter.com/taylornation13
 Tumblr: http://taylornation.tumblr.com

#taylorswift #thetorturedpoetsdepartment #ihateithere",2024-04-20 00:10:39+00:00,PT4M8S,8186292,107685,5114,https://i.ytimg.com/vi/BpkmUfv1I4Q/default.jpg,https://i.ytimg.com/vi/BpkmUfv1I4Q/mqdefault.jpg,https://i.ytimg.com/vi/BpkmUfv1I4Q/hqdefault.jpg,,,
oaBJlKXBvjk,Taylor Swift - thanK you aIMee (Official Lyric Video),"Watch the official lyric video for “thanK you aIMee"" by Taylor Swift, from 'THE TORTURED POETS DEPARTMENT: THE ANTHOLOGY’’

Buy/download/stream ‘THE TORTURED POETS DEPARTMENT’: https://taylor.lnk.to/thetorturedpoetsdepartment

►Subscribe to Taylor Swift on YouTube: https://ts.lnk.to/subscribe
►Shop Merch: http://taylor.lnk.to/store

►Follow Taylor Swift Online: 
TikTok: http://tiktok.com/@taylorswift 
Instagram: http://instagram.com/taylorswift 
Twitter: http://twitter.com/taylorswift13 
Snapchat: http://snapchat.com/add/taylorswift 
Facebook: http://facebook.com/taylorswift 
Tumblr: http://taylorswift.tumblr.com 
Website: http://www.taylorswift.com 

►Follow Taylor Nation Online 
TikTok: http://tiktok.com/@taylornation
 Instagram: http://instagram.com/taylornation 
Twitter: http://twitter.com/taylornation13
 Tumblr: http://taylornation.tumblr.com

#taylorswift #thetorturedpoetsdepartment #thanKyouaIMee",2024-04-20 00:00:20+00:00,PT4M30S,6271401,79162,4062,https://i.ytimg.com/vi/oaBJlKXBvjk/default.jpg,https://i.ytimg.com/vi/oaBJlKXBvjk/mqdefault.jpg,https://i.ytimg.com/vi/oaBJlKXBvjk/hqdefault.jpg,,,
6HIA7ouBfGY,Taylor Swift - I Look in People's Windows (Official Lyric Video),"Watch the official lyric video for “I Look in People's Windows” by Taylor Swift, from ’THE TORTURED POETS DEPARTMENT: THE ANTHOLOGY’’

Buy/download/stream ‘THE TORTURED POETS DEPARTMENT’: https://taylor.lnk.to/thetorturedpoetsdepartment 

►Subscribe to Taylor Swift on YouTube: https://ts.lnk.to/subscribe
►Shop Merch: http://taylor.lnk.to/store

►Follow Taylor Swift Online: 
TikTok: http://tiktok.com/@taylorswift 
Instagram: http://instagram.com/taylorswift 
Twitter: http://twitter.com/taylorswift13 
Snapchat: http://snapchat.com/add/taylorswift 
Facebook: http://facebook.com/taylorswift 
Tumblr: http://taylorswift.tumblr.com 
Website: http://www.taylorswift.com 

►Follow Taylor Nation Online 
TikTok: http://tiktok.com/@taylornation
 Instagram: http://instagram.com/taylornation 
Twitter: http://twitter.com/taylornation13
 Tumblr: http://taylornation.tumblr.com

#taylorswift #thetorturedpoetsdepartment #ilookinpeopleswindows",2024-04-20 00:00:02+00:00,PT2M18S,3914361,46077,1195,https://i.ytimg.com/vi/6HIA7ouBfGY/default.jpg,https://i.ytimg.com/vi/6HIA7ouBfGY/mqdefault.jpg,https://i.ytimg.com/vi/6HIA7ouBfGY/hqdefault.jpg,,,
_PsBoqNwYo4,Taylor Swift - The Prophecy (Official Lyric Video),"Watch the official lyric video for “The Prophecy” by Taylor Swift, from ’THE TORTURED POETS DEPARTMENT: THE ANTHOLOGY’’

Buy/download/stream ‘THE TORTURED POETS DEPARTMENT’: https://taylor.lnk.to/thetorturedpoetsdepartment 

►Subscribe to Taylor Swift on YouTube: https://ts.lnk.to/subscribe
►Shop Merch: http://taylor.lnk.to/store

►Follow Taylor Swift Online: 
TikTok: http://tiktok.com/@taylorswift 
Instagram: http://instagram.com/taylorswift 
Twitter: http://twitter.com/taylorswift13 
Snapchat: http://snapchat.com/add/taylorswift 
Facebook: http://facebook.com/taylorswift 
Tumblr: http://taylorswift.tumblr.com 
Website: http://www.taylorswift.com 

►Follow Taylor Nation Online 
TikTok: http://tiktok.com/@taylornation
 Instagram: http://instagram.com/taylornation 
Twitter: http://twitter.com/taylornation13
 Tumblr: http://taylornation.tumblr.com

#taylorswift #thetorturedpoetsdepartment #theprophecy",2024-04-20 00:00:25+00:00,PT4M14S,18342845,123983,3211,https://i.ytimg.com/vi/_PsBoqNwYo4/default.jpg,https://i.ytimg.com/vi/_PsBoqNwYo4/mqdefault.jpg,https://i.ytimg.com/vi/_PsBoqNwYo4/hqdefault.jpg,,,
0hYY86DmqPY,Taylor Swift - Cassandra (Official Lyric Video),"Watch the official lyric video for “Cassandra” by Taylor Swift, from ’THE TORTURED POETS DEPARTMENT: THE ANTHOLOGY’’

Buy/download/stream ‘THE TORTURED POETS DEPARTMENT’: https://taylor.lnk.to/thetorturedpoetsdepartment 

►Subscribe to Taylor Swift on YouTube: https://ts.lnk.to/subscribe
►Shop Merch: http://taylor.lnk.to/store

►Follow Taylor Swift Online: 
TikTok: http://tiktok.com/@taylorswift 
Instagram: http://instagram.com/taylorswift 
Twitter: http://twitter.com/taylorswift13 
Snapchat: http://snapchat.com/add/taylorswift 
Facebook: http://facebook.com/taylorswift 
Tumblr: http://taylorswift.tumblr.com 
Website: http://www.taylorswift.com 

►Follow Taylor Nation Online 
TikTok: http://tiktok.com/@taylornation
 Instagram: http://instagram.com/taylornation 
Twitter: http://twitter.com/taylornation13
 Tumblr: http://taylornation.tumblr.com

#taylorswift #thetorturedpoetsdepartment #cassandra",2024-04-20 00:00:00+00:00,PT4M6S,3660164,52456,2040,https://i.ytimg.com/vi/0hYY86DmqPY/default.jpg,https://i.ytimg.com/vi/0hYY86DmqPY/mqdefault.jpg,https://i.ytimg.com/vi/0hYY86DmqPY/hqdefault.jpg,,,
Mxxswu7V1Us,Taylor Swift - Peter (Official Lyric Video),"Watch the official lyric video for “Peter” by Taylor Swift, from ‘THE TORTURED POETS DEPARTMENT’/’THE TORTURED POETS DEPARTMENT: THE ANTHOLOGY’’

Buy/download/stream ‘THE TORTURED POETS DEPARTMENT’: https://taylor.lnk.to/thetorturedpoetsdepartment 

►Subscribe to Taylor Swift on YouTube: https://ts.lnk.to/subscribe
►Shop Merch: http://taylor.lnk.to/store

►Follow Taylor Swift Online: 
TikTok: http://tiktok.com/@taylorswift 
Instagram: http://instagram.com/taylorswift 
Twitter: http://twitter.com/taylorswift13 
Snapchat: http://snapchat.com/add/taylorswift 
Facebook: http://facebook.com/taylorswift 
Tumblr: http://taylorswift.tumblr.com 
Website: http://www.taylorswift.com 

►Follow Taylor Nation Online 
TikTok: http://tiktok.com/@taylornation
 Instagram: http://instagram.com/taylornation 
Twitter: http://twitter.com/taylornation13
 Tumblr: http://taylornation.tumblr.com

#taylorswift #thetorturedpoetsdepartment #peter",2024-04-20 00:00:14+00:00,PT4M50S,10841775,84978,2966,https://i.ytimg.com/vi/Mxxswu7V1Us/default.jpg,https://i.ytimg.com/vi/Mxxswu7V1Us/mqdefault.jpg,https://i.ytimg.com/vi/Mxxswu7V1Us/hqdefault.jpg,,,
bAi80EylyXQ,Taylor Swift - The Bolter (Official Lyric Video),"Watch the official lyric video for “The Bolter” by Taylor Swift, from 'THE TORTURED POETS DEPARTMENT: THE ANTHOLOGY’’

Buy/download/stream ‘THE TORTURED POETS DEPARTMENT’: https://taylor.lnk.to/thetorturedpoetsdepartment 

►Subscribe to Taylor Swift on YouTube: https://ts.lnk.to/subscribe
►Shop Merch: http://taylor.lnk.to/store

►Follow Taylor Swift Online: 
TikTok: http://tiktok.com/@taylorswift 
Instagram: http://instagram.com/taylorswift 
Twitter: http://twitter.com/taylorswift13 
Snapchat: http://snapchat.com/add/taylorswift 
Facebook: http://facebook.com/taylorswift 
Tumblr: http://taylorswift.tumblr.com 
Website: http://www.taylorswift.com 

►Follow Taylor Nation Online 
TikTok: http://tiktok.com/@taylornation
 Instagram: http://instagram.com/taylornation 
Twitter: http://twitter.com/taylornation13
 Tumblr: http://taylornation.tumblr.com

#taylorswift #thetorturedpoetsdepartment #thebolter",2024-04-20 00:00:26+00:00,PT4M3S,7096878,60068,1590,https://i.ytimg.com/vi/bAi80EylyXQ/default.jpg,https://i.ytimg.com/vi/bAi80EylyXQ/mqdefault.jpg,https://i.ytimg.com/vi/bAi80EylyXQ/hqdefault.jpg,,,
FQyEZZPbOb0,Taylor Swift - Robin (Official Lyric Video),"Watch the official lyric video for “Robin"" by Taylor Swift, from ‘THE TORTURED POETS DEPARTMENT’/’THE TORTURED POETS DEPARTMENT: THE ANTHOLOGY’’

Buy/download/stream ‘THE TORTURED POETS DEPARTMENT’: https://taylor.lnk.to/thetorturedpoetsdepartment 

►Subscribe to Taylor Swift on YouTube: https://ts.lnk.to/subscribe
►Shop Merch: http://taylor.lnk.to/store

►Follow Taylor Swift Online: 
TikTok: http://tiktok.com/@taylorswift 
Instagram: http://instagram.com/taylorswift 
Twitter: http://twitter.com/taylorswift13 
Snapchat: http://snapchat.com/add/taylorswift 
Facebook: http://facebook.com/taylorswift 
Tumblr: http://taylorswift.tumblr.com 
Website: http://www.taylorswift.com 

►Follow Taylor Nation Online 
TikTok: http://tiktok.com/@taylornation
 Instagram: http://instagram.com/taylornation 
Twitter: http://twitter.com/taylornation13
 Tumblr: http://taylornation.tumblr.com

#taylorswift #thetorturedpoetsdepartment #robin",2024-04-20 00:00:12+00:00,PT4M6S,2228772,35028,1258,https://i.ytimg.com/vi/FQyEZZPbOb0/default.jpg,https://i.ytimg.com/vi/FQyEZZPbOb0/mqdefault.jpg,https://i.ytimg.com/vi/FQyEZZPbOb0/hqdefault.jpg,,,
iY6Qhlua8Zw,Taylor Swift - The Manuscript (Official Lyric Video),"Watch the official lyric video for “The Manuscript” by Taylor Swift, from ’THE TORTURED POETS DEPARTMENT: THE ANTHOLOGY’’

Buy/download/stream ‘THE TORTURED POETS DEPARTMENT’: https://taylor.lnk.to/thetorturedpoetsdepartment 

►Subscribe to Taylor Swift on YouTube: https://ts.lnk.to/subscribe
►Shop Merch: http://taylor.lnk.to/store

►Follow Taylor Swift Online: 
TikTok: http://tiktok.com/@taylorswift 
Instagram: http://instagram.com/taylorswift 
Twitter: http://twitter.com/taylorswift13 
Snapchat: http://snapchat.com/add/taylorswift 
Facebook: http://facebook.com/taylorswift 
Tumblr: http://taylorswift.tumblr.com 
Website: http://www.taylorswift.com 

►Follow Taylor Nation Online 
TikTok: http://tiktok.com/@taylornation
 Instagram: http://instagram.com/taylornation 
Twitter: http://twitter.com/taylornation13
 Tumblr: http://taylornation.tumblr.com

#taylorswift #thetorturedpoetsdepartment #themanuscript",2024-04-20 00:00:26+00:00,PT3M49S,2931772,44926,1223,https://i.ytimg.com/vi/iY6Qhlua8Zw/default.jpg,https://i.ytimg.com/vi/iY6Qhlua8Zw/mqdefault.jpg,https://i.ytimg.com/vi/iY6Qhlua8Zw/hqdefault.jpg,,,
HzsQHfBA3MY,Taylor Swift - Fortnight (feat Post Malone) (Official Lyric Video),"Watch the official lyric video for “Fortnight (feat Post Malone) ” by Taylor Swift, from ‘THE TORTURED POETS DEPARTMENT’

Buy/download/stream ‘THE TORTURED POETS DEPARTMENT’: https://taylor.lnk.to/thetorturedpoetsdepartment 

►Subscribe to Taylor Swift on YouTube: https://ts.lnk.to/subscribe
►Shop Merch: http://taylor.lnk.to/store

►Follow Taylor Swift Online: 
TikTok: http://tiktok.com/@taylorswift 
Instagram: http://instagram.com/taylorswift 
Twitter: http://twitter.com/taylorswift13 
Snapchat: http://snapchat.com/add/taylorswift 
Facebook: http://facebook.com/taylorswift 
Tumblr: http://taylorswift.tumblr.com 
Website: http://www.taylorswift.com 

►Follow Taylor Nation Online 
TikTok: http://tiktok.com/@taylornation
YouTube: https://youtube.com/taylornation 
 Instagram: http://instagram.com/taylornation 
Twitter: http://twitter.com/taylornation13
 Tumblr: http://taylornation.tumblr.com

#taylorswift #postmalone #fortnight #thetorturedpoetsdepartment",2024-04-20 00:00:07+00:00,PT3M54S,3902606,48613,1007,https://i.ytimg.com/vi/HzsQHfBA3MY/default.jpg,https://i.ytimg.com/vi/HzsQHfBA3MY/mqdefault.jpg,https://i.ytimg.com/vi/HzsQHfBA3MY/hqdefault.jpg,,,
b7kmP1fsGg8,Taylor Swift - Fortnight (feat. Post Malone),"Listen to “Fortnight (feat. Post Malone)” by Taylor Swift, from ‘The Tortured Poets Department’.

►Subscribe to Taylor Swift on YouTube: https://ts.lnk.to/subscribe
►Shop Merch: http://taylorswift.lnk.to/store 

►Follow Taylor Swift Online: 
TikTok: http://tiktok.com/@taylorswift 
Instagram: http://instagram.com/taylorswift 
Twitter: http://twitter.com/taylorswift13 
Snapchat: http://snapchat.com/add/taylorswift 
Facebook: http://facebook.com/taylorswift 
Tumblr: http://taylorswift.tumblr.com 
Website: http://www.taylorswift.com 

►Follow Taylor Nation Online 
TikTok: http://tiktok.com/@taylornation
Instagram: http://instagram.com/taylornation 
YouTube: https://youtube.com/taylornation 
Twitter: http://twitter.com/taylornation13
Tumblr: http://taylornation.tumblr.com

#taylorswift #postmalone #fortnight #thetorturedpoetsdepartment",2024-04-19 04:00:32+00:00,PT3M49S,25940557,435668,29154,https://i.ytimg.com/vi/b7kmP1fsGg8/default.jpg,https://i.ytimg.com/vi/b7kmP1fsGg8/mqdefault.jpg,https://i.ytimg.com/vi/b7kmP1fsGg8/hqdefault.jpg,,,
KJXP13hqf2I,Taylor Swift - Fortnight (feat Post Malone) (BLOND:ISH Remix),"Listen to ""Fortnight (feat Post Malone) (BLOND:ISH Remix)"" by Taylor Swift, from THE TORTURED POETS DEPARTMENT.

Buy/download/stream ‘THE TORTURED POETS DEPARTMENT’: https://taylor.lnk.to/thetorturedpoetsdepartment 

►Subscribe to Taylor Swift on YouTube: https://ts.lnk.to/subscribe
►Shop Merch: http://taylor.lnk.to/store

►Follow Taylor Swift Online: 
TikTok: http://tiktok.com/@taylorswift 
Instagram: http://instagram.com/taylorswift 
Twitter: http://twitter.com/taylorswift13 
Snapchat: http://snapchat.com/add/taylorswift 
Facebook: http://facebook.com/taylorswift 
Tumblr: http://taylorswift.tumblr.com 
Website: http://www.taylorswift.com 

►Follow Taylor Nation Online 
TikTok: http://tiktok.com/@taylornation
 Instagram: http://instagram.com/taylornation 
Twitter: http://twitter.com/taylornation13
 Tumblr: http://taylornation.tumblr.com

►Follow BLOND:ISH online:
Instagram: https://www.instagram.com/blondish  
TikTok: https://www.tiktok.com/@blondish
Twitter: https://x.com/blond_ish
Facebook: https://www.facebook.com/Blondish
YouTube: https://www.youtube.com/user/BLONDISHTV
Website: https://blondish.world

#taylorswift #fortnight #remix",2024-05-22 00:00:43+00:00,PT3M42S,2972184,75282,6525,https://i.ytimg.com/vi/KJXP13hqf2I/default.jpg,https://i.ytimg.com/vi/KJXP13hqf2I/mqdefault.jpg,https://i.ytimg.com/vi/KJXP13hqf2I/hqdefault.jpg,,,
w04K8z_nfDI,"Fortnight (Behind the Scenes with Post Malone, Ethan Hawke & Josh Charles)","Behind the scenes of Fortnight (feat. Post Malone) official music video with Post Malone, Ethan Hawke & Josh Charles, from the album 'The Tortured Poets Department'.

Watch the ""Fortnight (Feat. Post Malone)"" official music video: https://taylor.lnk.to/FortnightMV
Stream/download 'The Tortured Poets Department': https://taylor.lnk.to/thetorturedpoetsdepartment

►Subscribe to Taylor Swift on YouTube: https://ts.lnk.to/subscribe 
 
►Exclusive Merch: http://taylorswift.lnk.to/store

►Follow Taylor Swift online:
Instagram:  https://instagram.com/taylorswift    
TikTok: http:/tiktok.com/@taylorswift 
Facebook:  https://facebook.com/taylorswift    
Tumblr:  https://tumblr.com/taylorswift    
X:  https://x.com/taylorswift13    
Snapchat:  https://snapchat.com/taylorswift  
Website: http://www.taylorswift.com  

►Follow Taylor Nation:
Instagram:  https://instagram.com/taylornation    
TikTok: http:/tiktok.com/@taylornation
Tumblr: https://tumblr.com/taylornation    
X:  https://x.com/taylornation13  

#TaylorSwift #BTS #fortnight #postmalone #thetorturedpoetsdepartment",2024-12-13 15:03:06+00:00,PT3M49S,911236,79618,4588,https://i.ytimg.com/vi/w04K8z_nfDI/default.jpg,https://i.ytimg.com/vi/w04K8z_nfDI/mqdefault.jpg,https://i.ytimg.com/vi/w04K8z_nfDI/hqdefault.jpg,,,
FsGdznlfE2U,Taylor Swift - Welcome To New York (Taylor's Version) (Lyric Video),"Watch the official lyric video for “Welcome To New York (Taylor's Version)” by Taylor Swift, from ‘1989 (Taylor’s Version)’.

Buy/download/stream ‘1989 (Taylor’s Version)’: https://taylor.lnk.to/1989taylorsversion

Get tickets to Taylor Swift | The Eras Tour concert film in theaters now http://taylor.lnk.to/TSTheErasTourFilm 

►Subscribe to Taylor Swift on YouTube: https://ts.lnk.to/subscribe
►Shop Merch: http://taylorswift.lnk.to/store 
►Follow Taylor Swift Online: 
TikTok: http://tiktok.com/@taylorswift 
Instagram: http://instagram.com/taylorswift 
Twitter: http://twitter.com/taylorswift13 
Snapchat: http://snapchat.com/add/taylorswift 
Facebook: http://facebook.com/taylorswift 
Tumblr: http://taylorswift.tumblr.com 
Website: http://www.taylorswift.com 

►Follow Taylor Nation Online 
TikTok: http://tiktok.com/@taylornation
 Instagram: http://instagram.com/taylornation 
Twitter: http://twitter.com/taylornation13
 Tumblr: http://taylornation.tumblr.com

#taylorswift #1989taylorsversion

Music video by Taylor Swift performing Welcome To New York (Taylor's Version) (Lyric Video). © 2023 Taylor Swift

http://vevo.ly/4PFzYG",2023-10-27 04:00:16+00:00,PT3M38S,24235023,249378,8371,https://i.ytimg.com/vi/FsGdznlfE2U/default.jpg,https://i.ytimg.com/vi/FsGdznlfE2U/mqdefault.jpg,https://i.ytimg.com/vi/FsGdznlfE2U/hqdefault.jpg,,,
gir8BEqAutk,Taylor Swift - Blank Space (Taylor's Version) (Lyric Video),"Watch the official lyric video for “Blank Space (Taylor's Version)” by Taylor Swift, from ‘1989 (Taylor’s Version)’.

Buy/download/stream ‘1989 (Taylor’s Version)’: https://taylor.lnk.to/1989taylorsversion

Get tickets to Taylor Swift | The Eras Tour concert film in theaters now http://taylor.lnk.to/TSTheErasTourFilm 

►Subscribe to Taylor Swift on YouTube: https://ts.lnk.to/subscribe
►Shop Merch: http://taylorswift.lnk.to/store 
►Follow Taylor Swift Online: 
TikTok: http://tiktok.com/@taylorswift 
Instagram: http://instagram.com/taylorswift 
Twitter: http://twitter.com/taylorswift13 
Snapchat: http://snapchat.com/add/taylorswift 
Facebook: http://facebook.com/taylorswift 
Tumblr: http://taylorswift.tumblr.com 
Website: http://www.taylorswift.com 

►Follow Taylor Nation Online 
TikTok: http://tiktok.com/@taylornation
 Instagram: http://instagram.com/taylornation 
Twitter: http://twitter.com/taylornation13
 Tumblr: http://taylornation.tumblr.com

#taylorswift #1989taylorsversion

Music video by Taylor Swift performing Blank Space (Taylor's Version) (Lyric Video). © 2023 Taylor Swift

http://vevo.ly/3QunIO",2023-10-27 04:00:32+00:00,PT3M57S,24712035,332178,7739,https://i.ytimg.com/vi/gir8BEqAutk/default.jpg,https://i.ytimg.com/vi/gir8BEqAutk/mqdefault.jpg,https://i.ytimg.com/vi/gir8BEqAutk/hqdefault.jpg,,,
2JgvVfOfoWI,Taylor Swift - Style (Taylor's Version) (Lyric Video),"Watch the official lyric video for “Style (Taylor's Version)” by Taylor Swift, from ‘1989 (Taylor’s Version)’.

Buy/download/stream ‘1989 (Taylor’s Version)’: https://taylor.lnk.to/1989taylorsversion

Stream/download ‘The Life of a Showgirl’: https://taylor.lnk.to/TSTheLifeofaShowgirlYD

►Subscribe to Taylor Swift on YouTube: https://ts.lnk.to/subscribe

►Shop Merch: http://taylorswift.lnk.to/store 

►Follow Taylor Swift Online: 
TikTok: http://tiktok.com/@taylorswift 
Instagram: http://instagram.com/taylorswift 
Twitter: http://twitter.com/taylorswift13 
Snapchat: http://snapchat.com/add/taylorswift 
Facebook: http://facebook.com/taylorswift 
Tumblr: http://taylorswift.tumblr.com 
Website: http://www.taylorswift.com 

►Follow Taylor Nation Online 
TikTok: http://tiktok.com/@taylornation
 Instagram: http://instagram.com/taylornation 
Twitter: http://twitter.com/taylornation13
 Tumblr: http://taylornation.tumblr.com

#taylorswift #1989taylorsversion

Music video by Taylor Swift performing Style (Taylor's Version) (Lyric Video). © 2023 Taylor Swift",2023-10-27 04:00:02+00:00,PT3M56S,34486082,365152,9817,https://i.ytimg.com/vi/2JgvVfOfoWI/default.jpg,https://i.ytimg.com/vi/2JgvVfOfoWI/mqdefault.jpg,https://i.ytimg.com/vi/2JgvVfOfoWI/hqdefault.jpg,,,
gp1MR2WAAXY,Taylor Swift - Out Of The Woods (Taylor's Version) (Lyric Video),"Watch the official lyric video for “Out Of The Woods (Taylor's Version)” by Taylor Swift, from ‘1989 (Taylor’s Version)’.

Buy/download/stream ‘1989 (Taylor’s Version)’: https://taylor.lnk.to/1989taylorsversion

Get tickets to Taylor Swift | The Eras Tour concert film in theaters now http://taylor.lnk.to/TSTheErasTourFilm 

►Subscribe to Taylor Swift on YouTube: https://ts.lnk.to/subscribe
►Shop Merch: http://taylorswift.lnk.to/store 
►Follow Taylor Swift Online: 
TikTok: http://tiktok.com/@taylorswift 
Instagram: http://instagram.com/taylorswift 
Twitter: http://twitter.com/taylorswift13 
Snapchat: http://snapchat.com/add/taylorswift 
Facebook: http://facebook.com/taylorswift 
Tumblr: http://taylorswift.tumblr.com 
Website: http://www.taylorswift.com 

►Follow Taylor Nation Online 
TikTok: http://tiktok.com/@taylornation
 Instagram: http://instagram.com/taylornation 
Twitter: http://twitter.com/taylornation13
 Tumblr: http://taylornation.tumblr.com

#taylorswift #1989taylorsversion

Music video by Taylor Swift performing Out Of The Woods (Taylor's Version) (Lyric Video). © 2023 Taylor Swift",2023-10-27 04:00:33+00:00,PT4M2S,11858170,156045,3892,https://i.ytimg.com/vi/gp1MR2WAAXY/default.jpg,https://i.ytimg.com/vi/gp1MR2WAAXY/mqdefault.jpg,https://i.ytimg.com/vi/gp1MR2WAAXY/hqdefault.jpg,,,
_Usd5X5XJXM,Taylor Swift - All You Had To Do Was Stay (Taylor's Version) (Lyric Video),"Watch the official lyric video for “All You Had To Do Was Stay (Taylor's Version)” by Taylor Swift, from ‘1989 (Taylor’s Version)’.

Buy/download/stream ‘1989 (Taylor’s Version)’ here: https://taylor.lnk.to/1989taylorsversion

Stream/download ‘The Life of a Showgirl’: https://taylor.lnk.to/TSTheLifeofaShowgirlYD

►Subscribe to Taylor Swift on YouTube: https://ts.lnk.to/subscribe

►Shop Merch: http://taylorswift.lnk.to/store 

►Follow Taylor Swift Online: 
TikTok: http://tiktok.com/@taylorswift 
Instagram: http://instagram.com/taylorswift 
Twitter: http://twitter.com/taylorswift13 
Snapchat: http://snapchat.com/add/taylorswift 
Facebook: http://facebook.com/taylorswift 
Tumblr: http://taylorswift.tumblr.com 
Website: http://www.taylorswift.com 

►Follow Taylor Nation Online 
TikTok: http://tiktok.com/@taylornation
 Instagram: http://instagram.com/taylornation 
Twitter: http://twitter.com/taylornation13
 Tumblr: http://taylornation.tumblr.com

#taylorswift #1989taylorsversion

Music video by Taylor Swift performing All You Had To Do Was Stay (Taylor's Version) (Lyric Video). © 2023 Taylor Swift",2023-10-27 04:00:20+00:00,PT3M19S,9178198,97468,1878,https://i.ytimg.com/vi/_Usd5X5XJXM/default.jpg,https://i.ytimg.com/vi/_Usd5X5XJXM/mqdefault.jpg,https://i.ytimg.com/vi/_Usd5X5XJXM/hqdefault.jpg,,,
mvVBuG4IOW4,Taylor Swift - Shake It Off (Taylor's Version) (Lyric Video),"Watch the official lyric video for “Shake It Off (Taylor's Version)” by Taylor Swift, from ‘1989 (Taylor’s Version)’.

Buy/download/stream ‘1989 (Taylor’s Version)’: https://taylor.lnk.to/1989taylorsversion

Get tickets to Taylor Swift | The Eras Tour concert film in theaters now http://taylor.lnk.to/TSTheErasTourFilm 

►Subscribe to Taylor Swift on YouTube: https://ts.lnk.to/subscribe
►Shop Merch: http://taylorswift.lnk.to/store 
►Follow Taylor Swift Online: 
TikTok: http://tiktok.com/@taylorswift 
Instagram: http://instagram.com/taylorswift 
Twitter: http://twitter.com/taylorswift13 
Snapchat: http://snapchat.com/add/taylorswift 
Facebook: http://facebook.com/taylorswift 
Tumblr: http://taylorswift.tumblr.com 
Website: http://www.taylorswift.com 

►Follow Taylor Nation Online 
TikTok: http://tiktok.com/@taylornation
 Instagram: http://instagram.com/taylornation 
Twitter: http://twitter.com/taylornation13
 Tumblr: http://taylornation.tumblr.com

#taylorswift #1989taylorsversion

Music video by Taylor Swift performing Shake It Off (Taylor's Version) (Lyric Video). © 2023 Taylor Swift

http://vevo.ly/kfZx2o",2023-10-27 04:00:32+00:00,PT3M45S,26265920,243967,5637,https://i.ytimg.com/vi/mvVBuG4IOW4/default.jpg,https://i.ytimg.com/vi/mvVBuG4IOW4/mqdefault.jpg,https://i.ytimg.com/vi/mvVBuG4IOW4/hqdefault.jpg,,,
89aQIli8aVU,Taylor Swift - I Wish You Would (Taylor's Version) (Lyric Video),"Watch the official lyric video for “I Wish You Would (Taylor's Version)” by Taylor Swift, from ‘1989 (Taylor’s Version)’. Buy/download/stream ‘1989 (Taylor’s Version)’: https://taylor.lnk.to/1989taylorsversion

Stream/download ‘The Life of a Showgirl’: https://taylor.lnk.to/TSTheLifeofaShowgirlYD

►Subscribe to Taylor Swift on YouTube: https://ts.lnk.to/subscribe

►Shop Merch: http://taylorswift.lnk.to/store

►Follow Taylor Swift Online: 
TikTok: http://tiktok.com/@taylorswift 
Instagram: http://instagram.com/taylorswift 
Twitter: http://twitter.com/taylorswift13 
Snapchat: http://snapchat.com/add/taylorswift 
Facebook: http://facebook.com/taylorswift 
Tumblr: http://taylorswift.tumblr.com 
Website: http://www.taylorswift.com 

►Follow Taylor Nation Online 
TikTok: http://tiktok.com/@taylornation
Instagram: http://instagram.com/taylornation 
Twitter: http://twitter.com/taylornation13
Tumblr: http://taylornation.tumblr.com

#taylorswift #1989taylorsversion #IWishYouWould

Music video by Taylor Swift performing I Wish You Would (Taylor's Version) (Lyric Video).
© 2023 Taylor Swift",2023-10-27 04:00:03+00:00,PT3M33S,5845367,81740,1635,https://i.ytimg.com/vi/89aQIli8aVU/default.jpg,https://i.ytimg.com/vi/89aQIli8aVU/mqdefault.jpg,https://i.ytimg.com/vi/89aQIli8aVU/hqdefault.jpg,,,
lUvBk4owRNU,Taylor Swift - Bad Blood (Taylor's Version) (Lyric Video),"Watch the official lyric video for “Bad Blood (Taylor's Version)” by Taylor Swift, from ‘1989 (Taylor’s Version)’.

Buy/download/stream ‘1989 (Taylor’s Version)’: https://taylor.lnk.to/1989taylorsversion

Get tickets to Taylor Swift | The Eras Tour concert film in theaters now http://taylor.lnk.to/TSTheErasTourFilm 

►Subscribe to Taylor Swift on YouTube: https://ts.lnk.to/subscribe
►Shop Merch: http://taylorswift.lnk.to/store 
►Follow Taylor Swift Online: 
TikTok: http://tiktok.com/@taylorswift 
Instagram: http://instagram.com/taylorswift 
Twitter: http://twitter.com/taylorswift13 
Snapchat: http://snapchat.com/add/taylorswift 
Facebook: http://facebook.com/taylorswift 
Tumblr: http://taylorswift.tumblr.com 
Website: http://www.taylorswift.com 

►Follow Taylor Nation Online 
TikTok: http://tiktok.com/@taylornation
 Instagram: http://instagram.com/taylornation 
Twitter: http://twitter.com/taylornation13
 Tumblr: http://taylornation.tumblr.com

#taylorswift #1989taylorsversion

Music video by Taylor Swift performing Bad Blood (Taylor's Version) (Lyric Video). © 2023 Taylor Swift

http://vevo.ly/sqVv4i",2023-10-27 04:00:34+00:00,PT3M37S,12648233,189066,5453,https://i.ytimg.com/vi/lUvBk4owRNU/default.jpg,https://i.ytimg.com/vi/lUvBk4owRNU/mqdefault.jpg,https://i.ytimg.com/vi/lUvBk4owRNU/hqdefault.jpg,,,
vtW_4j7SsZk,Taylor Swift - Wildest Dreams (Taylor's Version) (Lyric Video),"Watch the official lyric video for “Wildest Dreams (Taylor's Version)” by Taylor Swift, from ‘1989 (Taylor’s Version)’.

Buy/download/stream ‘1989 (Taylor’s Version)’: https://taylor.lnk.to/1989taylorsversion

►Subscribe to Taylor Swift on YouTube: https://ts.lnk.to/subscribe
►Shop Merch: http://taylorswift.lnk.to/store 
►Follow Taylor Swift Online: 
TikTok: http://tiktok.com/@taylorswift 
Instagram: http://instagram.com/taylorswift 
Twitter: http://twitter.com/taylorswift13 
Snapchat: http://snapchat.com/add/taylorswift 
Facebook: http://facebook.com/taylorswift 
Tumblr: http://taylorswift.tumblr.com 
Website: http://www.taylorswift.com 

►Follow Taylor Nation Online 
TikTok: http://tiktok.com/@taylornation
 Instagram: http://instagram.com/taylornation 
Twitter: http://twitter.com/taylornation13
 Tumblr: http://taylornation.tumblr.com

#taylorswift #1989taylorsversion

Music video by Taylor Swift performing Wildest Dreams (Taylor's Version) (Lyric Video). © 2023 Taylor Swift

http://vevo.ly/eHjdG5",2023-10-27 04:00:35+00:00,PT3M46S,17716175,200608,3644,https://i.ytimg.com/vi/vtW_4j7SsZk/default.jpg,https://i.ytimg.com/vi/vtW_4j7SsZk/mqdefault.jpg,https://i.ytimg.com/vi/vtW_4j7SsZk/hqdefault.jpg,,,
rnwD7veCoFQ,Taylor Swift - How You Get The Girl (Taylor's Version) (Lyric Video),"Watch the official lyric video for “How You Get The Girl (Taylor's Version)” by Taylor Swift, from ‘1989 (Taylor’s Version)’.

Buy/download/stream ‘1989 (Taylor’s Version)’: https://taylor.lnk.to/1989taylorsversion

Get tickets to Taylor Swift | The Eras Tour concert film in theaters now http://taylor.lnk.to/TSTheErasTourFilm 

►Subscribe to Taylor Swift on YouTube: https://ts.lnk.to/subscribe
►Shop Merch: http://taylorswift.lnk.to/store 
►Follow Taylor Swift Online: 
TikTok: http://tiktok.com/@taylorswift 
Instagram: http://instagram.com/taylorswift 
Twitter: http://twitter.com/taylorswift13 
Snapchat: http://snapchat.com/add/taylorswift 
Facebook: http://facebook.com/taylorswift 
Tumblr: http://taylorswift.tumblr.com 
Website: http://www.taylorswift.com 

►Follow Taylor Nation Online 
TikTok: http://tiktok.com/@taylornation
 Instagram: http://instagram.com/taylornation 
Twitter: http://twitter.com/taylornation13
 Tumblr: http://taylornation.tumblr.com

#taylorswift #1989taylorsversion

Music video by Taylor Swift performing How You Get The Girl (Taylor's Version) (Lyric Video). © 2023 Taylor Swift

http://vevo.ly/oeiBw5",2023-10-27 04:00:34+00:00,PT4M13S,8167160,107593,2245,https://i.ytimg.com/vi/rnwD7veCoFQ/default.jpg,https://i.ytimg.com/vi/rnwD7veCoFQ/mqdefault.jpg,https://i.ytimg.com/vi/rnwD7veCoFQ/hqdefault.jpg,,,
mvxQYPR4lmU,Taylor Swift - This Love (Taylor's Version) (Lyric Video),"Watch the official lyric video for “This Love (Taylor's Version)” by Taylor Swift, from ‘1989 (Taylor’s Version)’.

Buy/download/stream ‘1989 (Taylor’s Version)’: https://taylor.lnk.to/1989taylorsversion

Get tickets to Taylor Swift | The Eras Tour concert film in theaters now http://taylor.lnk.to/TSTheErasTourFilm 

►Subscribe to Taylor Swift on YouTube: https://ts.lnk.to/subscribe
►Shop Merch: http://taylorswift.lnk.to/store 
►Follow Taylor Swift Online: 
TikTok: http://tiktok.com/@taylorswift 
Instagram: http://instagram.com/taylorswift 
Twitter: http://twitter.com/taylorswift13 
Snapchat: http://snapchat.com/add/taylorswift 
Facebook: http://facebook.com/taylorswift 
Tumblr: http://taylorswift.tumblr.com 
Website: http://www.taylorswift.com 

►Follow Taylor Nation Online 
TikTok: http://tiktok.com/@taylornation
 Instagram: http://instagram.com/taylornation 
Twitter: http://twitter.com/taylornation13
 Tumblr: http://taylornation.tumblr.com

#taylorswift #1989taylorsversion

Music video by Taylor Swift performing This Love (Taylor's Version) (Lyric Video). © 2022 Taylor Swift",2022-05-06 04:00:30+00:00,PT4M10S,27717407,548769,23652,https://i.ytimg.com/vi/mvxQYPR4lmU/default.jpg,https://i.ytimg.com/vi/mvxQYPR4lmU/mqdefault.jpg,https://i.ytimg.com/vi/mvxQYPR4lmU/hqdefault.jpg,,,
0jTGzm-6cYE,Taylor Swift - I Know Places (Taylor's Version) (Lyric Video),"Watch the official lyric video for “I Know Places (Taylor's Version)” by Taylor Swift, from ‘1989 (Taylor’s Version)’.

Buy/download/stream ‘1989 (Taylor’s Version)’ here: https://taylor.lnk.to/1989taylorsversion

Stream/download ‘The Life of a Showgirl’: https://taylor.lnk.to/TSTheLifeofaShowgirlYD

►Subscribe to Taylor Swift on YouTube: https://ts.lnk.to/subscribe

►Shop Merch: http://taylorswift.lnk.to/store 

►Follow Taylor Swift Online: 
TikTok: http://tiktok.com/@taylorswift 
Instagram: http://instagram.com/taylorswift 
Twitter: http://twitter.com/taylorswift13 
Snapchat: http://snapchat.com/add/taylorswift 
Facebook: http://facebook.com/taylorswift 
Tumblr: http://taylorswift.tumblr.com 
Website: http://www.taylorswift.com 

►Follow Taylor Nation Online 
TikTok: http://tiktok.com/@taylornation
 Instagram: http://instagram.com/taylornation 
Twitter: http://twitter.com/taylornation13
Tumblr: http://taylornation.tumblr.com

#taylorswift #1989taylorsversion #iknowplaces

Music video by Taylor Swift performing I Know Places (Taylor's Version) (Lyric Video). © 2023 Taylor Swift",2023-10-27 04:00:00+00:00,PT3M21S,7484978,116210,3245,https://i.ytimg.com/vi/0jTGzm-6cYE/default.jpg,https://i.ytimg.com/vi/0jTGzm-6cYE/mqdefault.jpg,https://i.ytimg.com/vi/0jTGzm-6cYE/hqdefault.jpg,,,
AppsjTInqiw,Taylor Swift - Clean (Taylor's Version) (Lyric Video),"Watch the official lyric video for “Clean (Taylor's Version)” by Taylor Swift, from ‘1989 (Taylor’s Version)’. Buy/download/stream ‘1989 (Taylor’s Version)’: https://taylor.lnk.to/1989taylorsversion

❤️‍🔥Stream/download ‘The Life of a Showgirl’: https://taylor.lnk.to/TSTheLifeofaShowgirlYD

►Subscribe to Taylor Swift on YouTube: https://ts.lnk.to/subscribe
►Shop Merch: http://taylorswift.lnk.to/store

►Follow Taylor Swift Online: 
TikTok: http://tiktok.com/@taylorswift 
Instagram: http://instagram.com/taylorswift 
Twitter: http://twitter.com/taylorswift13 
Snapchat: http://snapchat.com/add/taylorswift 
Facebook: http://facebook.com/taylorswift 
Tumblr: http://taylorswift.tumblr.com 
Website: http://www.taylorswift.com 

►Follow Taylor Nation Online:
TikTok: http://tiktok.com/@taylornation
Instagram: http://instagram.com/taylornation 
Twitter: http://twitter.com/taylornation13
Tumblr: http://taylornation.tumblr.com

#taylorswift #1989taylorsversion

Music video by Taylor Swift performing Clean (Taylor's Version) (Lyric Video). © 2023 Taylor Swift",2023-10-27 04:00:10+00:00,PT4M37S,14932024,173107,4315,https://i.ytimg.com/vi/AppsjTInqiw/default.jpg,https://i.ytimg.com/vi/AppsjTInqiw/mqdefault.jpg,https://i.ytimg.com/vi/AppsjTInqiw/hqdefault.jpg,,,
M7ySK0keirY,Taylor Swift - You Are In Love (Taylor's Version) (Lyric Video),"Watch the official lyric video for “You Are In Love (Taylor's Version)” by Taylor Swift, from ‘1989 (Taylor’s Version)’.

Buy/download/stream ‘1989 (Taylor’s Version)’: https://taylor.lnk.to/1989taylorsversion

Get tickets to Taylor Swift | The Eras Tour concert film in theaters now http://taylor.lnk.to/TSTheErasTourFilm 

►Subscribe to Taylor Swift on YouTube: https://ts.lnk.to/subscribe
►Shop Merch: http://taylorswift.lnk.to/store 
►Follow Taylor Swift Online: 
TikTok: http://tiktok.com/@taylorswift 
Instagram: http://instagram.com/taylorswift 
Twitter: http://twitter.com/taylorswift13 
Snapchat: http://snapchat.com/add/taylorswift 
Facebook: http://facebook.com/taylorswift 
Tumblr: http://taylorswift.tumblr.com 
Website: http://www.taylorswift.com 

►Follow Taylor Nation Online 
TikTok: http://tiktok.com/@taylornation
 Instagram: http://instagram.com/taylornation 
Twitter: http://twitter.com/taylornation13
 Tumblr: http://taylornation.tumblr.com

#taylorswift #1989taylorsversion

Music video by Taylor Swift performing You Are In Love (Taylor's Version) (Lyric Video). © 2023 Taylor Swift

http://vevo.ly/A40YT0",2023-10-27 04:00:09+00:00,PT4M33S,10921364,126506,3438,https://i.ytimg.com/vi/M7ySK0keirY/default.jpg,https://i.ytimg.com/vi/M7ySK0keirY/mqdefault.jpg,https://i.ytimg.com/vi/M7ySK0keirY/hqdefault.jpg,,,
3-BcH7KowGE,Taylor Swift - New Romantics (Taylor's Version) (Lyric Video),"Watch the official lyric video for “New Romantics (Taylor's Version)” by Taylor Swift, from ‘1989 (Taylor’s Version)’. Buy/download/stream ‘1989 (Taylor’s Version)’: https://taylor.lnk.to/1989taylorsversion

Stream/download ‘The Life of a Showgirl’: https://taylor.lnk.to/TSTheLifeofaShowgirlYD

►Subscribe to Taylor Swift on YouTube: https://ts.lnk.to/subscribe
►Shop Merch: http://taylorswift.lnk.to/store

►Follow Taylor Swift Online: 
TikTok: http://tiktok.com/@taylorswift 
Instagram: http://instagram.com/taylorswift 
Twitter: http://twitter.com/taylorswift13 
Snapchat: http://snapchat.com/add/taylorswift 
Facebook: http://facebook.com/taylorswift 
Tumblr: http://taylorswift.tumblr.com 
Website: http://www.taylorswift.com

►Follow Taylor Nation Online:
TikTok: http://tiktok.com/@taylornation
Instagram: http://instagram.com/taylornation 
Twitter: http://twitter.com/taylornation13
Tumblr: http://taylornation.tumblr.com

#taylorswift #1989taylorsversion #newromantics

Music video by Taylor Swift performing New Romantics (Taylor's Version) (Lyric Video). © 2023 Taylor Swift",2023-10-27 04:00:01+00:00,PT3M56S,11251762,158057,5386,https://i.ytimg.com/vi/3-BcH7KowGE/default.jpg,https://i.ytimg.com/vi/3-BcH7KowGE/mqdefault.jpg,https://i.ytimg.com/vi/3-BcH7KowGE/hqdefault.jpg,,,
qrxsceexTBw,"Taylor Swift - ""Slut!"" (Taylor's Version) (From The Vault) (Lyric Video)","Watch the official lyric video for “""Slut!"" (Taylor's Version) (From The Vault)” by Taylor Swift, from ‘1989 (Taylor’s Version)’.

Buy/download/stream ‘1989 (Taylor’s Version)’: https://taylor.lnk.to/1989taylorsversion

Get tickets to Taylor Swift | The Eras Tour concert film in theaters now http://taylor.lnk.to/TSTheErasTourFilm 

►Subscribe to Taylor Swift on YouTube: https://ts.lnk.to/subscribe
►Shop Merch: http://taylorswift.lnk.to/store 
►Follow Taylor Swift Online: 
TikTok: http://tiktok.com/@taylorswift 
Instagram: http://instagram.com/taylorswift 
Twitter: http://twitter.com/taylorswift13 
Snapchat: http://snapchat.com/add/taylorswift 
Facebook: http://facebook.com/taylorswift 
Tumblr: http://taylorswift.tumblr.com 
Website: http://www.taylorswift.com 

►Follow Taylor Nation Online 
TikTok: http://tiktok.com/@taylornation
 Instagram: http://instagram.com/taylornation 
Twitter: http://twitter.com/taylornation13
 Tumblr: http://taylornation.tumblr.com

#taylorswift #1989taylorsversion

Music video by Taylor Swift performing ""Slut!"" (Taylor's Version) (From The Vault) (Lyric Video). © 2023 Taylor Swift

http://vevo.ly/tjaCzu",2023-10-27 04:00:30+00:00,PT3M6S,16408068,277724,5822,https://i.ytimg.com/vi/qrxsceexTBw/default.jpg,https://i.ytimg.com/vi/qrxsceexTBw/mqdefault.jpg,https://i.ytimg.com/vi/qrxsceexTBw/hqdefault.jpg,,,
C-z-IckrQK8,Taylor Swift - Say Don't Go (Taylor's Version) (From The Vault) (Lyric Video),"Watch the official lyric video for “Say Don't Go (Taylor's Version) (From The Vault)” by Taylor Swift, from ‘1989 (Taylor’s Version)’.

Buy/download/stream ‘1989 (Taylor’s Version)’: https://taylor.lnk.to/1989taylorsversion

❤️‍🔥Stream/download ‘The Life of a Showgirl’: https://taylor.lnk.to/TSTheLifeofaShowgirlYD

►Subscribe to Taylor Swift on YouTube: https://ts.lnk.to/subscribe
►Shop Merch: http://taylorswift.lnk.to/store

►Follow Taylor Swift Online: 
TikTok: http://tiktok.com/@taylorswift 
Instagram: http://instagram.com/taylorswift 
Twitter: http://twitter.com/taylorswift13 
Snapchat: http://snapchat.com/add/taylorswift 
Facebook: http://facebook.com/taylorswift 
Tumblr: http://taylorswift.tumblr.com 
Website: http://www.taylorswift.com 

►Follow Taylor Nation Online:
TikTok: http://tiktok.com/@taylornation
Instagram: http://instagram.com/taylornation 
Twitter: http://twitter.com/taylornation13
Tumblr: http://taylornation.tumblr.com

#taylorswift #1989taylorsversion

Music video by Taylor Swift performing Say Don't Go (Taylor's Version) (From The Vault) (Lyric Video). © 2023 Taylor Swift",2023-10-27 04:00:06+00:00,PT4M46S,17585077,184049,4686,https://i.ytimg.com/vi/C-z-IckrQK8/default.jpg,https://i.ytimg.com/vi/C-z-IckrQK8/mqdefault.jpg,https://i.ytimg.com/vi/C-z-IckrQK8/hqdefault.jpg,,,
yF4ulRTCn44,Taylor Swift - Now That We Don't Talk (Taylor's Version) (From The Vault) (Lyric Video),"Watch the official lyric video for “Now That We Don't Talk (Taylor's Version) (From The Vault)” by Taylor Swift, from ‘1989 (Taylor’s Version)’.

Buy/download/stream ‘1989 (Taylor’s Version)’: https://taylor.lnk.to/1989taylorsversion

►Subscribe to Taylor Swift on YouTube: https://ts.lnk.to/subscribe
►Shop Merch: http://taylorswift.lnk.to/store 
►Follow Taylor Swift Online: 
TikTok: http://tiktok.com/@taylorswift 
Instagram: http://instagram.com/taylorswift 
Twitter: http://twitter.com/taylorswift13 
Snapchat: http://snapchat.com/add/taylorswift 
Facebook: http://facebook.com/taylorswift 
Tumblr: http://taylorswift.tumblr.com 
Website: http://www.taylorswift.com 

►Follow Taylor Nation Online 
TikTok: http://tiktok.com/@taylornation
 Instagram: http://instagram.com/taylornation 
Twitter: http://twitter.com/taylornation13
 Tumblr: http://taylornation.tumblr.com

#taylorswift #1989taylorsversion

Music video by Taylor Swift performing Now That We Don't Talk (Taylor's Version) (From The Vault) (Lyric Video). © 2023 Taylor Swift",2023-10-27 04:00:36+00:00,PT2M32S,21204552,211471,5543,https://i.ytimg.com/vi/yF4ulRTCn44/default.jpg,https://i.ytimg.com/vi/yF4ulRTCn44/mqdefault.jpg,https://i.ytimg.com/vi/yF4ulRTCn44/hqdefault.jpg,,,
ZGBPKYbzSXs,Taylor Swift - Suburban Legends (Taylor's Version) (From The Vault) (Lyric Video),"Watch the official lyric video for “Suburban Legends (Taylor's Version) (From The Vault)” by Taylor Swift, from ‘1989 (Taylor’s Version)’.

Buy/download/stream ‘1989 (Taylor’s Version)’: https://taylor.lnk.to/1989taylorsversion 

►Subscribe to Taylor Swift on YouTube: https://ts.lnk.to/subscribe
►Shop Merch: http://taylorswift.lnk.to/store 
►Follow Taylor Swift Online: 
TikTok: http://tiktok.com/@taylorswift 
Instagram: http://instagram.com/taylorswift 
Twitter: http://twitter.com/taylorswift13 
Snapchat: http://snapchat.com/add/taylorswift 
Facebook: http://facebook.com/taylorswift 
Tumblr: http://taylorswift.tumblr.com 
Website: http://www.taylorswift.com 

►Follow Taylor Nation Online 
TikTok: http://tiktok.com/@taylornation
 Instagram: http://instagram.com/taylornation 
Twitter: http://twitter.com/taylornation13
 Tumblr: http://taylornation.tumblr.com

#taylorswift #1989taylorsversion

Music video by Taylor Swift performing Suburban Legends (Taylor's Version) (From The Vault) (Lyric Video). © 2023 Taylor Swift",2023-10-27 04:00:19+00:00,PT2M57S,6097622,95218,2418,https://i.ytimg.com/vi/ZGBPKYbzSXs/default.jpg,https://i.ytimg.com/vi/ZGBPKYbzSXs/mqdefault.jpg,https://i.ytimg.com/vi/ZGBPKYbzSXs/hqdefault.jpg,,,
tNxUxm3-658,Taylor Swift - Is It Over Now? (Taylor's Version) (From The Vault) (Lyric Video),"Watch the official lyric video for “Is It Over Now? (Taylor's Version) (From The Vault)” by Taylor Swift, from ‘1989 (Taylor’s Version)’.

Buy/download/stream ‘1989 (Taylor’s Version)’: https://taylor.lnk.to/1989taylorsversion 

►Subscribe to Taylor Swift on YouTube: https://ts.lnk.to/subscribe
►Shop Merch: http://taylorswift.lnk.to/store 
►Follow Taylor Swift Online: 
TikTok: http://tiktok.com/@taylorswift 
Instagram: http://instagram.com/taylorswift 
Twitter: http://twitter.com/taylorswift13 
Snapchat: http://snapchat.com/add/taylorswift 
Facebook: http://facebook.com/taylorswift 
Tumblr: http://taylorswift.tumblr.com 
Website: http://www.taylorswift.com 

►Follow Taylor Nation Online 
TikTok: http://tiktok.com/@taylornation
 Instagram: http://instagram.com/taylornation 
Twitter: http://twitter.com/taylornation13
 Tumblr: http://taylornation.tumblr.com

#taylorswift #1989taylorsversion

Music video by Taylor Swift performing Is It Over Now? (Taylor's Version) (From The Vault) (Lyric Video). © 2023 Taylor Swift",2023-10-27 04:00:36+00:00,PT3M55S,33252856,291060,8338,https://i.ytimg.com/vi/tNxUxm3-658/default.jpg,https://i.ytimg.com/vi/tNxUxm3-658/mqdefault.jpg,https://i.ytimg.com/vi/tNxUxm3-658/hqdefault.jpg,,,
oxNLRqMJMZk,Taylor Swift - Mine (Taylor's Version) (Lyric Video),"Listen to “Mine"" (Taylor’s Version) by Taylor Swift from the album Speak Now (Taylor’s Version).

Buy/Download/Stream ‘Speak Now (Taylor’s Version)’: https://taylor.lnk.to/speaknowtaylorsversion 

Get tickets to Taylor Swift | The Eras Tour concert film in theaters October 13: http://taylor.lnk.to/TSTheErasTourFilm

►Subscribe to Taylor Swift on YouTube: https://ts.lnk.to/subscribe 
 
►Shop Merch: http://taylorswift.lnk.to/store

►Follow Taylor Swift Online:
TikTok: http://tiktok.com/@taylorswift
Instagram: http://instagram.com/taylorswift  
Twitter: http://twitter.com/taylorswift13  
Snapchat: http://snapchat.com/add/taylorswift
Facebook: http://facebook.com/taylorswift  
Tumblr: http://taylorswift.tumblr.com  
Website: http://www.taylorswift.com  

►Follow Taylor Nation Online
TikTok: http://tiktok.com/@taylornation
Instagram: http://instagram.com/taylornation  
Twitter: http://twitter.com/taylornation13
Tumblr: http://taylornation.tumblr.com  


#taylorswift #speaknowtaylorsversion #Mine


Music video by Taylor Swift performing Mine (Taylor's Version) (Lyric Video). © 2023 Taylor Swift",2023-07-07 04:00:32+00:00,PT3M56S,25521327,239574,4753,https://i.ytimg.com/vi/oxNLRqMJMZk/default.jpg,https://i.ytimg.com/vi/oxNLRqMJMZk/mqdefault.jpg,https://i.ytimg.com/vi/oxNLRqMJMZk/hqdefault.jpg,,,
UlFrV5GJA_4,Taylor Swift - Sparks Fly (Taylor's Version) (Lyric Video),"Listen to “Sparks Fly"" (Taylor’s Version) by Taylor Swift from the album Speak Now (Taylor’s Version).

Buy/Download/Stream ‘Speak Now (Taylor's Version)’: https://taylor.lnk.to/speaknowtaylorsversion 

►Subscribe to Taylor Swift on YouTube: https://ts.lnk.to/subscribe 
 
►Shop Merch: http://taylorswift.lnk.to/store

►Follow Taylor Swift Online:
TikTok: http://tiktok.com/@taylorswift
Instagram: http://instagram.com/taylorswift  
Twitter: http://twitter.com/taylorswift13  
Snapchat: http://snapchat.com/add/taylorswift
Facebook: http://facebook.com/taylorswift  
Tumblr: http://taylorswift.tumblr.com  
Website: http://www.taylorswift.com  

►Follow Taylor Nation Online
TikTok: http://tiktok.com/@taylornation
Instagram: http://instagram.com/taylornation  
Twitter: http://twitter.com/taylornation13
Tumblr: http://taylornation.tumblr.com  


#taylorswift #speaknowtaylorsversion #SparksFly


Music video by Taylor Swift performing Sparks Fly (Taylor's Version) (Lyric Video). © 2023 Taylor Swift",2023-07-07 04:00:25+00:00,PT4M24S,19356511,180671,3468,https://i.ytimg.com/vi/UlFrV5GJA_4/default.jpg,https://i.ytimg.com/vi/UlFrV5GJA_4/mqdefault.jpg,https://i.ytimg.com/vi/UlFrV5GJA_4/hqdefault.jpg,,,
qc2Z-OX9wnc,Taylor Swift - Back To December (Taylor's Version) (Lyric Video),"Listen to “Back To December"" (Taylor’s Version) by Taylor Swift from the album Speak Now (Taylor’s Version).

Buy/Download/Stream ‘Speak Now (Taylor’s Version)’: https://taylor.lnk.to/speaknowtaylorsversion 

Get tickets to Taylor Swift | The Eras Tour concert film in theaters October 13: http://taylor.lnk.to/TSTheErasTourFilm

►Subscribe to Taylor Swift on YouTube: https://ts.lnk.to/subscribe 
 
►Shop Merch: http://taylorswift.lnk.to/store

►Follow Taylor Swift Online:
TikTok: http://tiktok.com/@taylorswift
Instagram: http://instagram.com/taylorswift  
Twitter: http://twitter.com/taylorswift13  
Snapchat: http://snapchat.com/add/taylorswift
Facebook: http://facebook.com/taylorswift  
Tumblr: http://taylorswift.tumblr.com  
Website: http://www.taylorswift.com  

►Follow Taylor Nation Online
TikTok: http://tiktok.com/@taylornation
Instagram: http://instagram.com/taylornation  
Twitter: http://twitter.com/taylornation13
Tumblr: http://taylornation.tumblr.com  


#taylorswift #speaknowtaylorsversion #BackToDecember 


Music video by Taylor Swift performing Back To December (Taylor's Version) (Lyric Video). © 2023 Taylor Swift",2023-07-07 04:00:28+00:00,PT4M58S,47390808,343649,8912,https://i.ytimg.com/vi/qc2Z-OX9wnc/default.jpg,https://i.ytimg.com/vi/qc2Z-OX9wnc/mqdefault.jpg,https://i.ytimg.com/vi/qc2Z-OX9wnc/hqdefault.jpg,,,
JlZnvyBqceY,Taylor Swift - Speak Now (Taylor's Version) (Lyric Video),"Listen to “Speak Now"" (Taylor’s Version) by Taylor Swift from the album Speak Now (Taylor’s Version).

Buy/Download/Stream ‘Speak Now (Taylor’s Version)’: https://taylor.lnk.to/speaknowtaylorsversion 

►Subscribe to Taylor Swift on YouTube: https://ts.lnk.to/subscribe 
 
►Shop Merch: http://taylorswift.lnk.to/store

►Follow Taylor Swift Online:
TikTok: http://tiktok.com/@taylorswift
Instagram: http://instagram.com/taylorswift  
Twitter: http://twitter.com/taylorswift13  
Snapchat: http://snapchat.com/add/taylorswift
Facebook: http://facebook.com/taylorswift  
Tumblr: http://taylorswift.tumblr.com  
Website: http://www.taylorswift.com  

►Follow Taylor Nation Online
TikTok: http://tiktok.com/@taylornation
Instagram: http://instagram.com/taylornation  
Twitter: http://twitter.com/taylornation13
Tumblr: http://taylornation.tumblr.com  


#taylorswift #speaknowtaylorsversion #SpeakNow 

Music video by Taylor Swift performing Speak Now (Taylor's Version) (Lyric Video). © 2023 Taylor Swift",2023-07-07 04:00:10+00:00,PT4M6S,16242794,220919,8011,https://i.ytimg.com/vi/JlZnvyBqceY/default.jpg,https://i.ytimg.com/vi/JlZnvyBqceY/mqdefault.jpg,https://i.ytimg.com/vi/JlZnvyBqceY/hqdefault.jpg,,,
N-FYySSy0rM,Taylor Swift - Dear John (Taylor's Version) (Lyric Video),"Listen to “Dear John"" (Taylor’s Version) by Taylor Swift from the album Speak Now (Taylor’s Version).

Buy/Download/Stream ‘Speak Now (Taylor’s Version)’: https://taylor.lnk.to/speaknowtaylorsversion 

Get tickets to Taylor Swift | The Eras Tour concert film in theaters October 13: http://taylor.lnk.to/TSTheErasTourFilm

►Subscribe to Taylor Swift on YouTube: https://ts.lnk.to/subscribe 
 
►Shop Merch: http://taylorswift.lnk.to/store

►Follow Taylor Swift Online:
TikTok: http://tiktok.com/@taylorswift
Instagram: http://instagram.com/taylorswift  
Twitter: http://twitter.com/taylorswift13  
Snapchat: http://snapchat.com/add/taylorswift
Facebook: http://facebook.com/taylorswift  
Tumblr: http://taylorswift.tumblr.com  
Website: http://www.taylorswift.com  

►Follow Taylor Nation Online
TikTok: http://tiktok.com/@taylornation
Instagram: http://instagram.com/taylornation  
Twitter: http://twitter.com/taylornation13
Tumblr: http://taylornation.tumblr.com  


#taylorswift #speaknowtaylorsversion #DearJohn 


Music video by Taylor Swift performing Dear John (Taylor's Version) (Lyric Video). © 2023 Taylor Swift",2023-07-07 04:00:14+00:00,PT6M50S,13875961,161518,4616,https://i.ytimg.com/vi/N-FYySSy0rM/default.jpg,https://i.ytimg.com/vi/N-FYySSy0rM/mqdefault.jpg,https://i.ytimg.com/vi/N-FYySSy0rM/hqdefault.jpg,,,
8AR1dKawCi8,Taylor Swift - Mean (Taylor's Version) (Lyric Video),"Listen to “Mean"" (Taylor’s Version) by Taylor Swift from the album Speak Now (Taylor’s Version). Buy/Download/Stream ‘Speak Now (Taylor's Version)’: https://taylor.lnk.to/speaknowtaylorsversion

Stream/download ‘The Life of a Showgirl’: https://taylor.lnk.to/TSTheLifeofaShowgirlYD

►Subscribe to Taylor Swift on YouTube: https://ts.lnk.to/subscribe
►Shop Merch: http://taylorswift.lnk.to/store

►Follow Taylor Swift Online: 
TikTok: http://tiktok.com/@taylorswift 
Instagram: http://instagram.com/taylorswift 
Twitter: http://twitter.com/taylorswift13 
Snapchat: http://snapchat.com/add/taylorswift 
Facebook: http://facebook.com/taylorswift 
Tumblr: http://taylorswift.tumblr.com 
Website: http://www.taylorswift.com 

►Follow Taylor Nation Online 
TikTok: http://tiktok.com/@taylornation
Instagram: http://instagram.com/taylornation 
Twitter: http://twitter.com/taylornation13
Tumblr: http://taylornation.tumblr.com

#taylorswift #speaknowtaylorsversion #Mean

Music video by Taylor Swift performing Mean (Taylor's Version) (Lyric Video). © 2023 Taylor Swift",2023-07-07 04:00:05+00:00,PT4M3S,5991581,110343,2732,https://i.ytimg.com/vi/8AR1dKawCi8/default.jpg,https://i.ytimg.com/vi/8AR1dKawCi8/mqdefault.jpg,https://i.ytimg.com/vi/8AR1dKawCi8/hqdefault.jpg,,,
pRhWAXg4xek,Taylor Swift - The Story Of Us (Taylor's Version) (Lyric Video),"Listen to “The Story Of Us"" (Taylor’s Version) by Taylor Swift from the album Speak Now (Taylor’s Version).

Buy/Download/Stream ‘Speak Now (Taylor's Version)’: https://taylor.lnk.to/speaknowtaylorsversion 

Get tickets to Taylor Swift | The Eras Tour concert film in theaters October 13: http://taylor.lnk.to/TSTheErasTourFilm

►Subscribe to Taylor Swift on YouTube: https://ts.lnk.to/subscribe 
 
►Shop Merch: http://taylorswift.lnk.to/store

►Follow Taylor Swift Online:
TikTok: http://tiktok.com/@taylorswift
Instagram: http://instagram.com/taylorswift  
Twitter: http://twitter.com/taylorswift13  
Snapchat: http://snapchat.com/add/taylorswift
Facebook: http://facebook.com/taylorswift  
Tumblr: http://taylorswift.tumblr.com  
Website: http://www.taylorswift.com  

►Follow Taylor Nation Online
TikTok: http://tiktok.com/@taylornation
Instagram: http://instagram.com/taylornation  
Twitter: http://twitter.com/taylornation13
Tumblr: http://taylornation.tumblr.com  


#taylorswift #speaknowtaylorsversion #TheStoryOfUs

Music video by Taylor Swift performing The Story Of Us (Taylor's Version) (Lyric Video). © 2023 Taylor Swift",2023-07-07 04:00:23+00:00,PT4M32S,14359378,143547,2844,https://i.ytimg.com/vi/pRhWAXg4xek/default.jpg,https://i.ytimg.com/vi/pRhWAXg4xek/mqdefault.jpg,https://i.ytimg.com/vi/pRhWAXg4xek/hqdefault.jpg,,,
maEVfpxDB8k,Taylor Swift - Never Grow Up (Taylor's Version) (Lyric Video),"Listen to “Never Grow Up"" (Taylor’s Version) by Taylor Swift  from the album Speak Now (Taylor’s Version).

Buy/Download/Stream ‘Speak Now (Taylor's Version)’: https://taylor.lnk.to/speaknowtaylorsversion 

Get tickets to Taylor Swift | The Eras Tour concert film in theaters October 13: http://taylor.lnk.to/TSTheErasTourFilm

►Subscribe to Taylor Swift on YouTube: https://ts.lnk.to/subscribe 
 
►Shop Merch: http://taylorswift.lnk.to/store

►Follow Taylor Swift Online:
TikTok: http://tiktok.com/@taylorswift
Instagram: http://instagram.com/taylorswift  
Twitter: http://twitter.com/taylorswift13  
Snapchat: http://snapchat.com/add/taylorswift
Facebook: http://facebook.com/taylorswift  
Tumblr: http://taylorswift.tumblr.com  
Website: http://www.taylorswift.com  

►Follow Taylor Nation Online
TikTok: http://tiktok.com/@taylornation
Instagram: http://instagram.com/taylornation  
Twitter: http://twitter.com/taylornation13
Tumblr: http://taylornation.tumblr.com  


#taylorswift #speaknowtaylorsversion #NeverGrowUp


Music video by Taylor Swift performing Never Grow Up (Taylor's Version) (Lyric Video). © 2023 Taylor Swift",2023-07-07 04:00:33+00:00,PT4M57S,5612306,107119,3654,https://i.ytimg.com/vi/maEVfpxDB8k/default.jpg,https://i.ytimg.com/vi/maEVfpxDB8k/mqdefault.jpg,https://i.ytimg.com/vi/maEVfpxDB8k/hqdefault.jpg,,,
igIfiqqVHtA,Taylor Swift - Enchanted (Taylor's Version) (Lyric Video),"Listen to “Enchanted"" (Taylor’s Version) by Taylor Swift from the album Speak Now (Taylor’s Version). Get the album here: https://taylor.lnk.to/speaknowtaylorsversion

❤️‍🔥Stream/download ‘The Life of a Showgirl’ - https://taylor.lnk.to/TSTheLifeofaShowgirlYD

►Shop Merch: http://taylor.lnk.to/store
►Subscribe to Taylor Swift on YouTube: https://ts.lnk.to/subscribe

►Follow Taylor Swift Online:
TikTok: http://tiktok.com/@taylorswift
Instagram: http://instagram.com/taylorswift
Twitter: http://twitter.com/taylorswift13
Snapchat: http://snapchat.com/add/taylorswift
Facebook: http://facebook.com/taylorswift
Tumblr: http://taylorswift.tumblr.com
Website: http://www.taylorswift.com

►Follow Taylor Nation Online:
TikTok: http://tiktok.com/@taylornation
Instagram: http://instagram.com/taylornation
YouTube: https://youtube.com/taylornation
Twitter: http://twitter.com/taylornation13
Tumblr: http://taylornation.tumblr.com

#taylorswift #speaknowtaylorsversion #Enchanted

© 2023 Taylor Swift",2023-07-07 04:00:21+00:00,PT5M57S,86675783,792201,17796,https://i.ytimg.com/vi/igIfiqqVHtA/default.jpg,https://i.ytimg.com/vi/igIfiqqVHtA/mqdefault.jpg,https://i.ytimg.com/vi/igIfiqqVHtA/hqdefault.jpg,,,
EH70M5OeS4o,Taylor Swift - Better Than Revenge (Taylor's Version) (Lyric Video),"Listen to “Better Than Revenge"" (Taylor’s Version) by Taylor Swift from the album Speak Now (Taylor’s Version).

Buy/Download/Stream ‘Speak Now (Taylor’s Version)’: https://taylor.lnk.to/speaknowtaylorsversion 

Get tickets to Taylor Swift | The Eras Tour concert film in theaters October 13: http://taylor.lnk.to/TSTheErasTourFilm

►Subscribe to Taylor Swift on YouTube: https://ts.lnk.to/subscribe 
 
►Shop Merch: http://taylorswift.lnk.to/store

►Follow Taylor Swift Online:
TikTok: http://tiktok.com/@taylorswift
Instagram: http://instagram.com/taylorswift  
Twitter: http://twitter.com/taylorswift13  
Snapchat: http://snapchat.com/add/taylorswift
Facebook: http://facebook.com/taylorswift  
Tumblr: http://taylorswift.tumblr.com  
Website: http://www.taylorswift.com  

►Follow Taylor Nation Online
TikTok: http://tiktok.com/@taylornation
Instagram: http://instagram.com/taylornation  
Twitter: http://twitter.com/taylornation13
Tumblr: http://taylornation.tumblr.com  


#taylorswift #speaknowtaylorsversion #BetterThanRevenge

Music video by Taylor Swift performing Better Than Revenge (Taylor's Version) (Lyric Video). © 2023 Taylor Swift",2023-07-07 04:00:14+00:00,PT3M44S,11106874,182710,6165,https://i.ytimg.com/vi/EH70M5OeS4o/default.jpg,https://i.ytimg.com/vi/EH70M5OeS4o/mqdefault.jpg,https://i.ytimg.com/vi/EH70M5OeS4o/hqdefault.jpg,,,
vO6JqQpJboY,Taylor Swift - Innocent (Taylor's Version) (Lyric Video),"Listen to “Innocent"" (Taylor’s Version) by Taylor Swift from the album Speak Now (Taylor’s Version).

Buy/Download/Stream ‘Speak Now (Taylor’s Version)’: https://taylor.lnk.to/speaknowtaylorsversion 

►Subscribe to Taylor Swift on YouTube: https://ts.lnk.to/subscribe 
 
►Shop Merch: http://taylorswift.lnk.to/store

►Follow Taylor Swift Online:
TikTok: http://tiktok.com/@taylorswift
Instagram: http://instagram.com/taylorswift  
Twitter: http://twitter.com/taylorswift13  
Snapchat: http://snapchat.com/add/taylorswift
Facebook: http://facebook.com/taylorswift  
Tumblr: http://taylorswift.tumblr.com  
Website: http://www.taylorswift.com  

►Follow Taylor Nation Online
TikTok: http://tiktok.com/@taylornation
Instagram: http://instagram.com/taylornation  
Twitter: http://twitter.com/taylornation13
Tumblr: http://taylornation.tumblr.com  


#taylorswift #speaknowtaylorsversion #Innocent

Music video by Taylor Swift performing Innocent (Taylor's Version) (Lyric Video). © 2023 Taylor Swift",2023-07-07 04:00:35+00:00,PT5M5S,4565767,93120,2704,https://i.ytimg.com/vi/vO6JqQpJboY/default.jpg,https://i.ytimg.com/vi/vO6JqQpJboY/mqdefault.jpg,https://i.ytimg.com/vi/vO6JqQpJboY/hqdefault.jpg,,,
4cC6fw8EqWU,Taylor Swift - Haunted (Taylor's Version) (Lyric Video),"Listen to ""Haunted"" (Taylor's Version) by Taylor Swift.

Stream/download ‘The Life of a Showgirl’: https://taylor.lnk.to/TSTheLifeofaShowgirlYD

►Subscribe to Taylor Swift on YouTube: https://ts.lnk.to/subscribe
►Shop Merch: http://taylorswift.lnk.to/store

►Follow Taylor Swift Online: 
TikTok: http://tiktok.com/@taylorswift 
Instagram: http://instagram.com/taylorswift 
Twitter: http://twitter.com/taylorswift13 
Snapchat: http://snapchat.com/add/taylorswift 
Facebook: http://facebook.com/taylorswift 
Tumblr: http://taylorswift.tumblr.com 
Website: http://www.taylorswift.com 

►Follow Taylor Nation Online 
TikTok: http://tiktok.com/@taylornation
Instagram: http://instagram.com/taylornation 
Twitter: http://twitter.com/taylornation13
Tumblr: http://taylornation.tumblr.com

#taylorswift #speaknowtaylorsversion #Haunted 

Music video by Taylor Swift performing Haunted (Taylor's Version) (Lyric Video). © 2023 Taylor Swift",2023-07-07 04:00:03+00:00,PT4M9S,8487379,144185,4935,https://i.ytimg.com/vi/4cC6fw8EqWU/default.jpg,https://i.ytimg.com/vi/4cC6fw8EqWU/mqdefault.jpg,https://i.ytimg.com/vi/4cC6fw8EqWU/hqdefault.jpg,,,
idWma942CUI,Taylor Swift - Last Kiss (Taylor's Version) (Lyric Video),"Listen to “Last Kiss"" (Taylor’s Version) by Taylor Swift from the album Speak Now (Taylor’s Version).

Buy/Download/Stream ‘Speak Now (Taylor’s Version)’: https://taylor.lnk.to/speaknowtaylorsversion 

►Subscribe to Taylor Swift on YouTube: https://ts.lnk.to/subscribe 
 
►Shop Merch: http://taylorswift.lnk.to/store

►Follow Taylor Swift Online:
TikTok: http://tiktok.com/@taylorswift
Instagram: http://instagram.com/taylorswift  
Twitter: http://twitter.com/taylorswift13  
Snapchat: http://snapchat.com/add/taylorswift
Facebook: http://facebook.com/taylorswift  
Tumblr: http://taylorswift.tumblr.com  
Website: http://www.taylorswift.com  

►Follow Taylor Nation Online
TikTok: http://tiktok.com/@taylornation
Instagram: http://instagram.com/taylornation  
Twitter: http://twitter.com/taylornation13
Tumblr: http://taylornation.tumblr.com  


#taylorswift #speaknowtaylorsversion #LastKiss

Music video by Taylor Swift performing Last Kiss (Taylor's Version) (Lyric Video). © 2023 Taylor Swift",2023-07-07 04:00:32+00:00,PT6M13S,12802477,134729,3843,https://i.ytimg.com/vi/idWma942CUI/default.jpg,https://i.ytimg.com/vi/idWma942CUI/mqdefault.jpg,https://i.ytimg.com/vi/idWma942CUI/hqdefault.jpg,,,
F5TMU6916U8,Taylor Swift - Long Live (Taylor's Version) (Lyric Video),"Listen to “Long Live"" (Taylor’s Version) by Taylor Swift from the album Speak Now (Taylor’s Version).

Buy/Download/Stream ‘Speak Now (Taylor's Version)’: https://taylor.lnk.to/speaknowtaylorsversion 

►Subscribe to Taylor Swift on YouTube: https://ts.lnk.to/subscribe 
 
►Shop Merch: http://taylorswift.lnk.to/store

►Follow Taylor Swift Online:
TikTok: http://tiktok.com/@taylorswift
Instagram: http://instagram.com/taylorswift  
Twitter: http://twitter.com/taylorswift13  
Snapchat: http://snapchat.com/add/taylorswift
Facebook: http://facebook.com/taylorswift  
Tumblr: http://taylorswift.tumblr.com  
Website: http://www.taylorswift.com  

►Follow Taylor Nation Online
TikTok: http://tiktok.com/@taylornation
Instagram: http://instagram.com/taylornation  
Twitter: http://twitter.com/taylornation13
Tumblr: http://taylornation.tumblr.com  


#taylorswift #speaknowtaylorsversion #LongLive 

Music video by Taylor Swift performing Long Live (Taylor's Version) (Lyric Video). © 2023 Taylor Swift",2023-07-07 04:00:14+00:00,PT5M20S,41261287,274059,8094,https://i.ytimg.com/vi/F5TMU6916U8/default.jpg,https://i.ytimg.com/vi/F5TMU6916U8/mqdefault.jpg,https://i.ytimg.com/vi/F5TMU6916U8/hqdefault.jpg,,,
PH8Uc0Z_KRY,Taylor Swift - Ours (Taylor’s Version) (Lyric Video),"Listen to “Ours"" (Taylor’s Version) by Taylor Swift from the album Speak Now (Taylor’s Version).

Buy/Download/Stream ‘Speak Now (Taylor’s Version)’: https://taylor.lnk.to/speaknowtaylorsversion 

Get tickets to Taylor Swift | The Eras Tour concert film in theaters October 13: http://taylor.lnk.to/TSTheErasTourFilm

►Subscribe to Taylor Swift on YouTube: https://ts.lnk.to/subscribe 
 
►Shop Merch: http://taylorswift.lnk.to/store

►Follow Taylor Swift Online:
TikTok: http://tiktok.com/@taylorswift
Instagram: http://instagram.com/taylorswift  
Twitter: http://twitter.com/taylorswift13  
Snapchat: http://snapchat.com/add/taylorswift
Facebook: http://facebook.com/taylorswift  
Tumblr: http://taylorswift.tumblr.com  
Website: http://www.taylorswift.com  

►Follow Taylor Nation Online
TikTok: http://tiktok.com/@taylornation
Instagram: http://instagram.com/taylornation  
Twitter: http://twitter.com/taylornation13
Tumblr: http://taylornation.tumblr.com  


#taylorswift #speaknowtaylorsversion #Ours

Music video by Taylor Swift performing Ours (Taylor’s Version) (Lyric Video). © 2023 Taylor Swift",2023-07-07 04:00:13+00:00,PT4M,3197456,65190,1578,https://i.ytimg.com/vi/PH8Uc0Z_KRY/default.jpg,https://i.ytimg.com/vi/PH8Uc0Z_KRY/mqdefault.jpg,https://i.ytimg.com/vi/PH8Uc0Z_KRY/hqdefault.jpg,,,
Fn0er7H1Dm0,Taylor Swift - Superman (Taylor’s Version) (Lyric Video),"Listen to “Superman"" (Taylor’s Version) by Taylor Swift from the album Speak Now (Taylor’s Version).

Buy/Download/Stream ‘Speak Now (Taylor’s Version)’: https://taylor.lnk.to/speaknowtaylorsversion 

Get tickets to Taylor Swift | The Eras Tour concert film in theaters October 13: http://taylor.lnk.to/TSTheErasTourFilm

►Subscribe to Taylor Swift on YouTube: https://ts.lnk.to/subscribe 
 
►Shop Merch: http://taylorswift.lnk.to/store

►Follow Taylor Swift Online:
TikTok: http://tiktok.com/@taylorswift
Instagram: http://instagram.com/taylorswift  
Twitter: http://twitter.com/taylorswift13  
Snapchat: http://snapchat.com/add/taylorswift
Facebook: http://facebook.com/taylorswift  
Tumblr: http://taylorswift.tumblr.com  
Website: http://www.taylorswift.com  

►Follow Taylor Nation Online
TikTok: http://tiktok.com/@taylornation
Instagram: http://instagram.com/taylornation  
Twitter: http://twitter.com/taylornation13
Tumblr: http://taylornation.tumblr.com  


#taylorswift #speaknowtaylorsversion #Superman 

Music video by Taylor Swift performing Superman (Taylor’s Version) (Lyric Video). © 2023 Taylor Swift",2023-07-07 04:00:13+00:00,PT4M39S,2636895,56948,1668,https://i.ytimg.com/vi/Fn0er7H1Dm0/default.jpg,https://i.ytimg.com/vi/Fn0er7H1Dm0/mqdefault.jpg,https://i.ytimg.com/vi/Fn0er7H1Dm0/hqdefault.jpg,,,
hMPK2vNXr-E,Electric Touch (Taylor’s Version) (From The Vault) (Lyric Video),"Listen to “Electric Touch"" (Taylor’s Version) (From The Vault) by Taylor Swift from the album Speak Now (Taylor’s Version).

Buy/Download/Stream ‘Speak Now (Taylor’s Version)’: https://taylor.lnk.to/speaknowtaylorsversion 

►Subscribe to Taylor Swift on YouTube: https://ts.lnk.to/subscribe 
 
►Shop Merch: http://taylorswift.lnk.to/store

►Follow Taylor Swift Online:
TikTok: http://tiktok.com/@taylorswift
Instagram: http://instagram.com/taylorswift  
Twitter: http://twitter.com/taylorswift13  
Snapchat: http://snapchat.com/add/taylorswift
Facebook: http://facebook.com/taylorswift  
Tumblr: http://taylorswift.tumblr.com  
Website: http://www.taylorswift.com  

►Follow Taylor Nation Online
TikTok: http://tiktok.com/@taylornation
Instagram: http://instagram.com/taylornation  
Twitter: http://twitter.com/taylornation13
Tumblr: http://taylornation.tumblr.com  


#taylorswift #speaknowtaylorsversion #ElectricTouch

Music video by Taylor Swift performing Electric Touch (Taylor’s Version) (From The Vault) (Lyric Video). © 2023 Taylor Swift",2023-07-07 04:00:31+00:00,PT4M31S,5323833,106952,3044,https://i.ytimg.com/vi/hMPK2vNXr-E/default.jpg,https://i.ytimg.com/vi/hMPK2vNXr-E/mqdefault.jpg,https://i.ytimg.com/vi/hMPK2vNXr-E/hqdefault.jpg,,,
IYqgVYjN3Go,Taylor Swift - When Emma Falls in Love (Taylor’s Version) (Lyric Video),"Listen to “When Emma Falls In Love"" (Taylor’s Version) (From The Vault) by Taylor Swift from the album Speak Now (Taylor’s Version).

Buy/Download/Stream ‘Speak Now (Taylor’s Version)’: https://taylor.lnk.to/speaknowtaylorsversion 

►Subscribe to Taylor Swift on YouTube: https://ts.lnk.to/subscribe 
 
►Shop Merch: http://taylorswift.lnk.to/store

►Follow Taylor Swift Online:
TikTok: http://tiktok.com/@taylorswift
Instagram: http://instagram.com/taylorswift  
Twitter: http://twitter.com/taylorswift13  
Snapchat: http://snapchat.com/add/taylorswift
Facebook: http://facebook.com/taylorswift  
Tumblr: http://taylorswift.tumblr.com  
Website: http://www.taylorswift.com  

►Follow Taylor Nation Online
TikTok: http://tiktok.com/@taylornation
Instagram: http://instagram.com/taylornation  
Twitter: http://twitter.com/taylornation13
Tumblr: http://taylornation.tumblr.com  


#taylorswift #speaknowtaylorsversion #WhenEmmaFallsInLove

Music video by Taylor Swift performing When Emma Falls in Love (Taylor’s Version) (From The Vault) (Lyric Video). © 2023 Taylor Swift",2023-07-07 04:00:15+00:00,PT4M17S,4881490,98533,3122,https://i.ytimg.com/vi/IYqgVYjN3Go/default.jpg,https://i.ytimg.com/vi/IYqgVYjN3Go/mqdefault.jpg,https://i.ytimg.com/vi/IYqgVYjN3Go/hqdefault.jpg,,,
lVkKLf4DCn8,Taylor Swift - I Can See You (Taylor’s Version) (From The Vault) (Official Video),"Official music video for “I Can See You (Taylor’s Version) (From The Vault)” by Taylor Swift from the new album ‘Speak Now (Taylor’s Version)’.

Buy/Download/Stream “Speak Now (Taylor’s Version)”’: https://taylor.lnk.to/speaknowtaylorsversion 

Get tickets to Taylor Swift | The Eras Tour concert film in theaters October 13: http://taylor.lnk.to/TSTheErasTourFilm

►Subscribe to Taylor Swift on YouTube: https://ts.lnk.to/subscribe 
 
►Shop Merch: http://taylorswift.lnk.to/store

►Follow Taylor Swift Online:
TikTok: http://tiktok.com/@taylorswift
Instagram: http://instagram.com/taylorswift  
Twitter: http://twitter.com/taylorswift13  
Snapchat: http://snapchat.com/add/taylorswift
Facebook: http://facebook.com/taylorswift  
Tumblr: http://taylorswift.tumblr.com  
Website: http://www.taylorswift.com  

►Follow Taylor Nation Online
TikTok: http://tiktok.com/@taylornation
Instagram: http://instagram.com/taylornation  
Twitter: http://twitter.com/taylornation13
Tumblr: http://taylornation.tumblr.com  

Director: Taylor Swift
Director of Photography: Jonathan Sela, ASC
Producer: Jane Lloyd
Editor: Chancler Haynes
Production Design: Ethan Tobman and Miren Maranon
1st AD: Rob BlishenFight Choreography: Charlie Mayhew
Visual Effects: Parliament
Production Companies: Taylor Swift Productions, Object & Animal & Sugar Free Manchester Special Thanks: Dom Thomas, Laura Hegarty, Jil Hardin & 13 Management

#taylorswift #speaknowtaylorsversion #ICanSeeYou 


Music video by Taylor Swift performing I Can See You (Taylor’s Version) (From The Vault). © 2023 Taylor Swift",2023-07-08 04:58:11+00:00,PT5M7S,47267081,1284815,46494,https://i.ytimg.com/vi/lVkKLf4DCn8/default.jpg,https://i.ytimg.com/vi/lVkKLf4DCn8/mqdefault.jpg,https://i.ytimg.com/vi/lVkKLf4DCn8/hqdefault.jpg,2023-07-08 04:58:11+00:00,2023-07-08 05:05:14+00:00,2023-07-08 04:58:00+00:00
V80A8qN4fR8,Castles Crumbling (Taylor’s Version) (From The Vault) (Lyric Video),"Listen to “Castles Crumbling"" (Taylor’s Version) (From The Vault) by Taylor Swift ft. Hayley Williams from the album Speak Now (Taylor’s Version).

►Subscribe to Taylor Swift on YouTube: https://ts.lnk.to/subscribe 
 
►Shop Merch: http://taylorswift.lnk.to/store

►Follow Taylor Swift Online:
TikTok: http://tiktok.com/@taylorswift
Instagram: http://instagram.com/taylorswift  
Twitter: http://twitter.com/taylorswift13  
Snapchat: http://snapchat.com/add/taylorswift
Facebook: http://facebook.com/taylorswift  
Tumblr: http://taylorswift.tumblr.com  
Website: http://www.taylorswift.com  

►Follow Taylor Nation Online
TikTok: http://tiktok.com/@taylornation
Instagram: http://instagram.com/taylornation  
Twitter: http://twitter.com/taylornation13
Tumblr: http://taylornation.tumblr.com  

#taylorswift #speaknowtaylorsversion #CastlesCrumbling 

Music video by Taylor Swift performing Castles Crumbling (Taylor’s Version) (From The Vault) (Lyric Video). © 2023 Taylor Swift",2023-07-07 04:00:19+00:00,PT5M10S,5851801,109100,3434,https://i.ytimg.com/vi/V80A8qN4fR8/default.jpg,https://i.ytimg.com/vi/V80A8qN4fR8/mqdefault.jpg,https://i.ytimg.com/vi/V80A8qN4fR8/hqdefault.jpg,,,
6-x1AlDudZw,Taylor Swift - Foolish One (Taylor’s Version) (From The Vault) (Lyric Video),"Listen to “Foolish One"" (Taylor’s Version) (From The Vault) by Taylor Swift  from the album Speak Now (Taylor’s Version). Buy/Download/Stream ‘Speak Now (Taylor's Version)’: https://taylor.lnk.to/speaknowtaylorsversion 

Stream/download ‘The Life of a Showgirl’: https://taylor.lnk.to/TSTheLifeofaShowgirlYD

►Subscribe to Taylor Swift on YouTube: https://ts.lnk.to/subscribe

►Shop Merch: http://taylorswift.lnk.to/store

►Follow Taylor Swift Online: 
TikTok: http://tiktok.com/@taylorswift 
Instagram: http://instagram.com/taylorswift 
Twitter: http://twitter.com/taylorswift13 
Snapchat: http://snapchat.com/add/taylorswift 
Facebook: http://facebook.com/taylorswift 
Tumblr: http://taylorswift.tumblr.com 
Website: http://www.taylorswift.com 

►Follow Taylor Nation Online 
TikTok: http://tiktok.com/@taylornation
Instagram: http://instagram.com/taylornation 
Twitter: http://twitter.com/taylornation13
Tumblr: http://taylornation.tumblr.com

#taylorswift #speaknowtaylorsversion #FoolishOne 

Music video by Taylor Swift performing Foolish One (Taylor’s Version) (From The Vault) (Lyric Video). © 2023 Taylor Swift",2023-07-07 04:00:03+00:00,PT5M13S,9958910,139478,4922,https://i.ytimg.com/vi/6-x1AlDudZw/default.jpg,https://i.ytimg.com/vi/6-x1AlDudZw/mqdefault.jpg,https://i.ytimg.com/vi/6-x1AlDudZw/hqdefault.jpg,,,
osmzwWw4RYM,Taylor Swift - Timeless (Taylor’s Version) (From The Vault) (Lyric Video),"Listen to “Timeless"" (Taylor’s Version) (From The Vault)  by Taylor Swift from the album Speak Now (Taylor’s Version).

Buy/Download/Stream ‘Speak Now (Taylor's Version)’: https://taylor.lnk.to/speaknowtaylorsversion 

Get tickets to Taylor Swift | The Eras Tour concert film in theaters October 13: http://taylor.lnk.to/TSTheErasTourFilm

►Subscribe to Taylor Swift on YouTube: https://ts.lnk.to/subscribe 
 
►Shop Merch: http://taylorswift.lnk.to/store

►Follow Taylor Swift Online:
TikTok: http://tiktok.com/@taylorswift
Instagram: http://instagram.com/taylorswift  
Twitter: http://twitter.com/taylorswift13  
Snapchat: http://snapchat.com/add/taylorswift
Facebook: http://facebook.com/taylorswift  
Tumblr: http://taylorswift.tumblr.com  
Website: http://www.taylorswift.com  

►Follow Taylor Nation Online
TikTok: http://tiktok.com/@taylornation
Instagram: http://instagram.com/taylornation  
Twitter: http://twitter.com/taylornation13
Tumblr: http://taylornation.tumblr.com  


#taylorswift #speaknowtaylorsversion #Timeless 


Music video by Taylor Swift performing Timeless (Taylor’s Version) (From The Vault) (Lyric Video). © 2023 Taylor Swift",2023-07-07 04:00:27+00:00,PT5M25S,10465500,160532,4574,https://i.ytimg.com/vi/osmzwWw4RYM/default.jpg,https://i.ytimg.com/vi/osmzwWw4RYM/mqdefault.jpg,https://i.ytimg.com/vi/osmzwWw4RYM/hqdefault.jpg,,,
AFzzgQ7uCw4,"I Can See You (From The Vault) (Behind the Scenes with Joey King, Taylor Lautner & Presley Cash)","Behind the scenes of ""I Can See You (Taylor's Version) (From The Vault)"" official music video with Joey King, Taylor Lautner & Presley Cash from the album 'Speak Now (Taylor's Version)'.

Watch the ""I Can See You (Taylor’s Version) (From The Vault)"" official music video: https://taylor.lnk.to/ICanSeeYouMV
Stream/download 'Speak Now (Taylor's Version)': https://taylor.lnk.to/speaknowtaylorsversion

►Subscribe to Taylor Swift on YouTube: https://ts.lnk.to/subscribe 
 
►Exclusive Merch: http://taylorswift.lnk.to/store

►Follow Taylor Swift online:
Instagram:  https://instagram.com/taylorswift    
TikTok: http:/tiktok.com/@taylorswift 
Facebook:  https://facebook.com/taylorswift    
Tumblr:  https://tumblr.com/taylorswift    
X:  https://x.com/taylorswift13    
Snapchat:  https://snapchat.com/taylorswift  
Website: http://www.taylorswift.com  

►Follow Taylor Nation:
Instagram:  https://instagram.com/taylornation    
TikTok: http:/tiktok.com/@taylornation
Tumblr: https://tumblr.com/taylornation    
X:  https://x.com/taylornation13  

#TaylorSwift #BTS #ICanSeeYou #TaylorsVersion #FromTheVault #SpeakNowTaylorsVersion",2024-12-13 15:02:50+00:00,PT3M22S,752672,72199,3175,https://i.ytimg.com/vi/AFzzgQ7uCw4/default.jpg,https://i.ytimg.com/vi/AFzzgQ7uCw4/mqdefault.jpg,https://i.ytimg.com/vi/AFzzgQ7uCw4/hqdefault.jpg,,,
9Wx2It8SbLs,"😺 Join my #TSAntiHeroChallenge and share your anti-heroic traits, brought to you by YouTube Shorts.",,2022-10-21 12:10:06+00:00,PT16S,106473752,4620060,16469,https://i.ytimg.com/vi/9Wx2It8SbLs/default.jpg,https://i.ytimg.com/vi/9Wx2It8SbLs/mqdefault.jpg,https://i.ytimg.com/vi/9Wx2It8SbLs/hqdefault.jpg,,,
U1IqinpmpQE,"🫣 Join my #TSAntiHeroChallenge and share your anti-heroic traits, brought to you by YouTube Shorts.",,2022-10-21 12:10:21+00:00,PT16S,127408093,4954164,24024,https://i.ytimg.com/vi/U1IqinpmpQE/default.jpg,https://i.ytimg.com/vi/U1IqinpmpQE/mqdefault.jpg,https://i.ytimg.com/vi/U1IqinpmpQE/hqdefault.jpg,,,
HIHcpi7imSw,#TSAntiHeroChallenge • iced coffee forever ✌️,#taylorswift #antihero #midnights #tsantiherochallenge  #taylor #itsmehi #imtheproblem,2022-10-21 21:12:04+00:00,PT10S,308335,6104,40,https://i.ytimg.com/vi/HIHcpi7imSw/default.jpg,https://i.ytimg.com/vi/HIHcpi7imSw/mqdefault.jpg,https://i.ytimg.com/vi/HIHcpi7imSw/hqdefault.jpg,,,
vnN5-hukygI,I'm always the problem 👋🎃🙃 @TaylorSwift  #tsantiherochallenge  #antiheromusicvideo #tsmidnights,,2022-10-21 13:42:07+00:00,PT15S,786899,26059,387,https://i.ytimg.com/vi/vnN5-hukygI/default.jpg,https://i.ytimg.com/vi/vnN5-hukygI/mqdefault.jpg,https://i.ytimg.com/vi/vnN5-hukygI/hqdefault.jpg,,,
DH03nccWEUA,Taylor Swift - Anti-Hero challenge #TSAntiHeroChallenge #taylorswift #midnights #antihero,#cat #cute #funny #pets #shorts #cattyandfriends #sunnythewallflowercat @TaylorSwift #antihero #challenge,2022-10-21 13:03:27+00:00,PT16S,77718,2309,36,https://i.ytimg.com/vi/DH03nccWEUA/default.jpg,https://i.ytimg.com/vi/DH03nccWEUA/mqdefault.jpg,https://i.ytimg.com/vi/DH03nccWEUA/hqdefault.jpg,,,
cOjUToy6lZM,#TSAntiHeroChallenge @TaylorSwift,Because I am the only thing standing in my way 😅,2022-10-21 13:38:30+00:00,PT16S,53755,986,21,https://i.ytimg.com/vi/cOjUToy6lZM/default.jpg,https://i.ytimg.com/vi/cOjUToy6lZM/mqdefault.jpg,https://i.ytimg.com/vi/cOjUToy6lZM/hqdefault.jpg,,,
oWIXkF7T87E,"It’s me, hi. Here are my anti hero traits #TSAntiHeroChallenge ❤️what are yours?",,2022-10-21 13:03:29+00:00,PT14S,141346,4696,82,https://i.ytimg.com/vi/oWIXkF7T87E/default.jpg,https://i.ytimg.com/vi/oWIXkF7T87E/mqdefault.jpg,https://i.ytimg.com/vi/oWIXkF7T87E/hqdefault.jpg,,,
kLamEprtNLE,I’m the problem 🤡 #antihero #tsantiherochallenge #taylorswift,,2022-10-21 20:31:27+00:00,PT12S,89240,1947,48,https://i.ytimg.com/vi/kLamEprtNLE/default.jpg,https://i.ytimg.com/vi/kLamEprtNLE/mqdefault.jpg,https://i.ytimg.com/vi/kLamEprtNLE/hqdefault.jpg,,,
pcqZtHq_jfc,i’m not the problem… they are! #TSAntiHeroChallenge,,2022-10-21 21:21:51+00:00,PT12S,609944,27707,285,https://i.ytimg.com/vi/pcqZtHq_jfc/default.jpg,https://i.ytimg.com/vi/pcqZtHq_jfc/mqdefault.jpg,https://i.ytimg.com/vi/pcqZtHq_jfc/hqdefault.jpg,,,
p91o4FsXwjY,i can’t wait to hear this song liveeeee #tsantiherochallenge #indecisive #newmusic ￼,,2022-11-02 16:05:11+00:00,PT12S,65287,2740,152,https://i.ytimg.com/vi/p91o4FsXwjY/default.jpg,https://i.ytimg.com/vi/p91o4FsXwjY/mqdefault.jpg,https://i.ytimg.com/vi/p91o4FsXwjY/hqdefault.jpg,,,
F0hmSpZ_y-Q,"it’s me, hi. #TSAntiHeroChallenge #antiheromusicvideo #swifties #swifttok #taylorswift #tsmidnights",,2022-10-21 12:38:28+00:00,PT49S,59021,,111,https://i.ytimg.com/vi/F0hmSpZ_y-Q/default.jpg,https://i.ytimg.com/vi/F0hmSpZ_y-Q/mqdefault.jpg,https://i.ytimg.com/vi/F0hmSpZ_y-Q/hqdefault.jpg,,,
cxTk_Zn5YEw,I couldn’t wait 😅 #tsantiherochallenge #shorts #shorts30,,2022-11-01 18:42:43+00:00,PT14S,107649,4652,126,https://i.ytimg.com/vi/cxTk_Zn5YEw/default.jpg,https://i.ytimg.com/vi/cxTk_Zn5YEw/mqdefault.jpg,https://i.ytimg.com/vi/cxTk_Zn5YEw/hqdefault.jpg,,,
jo-4h_ndiMw,#TSAntiHeroChallenge,,2022-10-26 10:06:37+00:00,PT7S,22032,614,64,https://i.ytimg.com/vi/jo-4h_ndiMw/default.jpg,https://i.ytimg.com/vi/jo-4h_ndiMw/mqdefault.jpg,https://i.ytimg.com/vi/jo-4h_ndiMw/hqdefault.jpg,,,
BUaAYj0vJ_I,"I’m the problem, it’s me 😅 #TSAntiHeroChallenge #shorts","#shorts #comedy #pov

STREAM MIDNIGHTS 🌙💜

@hannah.montoya on all socials!!",2022-10-28 22:05:17+00:00,PT6S,1352956,58362,1729,https://i.ytimg.com/vi/BUaAYj0vJ_I/default.jpg,https://i.ytimg.com/vi/BUaAYj0vJ_I/mqdefault.jpg,https://i.ytimg.com/vi/BUaAYj0vJ_I/hqdefault.jpg,,,
yR3jMaXw4Kk,"I’m the problem, it’s me #TSAntiHeroChallenge","I’m the problem, it’s me #TSAntiHeroChallenge",2022-11-01 16:00:35+00:00,PT15S,25138,694,55,https://i.ytimg.com/vi/yR3jMaXw4Kk/default.jpg,https://i.ytimg.com/vi/yR3jMaXw4Kk/mqdefault.jpg,https://i.ytimg.com/vi/yR3jMaXw4Kk/hqdefault.jpg,,,
h8DLofLM7No,Taylor Swift - Lavender Haze (Official Music Video),"Official music video for “Lavender Haze” by Taylor Swift from the album ‘Midnights’.

Buy/Download/Stream ‘Midnights’: https://taylor.lnk.to/taylorswiftmidnights 

Get tickets to Taylor Swift | The Eras Tour concert film in theaters October 13: http://taylor.lnk.to/TSTheErasTourFilm

►Subscribe to Taylor Swift on YouTube: https://ts.lnk.to/subscribe 
 
►Shop Merch: http://taylorswift.lnk.to/store

►Follow Taylor Swift Online:
TikTok: http://tiktok.com/@taylorswift
Instagram: http://instagram.com/taylorswift  
Twitter: http://twitter.com/taylorswift13  
Snapchat: http://snapchat.com/add/taylorswift
Facebook: http://facebook.com/taylorswift  
Tumblr: http://taylorswift.tumblr.com  
Website: http://www.taylorswift.com  

►Follow Taylor Nation Online
TikTok: http://tiktok.com/@taylornation
Instagram: http://instagram.com/taylornation  
Twitter: http://twitter.com/taylornation13
Tumblr: http://taylornation.tumblr.com  

Written by Taylor Swift, Jack Antonoff, Zoë Kravitz, Mark Anthony Spears, Jahaan Akil Sweet &
Sam Dew

Meet me at midnight ...
Staring at the ceiling with you
Oh, you don’t ever say too much
And you don’t really read into
My melancholia
I been under scrutiny
You handle it beautifully
All this shit is new to me
I feel the lavender haze creeping up on me
Surreal
I’m damned if I do give a damn what people say
No deal
The 1950s shit they want from me
I just wanna stay in that lavender haze
All they keep asking me
Is if I’m gonna be your bride
The only kinda girl they see
Is a one night or a wife
I find it dizzying
They’re bringing up my history
But you weren’t even listening
Chorus
That lavender haze
Talk your talk and go viral
I just need this love spiral
Get it off your chest
Get it off my desk
Talk your talk and go viral
I just need this love spiral
Get it off your chest
Get it off my desk
Chorus
Get it off your chest
Get it off my desk
I just wanna stay in that lavender haze

Director: Taylor Swift
Director of Photography: Rina Yang
Producer: Sara D'Alessio
Editor: Chancler Haynes
Production Designer: Ethan Tobman
1st AD: Anthony Dimino
Visual Effects: Parliament
Production Companies: Taylor Swift Productions & Revolution Pictures

#taylorswift #midnights #LavenderHaze 


Music video by Taylor Swift performing Lavender Haze. © 2023 Taylor Swift",2023-01-27 05:00:07+00:00,PT3M31S,77987690,1540114,45054,https://i.ytimg.com/vi/h8DLofLM7No/default.jpg,https://i.ytimg.com/vi/h8DLofLM7No/mqdefault.jpg,https://i.ytimg.com/vi/h8DLofLM7No/hqdefault.jpg,2023-01-27 05:00:07+00:00,2023-01-27 05:04:37+00:00,2023-01-27 05:00:00+00:00
b1kbLwvqugk,Taylor Swift - Anti-Hero (Official Music Video),"Official music video for “Anti-Hero” by Taylor Swift from the album ‘Midnights’. Buy/Download/Stream ‘Midnights’: https://taylor.lnk.to/taylorswiftmidnights 

►Join the #TSAntiHeroChallenge: https://yt.be/TSAntiHero 
0:00 I’m the problem, it’s me
00:47 Join the #TSAntiHeroChallenge on YouTube Shorts
01:02 And share your anti-heroic traits

❤️‍🔥Stream/download ‘The Life of a Showgirl’: https://taylor.lnk.to/TSTheLifeofaShowgirlYD

►Subscribe to Taylor Swift on YouTube: https://ts.lnk.to/subscribe
►Shop Merch: http://taylorswift.lnk.to/store

►Follow Taylor Swift Online: 
TikTok: http://tiktok.com/@taylorswift 
Instagram: http://instagram.com/taylorswift 
Twitter: http://twitter.com/taylorswift13 
Snapchat: http://snapchat.com/add/taylorswift 
Facebook: http://facebook.com/taylorswift 
Tumblr: http://taylorswift.tumblr.com 
Website: http://www.taylorswift.com 

►Follow Taylor Nation Online:
TikTok: http://tiktok.com/@taylornation
Instagram: http://instagram.com/taylornation 
Twitter: http://twitter.com/taylornation13
Tumblr: http://taylornation.tumblr.com

►Lyrics:
Written by Taylor Swift and Jack Antonoff

I have this thing where I get older but just never wiser
Midnights become my afternoons
When my depression works the graveyard shift
All of the people I’ve ghosted stand there in the room
I should not be left to my own devices, they come with prices and vices, I end up in crisis
Tale as old as time
I wake up screaming from dreaming one day I’ll watch as you’re leaving ‘cause you got tired of my scheming - for the last time

It’s me
Hi
I’m the problem, it’s me
At teatime
Everybody agrees
I’ll stare directly at the sun but never in the mirror
It must be exhausting always rooting for the anti-hero

Sometimes I feel like everybody is a sexy baby
And I’m a monster on the hill
Too big to hang out
Slowly lurching toward your favorite city
Pierced through the heart but never killed
Did you hear my covert narcissism I disguise as altruism like some kind of congressman 
Tale as old as time
I wake up screaming from dreaming 
one day I’ll watch as you’re leaving and life will lose all its meaning - for the last time 

It’s me
Hi
I’m the problem, it’s me
At teatime
Everybody agrees
I’ll stare directly at the sun but never in the mirror
It must be exhausting always rooting for the anti-hero

I have this dream my daughter-in-law kills me for the money
She thinks I left them in the will
The family gathers ‘round and reads it
And then someone screams out
“She’s laughing up at us from hell!”

It’s me
Hi
I’m the problem, it’s me

It’s me
Hi
I’m the problem, it’s me

It’s me
Hi

Everybody agrees
Everybody agrees

It’s me
Hi
I’m the problem, it’s me
At teatime
Everybody agrees
I’ll stare directly at the sun but never in the mirror
It must be exhausting always rooting for the anti-hero

Director: Taylor Swift
Director of Photography: Rina Yang
Producer: Sara D'Alessio
Editor: Chancler Haynes
Production Designer: Ethan Tobman
1st AD: Anthony Dimino
Visual Effects: Parliament
Production Companies: Taylor Swift Productions & Revolution Pictures

#taylorswift #midnights #antihero 
Music video by Taylor Swift performing Anti-Hero.
© 2022 Taylor Swift",2022-10-21 12:00:06+00:00,PT5M10S,235156691,3601881,104013,https://i.ytimg.com/vi/b1kbLwvqugk/default.jpg,https://i.ytimg.com/vi/b1kbLwvqugk/mqdefault.jpg,https://i.ytimg.com/vi/b1kbLwvqugk/hqdefault.jpg,2022-10-21 12:00:06+00:00,2022-10-21 12:06:16+00:00,2022-10-21 12:00:00+00:00
b7QlX3yR2xs,Taylor Swift - Bejeweled (Official Music Video),"Official music video for “Bejeweled” by Taylor Swift from the album ‘Midnights’.

Buy/Download/Stream ‘Midnights’: https://taylor.lnk.to/taylorswiftmidnights 

❤️‍🔥Stream/download ‘The Life of a Showgirl’: https://taylor.lnk.to/TSTheLifeofaShowgirlYD

►Subscribe to Taylor Swift on YouTube: https://ts.lnk.to/subscribe
►Shop Merch: http://taylorswift.lnk.to/store

►Follow Taylor Swift Online: 
TikTok: http://tiktok.com/@taylorswift 
Instagram: http://instagram.com/taylorswift 
Twitter: http://twitter.com/taylorswift13 
Snapchat: http://snapchat.com/add/taylorswift 
Facebook: http://facebook.com/taylorswift 
Tumblr: http://taylorswift.tumblr.com 
Website: http://www.taylorswift.com 

►Follow Taylor Nation Online:
TikTok: http://tiktok.com/@taylornation
Instagram: http://instagram.com/taylornation 
Twitter: http://twitter.com/taylornation13
Tumblr: http://taylornation.tumblr.com

►Lyrics:
Written by Taylor Swift and Jack Antonoff

Baby love, I think I’ve been a little too kind
Didn’t notice you walking all over my peace of mind
In the shoes I gave you as a present
Putting someone first only works
When you’re in their top 5
And by the way
I’m going out tonight

Best believe I’m still bejeweled
When I walk in the room
I can still make the whole place shimmer
And when I meet the band
They ask, “Do you have a man?”
I could still say, “I don’t remember”
Familiarity breeds contempt
Don’t put me in the basement
When I want the penthouse of your heart
Diamonds in my eyes
I polish up real
I polish up real nice
NICE!

Baby boy, I think I’ve been too good of a girl 
Too good of a girl
Did all the extra credit then got graded on a curve
I think it’s time to teach some lessons
I made you my world
Have you heard
I can reclaim the land
And I miss you
But I miss sparkling …

Chorus

Sapphire tears on my face
Sadness became my whole sky
But some guy said my aura’s moonstone
Just ‘cause he was high
And we’re dancing all night
And you can try
To change my mind
But you might have to wait in line
What’s a girl gonna do?
A diamond’s gotta shine

Chorus
And we’re dancing all night
And you can try
To change my mind
But you might have to wait in line
What’s a girl gonna do?
What’s a girl gonna do? 
I polish up nice
Best believe I’m still bejeweled
When I walk in the room
I can still make the whole place shimmer

Director: Taylor Swift
Director of Photography: Rina Yang
Producer: Sara D'Alessio
Editor: Chancler Haynes
Production Designer: Ethan Tobman
1st AD: Anthony Dimino
Visual Effects: Parliament
Production Companies: Taylor Swift Productions & Revolution Pictures

#taylorswift #midnights #bejeweled 

Music video by Taylor Swift performing Bejeweled. © 2022 Taylor Swift",2022-10-25 04:00:09+00:00,PT5M54S,100079182,2095853,57210,https://i.ytimg.com/vi/b7QlX3yR2xs/default.jpg,https://i.ytimg.com/vi/b7QlX3yR2xs/mqdefault.jpg,https://i.ytimg.com/vi/b7QlX3yR2xs/hqdefault.jpg,2022-10-25 04:00:09+00:00,2022-10-25 04:07:01+00:00,2022-10-25 04:00:00+00:00
-qee6dFKlw4,Taylor Swift - High Infidelity (Official Lyric Video),"Listen to ""High Infidelity"" by Taylor Swift from the album ‘Midnights (3am Edition).’

Buy/Download/Stream ‘Midnights (3am Edition)’ here: https://taylor.lnk.to/taylorswiftmidnights

Stream/download ‘The Life of a Showgirl’: https://taylor.lnk.to/TSTheLifeofaShowgirlYD

►Subscribe to Taylor Swift on YouTube: https://ts.lnk.to/subscribe 
 
►Shop Merch: http://taylorswift.lnk.to/store

►Follow Taylor Swift Online:
TikTok: http://tiktok.com/@taylornation
Instagram: http://instagram.com/taylorswift  
Twitter: http://twitter.com/taylorswift13  
Snapchat: http://snapchat.com/add/taylorswift
Facebook: http://facebook.com/taylorswift  
Tumblr: http://taylorswift.tumblr.com  
Website: http://www.taylorswift.com  

►Follow Taylor Nation Online
TikTok: http://tiktok.com/@taylornation
Instagram: http://instagram.com/taylornation  
Twitter: http://twitter.com/taylornation13
Tumblr: http://taylornation.tumblr.com  

►Lyrics:
Written by Taylor Swift and Aaron Dessner

Lock broken
Slur spoken 
Wound open 
Game token 
I didn’t know you were keeping count 
Rain soaking 
Blind hoping 
You said I was 
Freeloading 
I didn’t know you were keeping count 

High infidelity 
Put on your records 
And regret me 
I bent the truth too far tonight 
I was dancing around 
Dancing around it 
High infidelity 
Put on your headphones 
And burn my city 
Your picket fence is sharp as knives 
I was dancing around 
Dancing around it 

Do you really want to know where I was April 29th?
Do I really have to chart the constellations in his eyes? 

Storm coming 
Good husband 
Bad omen 
Dragged my feet right down the aisle 
At the house lonely 
Good money 
I’d pay if you’d just know me 
Seemed like the right thing at the time 
You know there’s many different ways that you can kill the one you love 
The slowest way is never loving them enough 
Do you really want to know where I was April 29th?
Do I really have to tell you how he brought me back to life?

High infidelity 
Put on your records and regret me 
I bent the truth too far tonight
I was dancing around 
Dancing around it

High infidelity 
Put on your headphones and burn my city
Your picket fence is sharp as knives
I was dancing around, dancing around it

Do you really want to know where I was April 29th?
Do I really have to chart the constellations in his eyes?
You know there’s many different ways that you can kill the one you love 
The slowest way is never loving them enough

High infidelity 
Put on your records and regret meeting me 
I bent the truth too far tonight
I was dancing around 
Dancing around it

High infidelity 
Put on your headphones and burn my city
Your picket fence is sharp as knives
I was dancing around
Dancing around it

Oh, there’s many different ways that you can kill the one you love 
And it’s never enough, it’s never enough

Lock broken
Slur spoken 
Wound open 
Game token 
I didn’t know you were keeping count 
Rain soaking 
Blind hoping 
You said I was 
Freeloading 
I didn’t know you were keeping count 
But oh, you were keeping count

#taylorswift #midnights #HighInfidelity

Music video by Taylor Swift performing High Infidelity (Lyric Video). © 2022 Taylor Swift",2022-10-22 00:00:00+00:00,PT3M57S,10775494,130629,3162,https://i.ytimg.com/vi/-qee6dFKlw4/default.jpg,https://i.ytimg.com/vi/-qee6dFKlw4/mqdefault.jpg,https://i.ytimg.com/vi/-qee6dFKlw4/hqdefault.jpg,,,
X0Jti9F-oQA,Taylor Swift - Dear Reader (Official Lyric Video),"Listen to ""Dear Reader” by Taylor Swift from the album ‘Midnights (3am Edition)’

Buy/Download/Stream ‘Midnights (3am Edition)’: https://taylor.lnk.to/taylorswiftmidnights 

►Subscribe to Taylor Swift on YouTube: https://ts.lnk.to/subscribe 
 
►Shop Merch: http://taylorswift.lnk.to/store

►Follow Taylor Swift Online:
TikTok: http://tiktok.com/@taylornation
Instagram: http://instagram.com/taylorswift  
Twitter: http://twitter.com/taylorswift13  
Snapchat: http://snapchat.com/add/taylorswift
Facebook: http://facebook.com/taylorswift  
Tumblr: http://taylorswift.tumblr.com  
Website: http://www.taylorswift.com  

►Follow Taylor Nation Online
TikTok: http://tiktok.com/@taylornation
Instagram: http://instagram.com/taylornation  
Twitter: http://twitter.com/taylornation13
Tumblr: http://taylornation.tumblr.com  

►Lyrics:
Written by Taylor Swift and Jack Antonoff 

Dear reader,
If it feels like a trap 
You’re already in one 
Dear reader, 
Get out your map
Pick somewhere and just run 
Dear reader, 
Burn all the files, desert all your past lives 
And if you don’t recognize yourself 
That means you did it right 

Never take advice from someone who’s falling apart 
Never take advice from someone who’s falling apart 

Dear reader,
Bend when you can
Snap when you have to 
Dear reader,
You don’t have to answer
Just ‘cause they asked you 
Dear reader, 
The greatest of luxuries is your secrets
Dear reader, 
When you aim at the devil 
Make sure you don’t miss 

Never take advice from someone who’s falling apart 
Never take advice from someone who’s falling apart 

So I wander through these nights 
I prefer hiding in plain sight 
My fourth drink in my hand 
These desperate prayers of a cursed man

Spilling out to you for free 
But darling, darling, please 
You wouldn’t take my word for it 
If you knew who was talking 
If you knew where I was walking 
To a house, not a home, all alone 
Cause nobody’s there 
Where I pace in my pen and 
my friends found friends who care 
No one sees when you lose 
when you’re playing solitaire 

You should find another guiding light 
Guiding light 
But I shine so bright 
You should find another guiding light 
Guiding light 
But I shine so bright …

#taylorswift #midnights #dearreader 


Music video by Taylor Swift performing Dear Reader (Lyric Video). © 2022 Taylor Swift",2022-10-22 00:00:18+00:00,PT3M49S,7210211,107393,2127,https://i.ytimg.com/vi/X0Jti9F-oQA/default.jpg,https://i.ytimg.com/vi/X0Jti9F-oQA/mqdefault.jpg,https://i.ytimg.com/vi/X0Jti9F-oQA/hqdefault.jpg,,,
B-MfwP_RmHY,"Taylor Swift - Would've, Could've, Should've (Official Lyric Video)","Listen to ""Would've, Could've, Should've"" by Taylor Swift from the album ‘Midnights (3am Edition)’ Buy/Download/Stream ‘Midnights (3am Edition)’: https://taylor.lnk.to/taylorswiftmidnights 

❤️‍🔥Stream/download ‘The Life of a Showgirl’: https://taylor.lnk.to/TSTheLifeofaShowgirlYD

►Subscribe to Taylor Swift on YouTube: https://ts.lnk.to/subscribe
►Shop Merch: http://taylorswift.lnk.to/store

►Follow Taylor Swift Online: 
TikTok: http://tiktok.com/@taylorswift 
Instagram: http://instagram.com/taylorswift 
Twitter: http://twitter.com/taylorswift13 
Snapchat: http://snapchat.com/add/taylorswift 
Facebook: http://facebook.com/taylorswift 
Tumblr: http://taylorswift.tumblr.com 
Website: http://www.taylorswift.com 

►Follow Taylor Nation Online:
TikTok: http://tiktok.com/@taylornation
Instagram: http://instagram.com/taylornation 
Twitter: http://twitter.com/taylornation13
Tumblr: http://taylornation.tumblr.com

►Lyrics:
Written by Taylor Swift and Aaron Dessner

If you would’ve blinked then I would’ve 
Looked away at the first glance 
If you tasted poison you could’ve 
Spit me out at the first chance 
If I was some paint did it splatter 
On a promising grown man 
And if I was a child, did it matter 
If you got to wash your hands 
Oh, all I used to do was pray 
Would’ve, could’ve, should’ve  
If you’d never looked my way 

I would’ve stayed 
On my knees
And I damn sure never would’ve danced with the devil 
At nineteen, and the god’s honest truth is that the pain was heaven 
And now that I’m grown 
I’m scared of ghosts 
Memories feel like weapons 
And now that I know 
I wish you’d left me wondering 

If you never touched me I would’ve 
Gone along with the righteous 
If I never blushed then they could’ve
Never whispered about this
And if you never saved me from boredom 
I could’ve gone on as I was 
But lord, you made me feel important 
And then you tried to erase us 
Oh, you’re a crisis of my faith 
Would’ve, could’ve, should’ve  
If I’d only played it safe 

I would’ve stayed 
On my knees
And I damn sure never would’ve danced with the devil 
At nineteen, and the god’s honest truth is that the pain was heaven 
And now that I’m grown 
I’m scared of ghosts 
Memories feel like weapons 
And now that I know 
I wish you’d left me wondering 
God rest my soul
I miss who I used to be 
The tomb won’t close 
Stained glass windows in my mind 
I regret you all the time 
Can’t let this go 
I fight with you in my sleep
The wound won’t close
I keep on waiting for a sign 
I regret you all the time
 
If clarity’s in death then why won’t this die?
Years of tearing down our banners 
You and I 
Living for the thrill of hitting you where it hurts 
Give me back my girlhood 
It was mine first 

And I damn sure never would’ve danced with the devil 
At nineteen, and the god’s honest truth is that the pain was heaven 
And now that I’m grown 
I’m scared of ghosts 
Memories feel like weapons 
And now that I know 
I wish you’d left me wondering 

God rest my soul
I miss who I used to be 
The tomb won’t close 
Stained glass windows in my mind 
I regret you all the time 
I can’t let this go 
I fight with you in my sleep
The wound won’t close
I keep on waiting for a sign 
I regret you all the time 

Oh, god rest my soul
I miss who I used to be 
The tomb won’t close 
Stained glass windows in my mind 
I regret you all the time 
I can’t let this go 
I fight with you in my sleep
The wound won’t close
I keep on waiting for a sign 
I regret you all the time 

#taylorswift #midnights 

Music video by Taylor Swift performing Would've, Could've, Should've (Lyric Video). © 2022 Taylor Swift",2022-10-22 00:00:13+00:00,PT4M24S,22684457,236082,5706,https://i.ytimg.com/vi/B-MfwP_RmHY/default.jpg,https://i.ytimg.com/vi/B-MfwP_RmHY/mqdefault.jpg,https://i.ytimg.com/vi/B-MfwP_RmHY/hqdefault.jpg,,,
Y2a73EvnZ4s,Taylor Swift - Glitch (Official Lyric Video),"Listen to ""Glitch"" by Taylor Swift from the album ‘Midnights (3am Edition)’

Buy/Download/Stream ‘Midnights (3am Edition)’: https://taylor.lnk.to/taylorswiftmidnights 

►Subscribe to Taylor Swift on YouTube: https://ts.lnk.to/subscribe 
 
►Shop Merch: http://taylorswift.lnk.to/store

►Follow Taylor Swift Online:
TikTok: http://tiktok.com/@taylornation
Instagram: http://instagram.com/taylorswift  
Twitter: http://twitter.com/taylorswift13  
Snapchat: http://snapchat.com/add/taylorswift
Facebook: http://facebook.com/taylorswift  
Tumblr: http://taylorswift.tumblr.com  
Website: http://www.taylorswift.com  

►Follow Taylor Nation Online
TikTok: http://tiktok.com/@taylornation
Instagram: http://instagram.com/taylornation  
Twitter: http://twitter.com/taylornation13
Tumblr: http://taylornation.tumblr.com  

►Lyrics:
Written by Taylor Swift, Jack Antonoff, Sam Dew, Anthony Spears

We were supposed to be just friends
You don’t live in my part of town but maybe I’ll see you out some weekend 
Depending on what kind of mood and situation-ship I’m in
And what’s in my system

I think there’s been a glitch
Five seconds later I’m fastening myself to you with a stitch 
And I’m not even sorry
Nights are so starry 
Blood moonlit
It must be counterfeit
I think there’s been a glitch

I was supposed to sweat you out
In search of glorious happenings of happenstance on someone else’s playground 
But it’s been 2,190 days of our love blackout
The system’s breaking down 

Chorus

A brief interruption 
A slight malfunction
I’d go back to wanting 
Dudes who give nothing
I thought we had no chance … 
And that’s romance
Let’s dance 

Glitch
Five seconds later I’m fastening myself to you with a stitch 
And I’m not even sorry
Nights are so starry 
Blood moonlit
It must be counterfeit
I think there’s been a glitch

#taylorswift #midnights #glitch 


Music video by Taylor Swift performing Glitch (Lyric Video). © 2022 Taylor Swift",2022-10-22 00:00:16+00:00,PT2M32S,5325938,76611,1319,https://i.ytimg.com/vi/Y2a73EvnZ4s/default.jpg,https://i.ytimg.com/vi/Y2a73EvnZ4s/mqdefault.jpg,https://i.ytimg.com/vi/Y2a73EvnZ4s/hqdefault.jpg,,,
ySZGZrcqvr4,Taylor Swift - Paris (Official Lyric Video),"Listen to ""Paris"" by Taylor Swift from the album ‘Midnights (3am Edition)’

Buy/Download/Stream ‘Midnights (3am Edition)’: https://taylor.lnk.to/taylorswiftmidnights 

►Subscribe to Taylor Swift on YouTube: https://ts.lnk.to/subscribe 
 
►Shop Merch: http://taylorswift.lnk.to/store

►Follow Taylor Swift Online:
TikTok: http://tiktok.com/@taylornation
Instagram: http://instagram.com/taylorswift  
Twitter: http://twitter.com/taylorswift13  
Snapchat: http://snapchat.com/add/taylorswift
Facebook: http://facebook.com/taylorswift  
Tumblr: http://taylorswift.tumblr.com  
Website: http://www.taylorswift.com  

►Follow Taylor Nation Online
TikTok: http://tiktok.com/@taylornation
Instagram: http://instagram.com/taylornation  
Twitter: http://twitter.com/taylornation13
Tumblr: http://taylornation.tumblr.com  

►Lyrics:
Written by Taylor Swift and Jack Antonoff

Your ex-friend’s sister met someone at a club and he kissed her 
Turns out it was that guy you hooked up with ages ago, some wannabe Z-lister 
and all the outfits were terrible  
2003 unbearable  
Did you see the photos? 
No, I didn’t but thanks though 
 
I’m so in love that I might stop breathing  
Drew a map on your bedroom ceiling  
No, I didn’t see the news  
Cause we were somewhere else  
Stumble down pretend alleyways 
Cheap wine make believe it’s Champagne  
I was taken by the view 
Like we were in Paris
Like we were somewhere else
Like we were in Paris
We were somewhere else
  
Privacy sign on the door  
And on my page and on the whole world  
Romance is not dead  
If you keep it just yours  
Levitate above all the messes made 
Sit quiet by my side in the shade  
And not the kind that’s thrown, I mean 
The kind under where a tree has grown  

Chorus  

I want to brainwash you into loving me forever  
I want to transport you to somewhere the culture’s clever  
Confess my truth in swooping, sloping, cursive letters  
Let the only flashing lights  
Be the tower at midnight  
In my mind  

We drew a map on your bedroom ceiling  
No, I didn’t see the news  
Cause we were somewhere else  
In an alleyway 
Drinking Champagne  
Cause we were in Paris  
Yes, we were somewhere else  
My love, we were in Paris  
Yes, we were somewhere else

#taylorswift #midnights #paris



Music video by Taylor Swift performing Paris (Lyric Video). © 2022 Taylor Swift",2022-10-22 00:00:37+00:00,PT3M20S,10466724,124683,2147,https://i.ytimg.com/vi/ySZGZrcqvr4/default.jpg,https://i.ytimg.com/vi/ySZGZrcqvr4/mqdefault.jpg,https://i.ytimg.com/vi/ySZGZrcqvr4/hqdefault.jpg,,,
l8Tps3PITx4,Taylor Swift - Bigger Than The Whole Sky (Lyric Video),"Listen to ""Bigger Than The Whole Sky"" by Taylor Swift from the album ‘Midnights (3am Edition)’

Buy/Download/Stream ‘Midnights (3am Edition)’: https://taylor.lnk.to/taylorswiftmidnights 

Get tickets to Taylor Swift | The Eras Tour concert film in theaters October 13: http://taylor.lnk.to/TSTheErasTourFilm

►Subscribe to Taylor Swift on YouTube: https://ts.lnk.to/subscribe 
 
►Shop Merch: http://taylorswift.lnk.to/store

►Follow Taylor Swift Online:
TikTok: http://tiktok.com/@taylornation
Instagram: http://instagram.com/taylorswift  
Twitter: http://twitter.com/taylorswift13  
Snapchat: http://snapchat.com/add/taylorswift
Facebook: http://facebook.com/taylorswift  
Tumblr: http://taylorswift.tumblr.com  
Website: http://www.taylorswift.com  

►Follow Taylor Nation Online
TikTok: http://tiktok.com/@taylornation
Instagram: http://instagram.com/taylornation  
Twitter: http://twitter.com/taylornation13
Tumblr: http://taylornation.tumblr.com  

►Lyrics:
Written by Taylor Swift and Jack Antonoff

No words appear before me in the aftermath 
Salt streams out my eyes and into my ears 
Every single thing I touch becomes sick with sadness 
Cause it’s all over now 
All out to sea 

Goodbye, goodbye, goodbye
You were bigger than the whole sky 
You were more than just a short time 
And I’ve got a lot to pine about 
I’ve got a lot to live without 
I’m never gonna meet 
What could’ve been, would’ve been 
What should’ve been you 
What could’ve been, would’ve been you

Did some bird flap its wings over in Asia 
Did some force take you because I didn’t pray  
Every single thing to come has turned into ashes
Cause it’s all over 
It’s not meant to be 
So I’ll say words I don’t believe 

Chorus x2 

#taylorswift #midnights #biggerthanthewholesky 


Music video by Taylor Swift performing Bigger Than The Whole Sky (Lyric Video). © 2022 Taylor Swift",2022-10-22 00:00:21+00:00,PT3M44S,11525452,164277,4290,https://i.ytimg.com/vi/l8Tps3PITx4/default.jpg,https://i.ytimg.com/vi/l8Tps3PITx4/mqdefault.jpg,https://i.ytimg.com/vi/l8Tps3PITx4/hqdefault.jpg,,,
iFX6_9h7th0,Taylor Swift - The Great War (Official Lyric Video),"Listen to ""The Great War"" by Taylor Swift from the album ‘Midnights (3am Edition)’

Buy/Download/Stream ‘Midnights (3am Edition)’: https://taylor.lnk.to/taylorswiftmidnights 

Get tickets to Taylor Swift | The Eras Tour concert film in theaters October 13: http://taylor.lnk.to/TSTheErasTourFilm

►Subscribe to Taylor Swift on YouTube: https://ts.lnk.to/subscribe 
 
►Shop Merch: http://taylorswift.lnk.to/store

►Follow Taylor Swift Online:
TikTok: http://tiktok.com/@taylornation
Instagram: http://instagram.com/taylorswift  
Twitter: http://twitter.com/taylorswift13  
Snapchat: http://snapchat.com/add/taylorswift
Facebook: http://facebook.com/taylorswift  
Tumblr: http://taylorswift.tumblr.com  
Website: http://www.taylorswift.com  

►Follow Taylor Nation Online
TikTok: http://tiktok.com/@taylornation
Instagram: http://instagram.com/taylornation  
Twitter: http://twitter.com/taylornation13
Tumblr: http://taylornation.tumblr.com  

►Lyrics:
 Written by Taylor Swift and Aaron Dessner

My knuckles were bruised like violets 
Sucker punching walls 
Cursed you as I sleep talked 
Spineless in my tomb of silence 
Tore your banners down 
Took the battle underground 
And maybe it was egos swinging 
Maybe it was her 
Flashes of the battle come back to me in a blur 

All that bloodshed 
Crimson clover 
Uh huh, sweet dream was over 
My hand was the one you reached for 
All throughout the Great War
Always remember, uh huh 
Tears on the letter 
I vowed not to cry anymore 
If we survived the Great War 

You drew up some good faith treaties 
I drew curtains closed 
Drank my poison all alone 
You said I have to trust more freely 
But diesel is desire
You were playing with fire
And maybe it’s the past that’s talking 
Screaming from the crypt 
Telling me to punish you for things you never did 
So I justified it

All that bloodshed, crimson clover 
Uh huh, the bombs were closer 
My hand was the one you reached for 
All throughout the Great War 
Always remember, uh huh 
The burning embers 
I vowed not to fight anymore 
If we survived the Great War 
Uh huh, uh huh

It turned into something bigger 
Somewhere in the haze 
Got a sense I’d been betrayed 
Your finger on my hairpin triggers 
Soldier down 
On that icy ground 
Looked up at me with honor and truth 
Broken and blue 
So I called off the troops 
That was the night I nearly lost you 
I really thought I’d lost you 

We can plant a memory garden 
Say a solemn prayer
Place a poppy in my hair 
There’s no morning glory 
It was war it wasn’t fair 
And we will never go back to that 

Bloodshed, crimson clover 
Uh huh, the worst was over
My hand was the one you reached for 
All throughout the Great War 
Always remember, uh huh 
We’re burned for better 
I vowed I would always be yours
Cause we survived the Great War
Uh huh, uh huh
I will always be yours
Cause we survived the Great War
Uh huh 
I vowed I will always be yours

#taylorswift #midnights #thegreatwar 


Music video by Taylor Swift performing The Great War (Lyric Video). © 2022 Taylor Swift",2022-10-22 00:00:32+00:00,PT4M4S,27415728,227635,4074,https://i.ytimg.com/vi/iFX6_9h7th0/default.jpg,https://i.ytimg.com/vi/iFX6_9h7th0/mqdefault.jpg,https://i.ytimg.com/vi/iFX6_9h7th0/hqdefault.jpg,,,
Tmz1lz0zcLQ,Taylor Swift - Mastermind (Official Lyric Video),"Listen to “Mastermind” by Taylor Swift from the album ‘Midnights’.

Buy/Download/Stream ‘Midnights’: https://taylor.lnk.to/taylorswiftmidnights 

►Subscribe to Taylor Swift on YouTube: https://ts.lnk.to/subscribe 
 
►Shop Merch: http://taylorswift.lnk.to/store

►Follow Taylor Swift Online:
TikTok: http://tiktok.com/@taylornation
Instagram: http://instagram.com/taylorswift  
Twitter: http://twitter.com/taylorswift13  
Snapchat: http://snapchat.com/add/taylorswift
Facebook: http://facebook.com/taylorswift  
Tumblr: http://taylorswift.tumblr.com  
Website: http://www.taylorswift.com  

►Follow Taylor Nation Online
TikTok: http://tiktok.com/@taylornation
Instagram: http://instagram.com/taylornation  
Twitter: http://twitter.com/taylornation13
Tumblr: http://taylornation.tumblr.com  

►Lyrics:
Written by Taylor Swift and Jack Antonoff

Once upon a time
The planets and the fates and all the stars aligned
You and I ended up in the same room at the same time
And the touch of a hand lit the fuse
Of a chain reaction of countermoves
To assess the equation of you
Checkmate, I couldn’t lose

What if I told you
None of it was accidental
And the first night that you saw me
Nothing was gonna stop me
I laid the groundwork
And then just like clockwork
The dominoes cascaded in a line
What if I told you I’m a mastermind
And now you’re mine
It was all by design
Cause I’m a mastermind

You see all the wisest women had to do it this way
Cause we were born to be the pawn in every lover’s game
If you fail to plan, you plan to fail
Strategy sets the scene for the tale
I’m the wind in our free-flowing sails
And the liquor in our cocktails

What if I told you
None of it was accidental
And the first night that you saw me
I knew I wanted your body
I laid the groundwork
And then just like clockwork
The dominoes cascaded in a line
What if I told you I’m a mastermind
And now you’re mine
It was all my design
Cause I’m a mastermind

No one wanted to play with me as a little kid
So I’ve been scheming like a criminal ever since
To make them love me and make it seem effortless
This is the first time I’ve felt the need to confess
And I swear
I’m only cryptic and Machiavellian ‘cause I care

So I told you
None of it was accidental
And the first night that you saw me
Nothing was gonna stop me
I laid the groundwork
And then saw a wide smirk
On your face, you knew the entire time
You knew that I’m a mastermind
And now you’re mine
Yeah, all you did was smile
Cause I’m a mastermind 

#taylorswift #midnights #mastermind 


Music video by Taylor Swift performing Mastermind (Lyric Video). © 2022 Taylor Swift",2022-10-22 00:00:14+00:00,PT3M15S,19308486,178060,3244,https://i.ytimg.com/vi/Tmz1lz0zcLQ/default.jpg,https://i.ytimg.com/vi/Tmz1lz0zcLQ/mqdefault.jpg,https://i.ytimg.com/vi/Tmz1lz0zcLQ/hqdefault.jpg,,,
rn0brgg2BpI,Taylor Swift - Sweet Nothing (Official Lyric Video),"Listen to “Sweet Nothing” by Taylor Swift from the album ‘Midnights’.

Buy/Download/Stream ‘Midnights’: https://taylor.lnk.to/taylorswiftmidnights 

Get tickets to Taylor Swift | The Eras Tour concert film in theaters October 13: http://taylor.lnk.to/TSTheErasTourFilm

►Subscribe to Taylor Swift on YouTube: https://ts.lnk.to/subscribe 
 
►Shop Merch: http://taylorswift.lnk.to/store

►Follow Taylor Swift Online:
TikTok: http://tiktok.com/@taylornation
Instagram: http://instagram.com/taylorswift  
Twitter: http://twitter.com/taylorswift13  
Snapchat: http://snapchat.com/add/taylorswift
Facebook: http://facebook.com/taylorswift  
Tumblr: http://taylorswift.tumblr.com  
Website: http://www.taylorswift.com  

►Follow Taylor Nation Online
TikTok: http://tiktok.com/@taylornation
Instagram: http://instagram.com/taylornation  
Twitter: http://twitter.com/taylornation13
Tumblr: http://taylornation.tumblr.com  

►Lyrics:
Written by Taylor Swift and William Bowery

I spy with my little tired eye
Tiny as a firefly
A pebble that we picked up last July
Down deep inside your pocket
We almost forgot it
Does it ever miss Wicklow sometimes?
Ooh …

They said the end is coming
Everyone’s up to something
I find myself running home to your 
Sweet nothings
Outside they’re push and shoving
You’re in the kitchen humming
All that you ever wanted from me was
Sweet nothing

On the way home
I wrote a poem
You say, “what a mind”
This happens all the time
Ooh …

Cause they said the end is coming
Everyone’s up to something
I find myself running home to your 
Sweet nothings
Outside they’re push and shoving
You’re in the kitchen humming
All that you ever wanted from me was
… nothing

Industry disrupters and soul deconstructors
And smooth-talking hucksters
Out glad-handing each other
And the voices that implore
“You should be doing more”
To you I can admit
That I’m just too soft for all of it
Ooh …

Chorus x2

#taylorswift #midnights #sweetnothing 


Music video by Taylor Swift performing Sweet Nothing (Lyric Video). © 2022 Taylor Swift",2022-10-22 00:00:34+00:00,PT3M13S,13251714,155525,2549,https://i.ytimg.com/vi/rn0brgg2BpI/default.jpg,https://i.ytimg.com/vi/rn0brgg2BpI/mqdefault.jpg,https://i.ytimg.com/vi/rn0brgg2BpI/hqdefault.jpg,,,
rg18Kf4en2o,Taylor Swift - Karma (Lyric Video),"Listen to “Karma” by Taylor Swift from the album ‘Midnights’.

Buy/Download/Stream ‘Midnights’: https://taylor.lnk.to/taylorswiftmidnights 

Get tickets to Taylor Swift | The Eras Tour concert film in theaters October 13: http://taylor.lnk.to/TSTheErasTourFilm

►Subscribe to Taylor Swift on YouTube: https://ts.lnk.to/subscribe 
 
►Shop Merch: http://taylorswift.lnk.to/store

►Follow Taylor Swift Online:
TikTok: http://tiktok.com/@taylornation
Instagram: http://instagram.com/taylorswift  
Twitter: http://twitter.com/taylorswift13  
Snapchat: http://snapchat.com/add/taylorswift
Facebook: http://facebook.com/taylorswift  
Tumblr: http://taylorswift.tumblr.com  
Website: http://www.taylorswift.com  

►Follow Taylor Nation Online
TikTok: http://tiktok.com/@taylornation
Instagram: http://instagram.com/taylornation  
Twitter: http://twitter.com/taylornation13
Tumblr: http://taylornation.tumblr.com  

►Lyrics:
Written by Taylor Swift, Jack Antonoff, Mark Anthony Spears, Keanu Torres, Jahaan Akil Sweet

You’re talking shit 
For the hell of it 
Addicted to betrayal 
But you’re relevant 
You’re terrified to look down
Cause if you dare 
You’ll see the glare 
Of everyone you burned just to get there 
It’s coming back around 
And I keep my side of the street clean 
You wouldn’t know what I mean 

Cause karma is my boyfriend
Karma is a god 
Karma is the breeze in my hair on the weekend 
Karma’s a relaxing thought 
Aren’t you envious that for you it’s not?
Sweet like honey
Karma is a cat 
Purring in my lap ‘cause it loves me 
Flexing like a goddamn acrobat 
Me and karma vibe like that 

Spiderboy, king of thieves 
Weave your little webs of opacity 
My pennies made your crown 
Trick me once 
Trick me twice 
Don’t you know that cash ain’t the only price 
It’s coming back around 
And I keep my side of the street clean 
You wouldn’t know what I mean

Chorus 

Ask me what I learned from all those years 
Ask me what I earned from all those tears 
Ask me why so many fade but I’m still here

Cause karma is the thunder 
Rattling your ground 
Karma’s on your scent like a bounty hunter 
Karma’s gonna track you down
Step by step from town to town 
Sweet like justice 
Karma is a queen 
Karma takes all my friends to the summit 
Karma is the guy on the screen coming straight home to me 

Chorus 

Karma is my boyfriend 
Karma is a god 
Karma’s a relaxing thought …

#taylorswift #midnights #Karma 


Music video by Taylor Swift performing Karma (Lyric Video). © 2022 Taylor Swift",2022-10-22 00:00:29+00:00,PT3M30S,33323079,333875,6643,https://i.ytimg.com/vi/rg18Kf4en2o/default.jpg,https://i.ytimg.com/vi/rg18Kf4en2o/mqdefault.jpg,https://i.ytimg.com/vi/rg18Kf4en2o/hqdefault.jpg,,,
xTXsKMXUi7w,Taylor Swift - Labyrinth (Lyric Video),"Listen to “Labyrinth” by Taylor Swift from the album ‘Midnights’.

Buy/Download/Stream ‘Midnights’: https://taylor.lnk.to/taylorswiftmidnights 

►Subscribe to Taylor Swift on YouTube: https://ts.lnk.to/subscribe 
 
►Shop Merch: http://taylorswift.lnk.to/store

►Follow Taylor Swift Online:
TikTok: http://tiktok.com/@taylornation
Instagram: http://instagram.com/taylorswift  
Twitter: http://twitter.com/taylorswift13  
Snapchat: http://snapchat.com/add/taylorswift
Facebook: http://facebook.com/taylorswift  
Tumblr: http://taylorswift.tumblr.com  
Website: http://www.taylorswift.com  

►Follow Taylor Nation Online
TikTok: http://tiktok.com/@taylornation
Instagram: http://instagram.com/taylornation  
Twitter: http://twitter.com/taylornation13
Tumblr: http://taylornation.tumblr.com  

►Lyrics:
Written by Taylor Swift and Jack Antonoff

It only hurts this much right now
Was what I was thinking the whole time
Breathe in, breathe through
Breathe deep, breathe out
I’ll be getting over you my whole life
You know how scared I am of elevators
Never trust it if it rises fast
It can’t last

Uh oh, I’m falling in love
Oh no, I’m falling in love again
Oh, I’m falling in love
I thought the plane was going down
How’d you turn it right around

It only feels this raw right now
Lost in the labyrinth of my mind
Break up, break free, break through, break down
You would break your back to make me break a smile
You know how much I hate that everybody just expects me to 
bounce back
Just like that

Chorus x4

#taylorswift #midnights #labyrinth 

Music video by Taylor Swift performing Labyrinth (Lyric Video). © 2022 Taylor Swift",2022-10-22 00:00:36+00:00,PT4M12S,16711075,203872,2616,https://i.ytimg.com/vi/xTXsKMXUi7w/default.jpg,https://i.ytimg.com/vi/xTXsKMXUi7w/mqdefault.jpg,https://i.ytimg.com/vi/xTXsKMXUi7w/hqdefault.jpg,,,
XzKSPRqFg9E,Taylor Swift - Bejeweled (Lyric Video),"Listen to “Bejeweled” by Taylor Swift from the album ‘Midnights’.

Buy/Download/Stream ‘Midnights’: https://taylor.lnk.to/taylorswiftmidnights 

►Subscribe to Taylor Swift on YouTube: https://ts.lnk.to/subscribe 
 
►Shop Merch: http://taylorswift.lnk.to/store

►Follow Taylor Swift Online:
TikTok: http://tiktok.com/@taylornation
Instagram: http://instagram.com/taylorswift  
Twitter: http://twitter.com/taylorswift13  
Snapchat: http://snapchat.com/add/taylorswift
Facebook: http://facebook.com/taylorswift  
Tumblr: http://taylorswift.tumblr.com  
Website: http://www.taylorswift.com  

►Follow Taylor Nation Online
TikTok: http://tiktok.com/@taylornation
Instagram: http://instagram.com/taylornation  
Twitter: http://twitter.com/taylornation13
Tumblr: http://taylornation.tumblr.com  

►Lyrics:
Written by Taylor Swift and Jack Antonoff

Baby love, I think I’ve been a little too kind
Didn’t notice you walking all over my peace of mind
In the shoes I gave you as a present
Putting someone first only works
When you’re in their top 5
And by the way
I’m going out tonight

Best believe I’m still bejeweled
When I walk in the room
I can still make the whole place shimmer
And when I meet the band
They ask, “Do you have a man?”
I could still say, “I don’t remember”
Familiarity breeds contempt
Don’t put me in the basement
When I want the penthouse of your heart
Diamonds in my eyes
I polish up real
I polish up real nice
NICE!

Baby boy, I think I’ve been too good of a girl 
Too good of a girl
Did all the extra credit then got graded on a curve
I think it’s time to teach some lessons
I made you my world
Have you heard
I can reclaim the land
And I miss you
But I miss sparkling …

Chorus

Sapphire tears on my face
Sadness became my whole sky
But some guy said my aura’s moonstone
Just ‘cause he was high
And we’re dancing all night
And you can try
To change my mind
But you might have to wait in line
What’s a girl gonna do?
A diamond’s gotta shine

Chorus
And we’re dancing all night
And you can try
To change my mind
But you might have to wait in line
What’s a girl gonna do?
What’s a girl gonna do? 
I polish up nice
Best believe I’m still bejeweled
When I walk in the room
I can still make the whole place shimmer

#taylorswift #midnights #bejeweled 
 

Music video by Taylor Swift performing Bejeweled (Lyric Video). © 2022 Taylor Swift",2022-10-22 00:00:16+00:00,PT3M19S,23449343,173398,2309,https://i.ytimg.com/vi/XzKSPRqFg9E/default.jpg,https://i.ytimg.com/vi/XzKSPRqFg9E/mqdefault.jpg,https://i.ytimg.com/vi/XzKSPRqFg9E/hqdefault.jpg,,,
Uoey4W_3bos,Taylor Swift - Vigilante Shit (Official Lyric Video),"Listen to “Vigilante Shit” by Taylor Swift from the album ‘Midnights’.

►Subscribe to Taylor Swift on YouTube: https://ts.lnk.to/subscribe 
 
►Shop Merch: http://taylorswift.lnk.to/store

►Follow Taylor Swift Online:
TikTok: http://tiktok.com/@taylornation
Instagram: http://instagram.com/taylorswift  
Twitter: http://twitter.com/taylorswift13  
Snapchat: http://snapchat.com/add/taylorswift
Facebook: http://facebook.com/taylorswift  
Tumblr: http://taylorswift.tumblr.com  
Website: http://www.taylorswift.com  

►Follow Taylor Nation Online
TikTok: http://tiktok.com/@taylornation
Instagram: http://instagram.com/taylornation  
Twitter: http://twitter.com/taylornation13
Tumblr: http://taylornation.tumblr.com  

►Lyrics:
Written by Taylor Swift

Draw the cat eye sharp enough to kill a man
You did some bad things but I’m the worst of them
Sometimes I wonder which one will be your last lie
They say looks can kill and I might try
I don’t dress for women
I don’t dress for men

Lately I’ve been dressing for revenge
I don’t start shit but I can tell you how it ends 
Don’t get sad, get even
So on the weekends
I don’t dress for friends
Lately I’ve been dressing for revenge

She needed cold hard proof so I gave her some
She had the envelope, where you think she got it from? 
Now she gets the house, gets the kids, gets the pride
Picture me thick as thieves with your ex-wife
And she looks so pretty
Driving in your Benz
Lately she’s been dressing for revenge

She don’t start shit but she can tell you how it ends 
Don’t get sad, get even
So on the weekends
She don’t dress for friends
Lately she’s been dressing for revenge

Ladies always rise above
Ladies know what people want
Someone sweet and kind and fun
The lady simply had enough …
While he was doing lines
And crossing all of mine
Someone told his white collar crimes to the FBI
And I don’t dress for villains 
Or for innocents
I’m on my vigilante shit again

I don’t start shit but I can tell you how it ends 
Don’t get sad, get even
So on the weekends
I don’t dress for friends
Lately I’ve been dressing for revenge

#taylorswift #midnights #vigilanteshit 


Music video by Taylor Swift performing Vigilante Shit (Lyric Video). © 2022 Taylor Swift",2022-10-22 00:00:15+00:00,PT2M50S,19275032,255150,4246,https://i.ytimg.com/vi/Uoey4W_3bos/default.jpg,https://i.ytimg.com/vi/Uoey4W_3bos/mqdefault.jpg,https://i.ytimg.com/vi/Uoey4W_3bos/hqdefault.jpg,,,
xxrf_QBD5DE,Taylor Swift - Question...? (Official Lyric Video),"Listen to “Question…?” by Taylor Swift from the album ‘Midnights’.

Buy/Download/Stream ‘Midnights’: https://taylor.lnk.to/taylorswiftmidnights 

►Subscribe to Taylor Swift on YouTube: https://ts.lnk.to/subscribe 
 
►Shop Merch: http://taylorswift.lnk.to/store

►Follow Taylor Swift Online:
TikTok: http://tiktok.com/@taylornation
Instagram: http://instagram.com/taylorswift  
Twitter: http://twitter.com/taylorswift13  
Snapchat: http://snapchat.com/add/taylorswift
Facebook: http://facebook.com/taylorswift  
Tumblr: http://taylorswift.tumblr.com  
Website: http://www.taylorswift.com  

►Follow Taylor Nation Online
TikTok: http://tiktok.com/@taylornation
Instagram: http://instagram.com/taylornation  
Twitter: http://twitter.com/taylornation13
Tumblr: http://taylornation.tumblr.com  

►Lyrics:
Written by Taylor Swift and Jack Antonoff

I remember 

Good girl, sad boy
Big city, wrong choices
We had one thing going on
I swear that it was something
Cause I don’t remember who I was before you
Painted all my nights
a color I have searched for since
But one thing after another
Fuckin’ situations, circumstances 
Miscommunications and I 
Have to say
By the way
I just may like some explanations

Can I ask you a question?
Did you ever have someone kiss you in a crowded room
And every single one of your friends was 
making fun of you
But 15 seconds later they were clapping too?
Then what did you do?
Did you leave her house in the middle of the night?
Did you wish you’d put up more of a fight
When she said it was too much?
Do you wish you could still touch … her?
It’s just a question

Half-moon eyes, bad surprise
Did you realize out of time
She was on your mind
With some dickhead guy
That you saw that night
But you were on something
It was one drink after another
Fuckin’ politics and gender roles
And you’re not sure and I don’t know
Got swept away in the gray
I just may like to have a conversation

Can I ask you a question?
Did you ever have someone kiss you in a crowded room
And every single one of your friends was 
making fun of you
But 15 seconds later they were clapping too?
Then what did you do?
Did you leave her house in the middle of the night?
Did you wish you’d put up more of a fight
When she said it was too much?
Do you wish you could still touch … her?
It’s just a question

Does it feel like everything’s just like second best after that 
meteor strike?
And what’s that that I heard, that you’re still with her
that’s nice, I’m sure that’s what’s suitable
And right
But tonight …

Can I ask you a question? 
Did you ever have someone kiss you in a crowded room
And every single one of your friends was 
making fun of you
But 15 seconds later they were clapping too?
Then what did you do?
Did you leave her house in the middle of the night?
Did you wish you’d put up more of a fight
When she said it was too much?
Do you wish you could still touch … her?
It’s just a question

#taylorswift #midnights #question 


Music video by Taylor Swift performing Question...? (Lyric Video). © 2022 Taylor Swift",2022-10-22 00:00:35+00:00,PT3M35S,15661355,157850,2722,https://i.ytimg.com/vi/xxrf_QBD5DE/default.jpg,https://i.ytimg.com/vi/xxrf_QBD5DE/mqdefault.jpg,https://i.ytimg.com/vi/xxrf_QBD5DE/hqdefault.jpg,,,
Odh9ddPUkEY,Taylor Swift - Midnight Rain (Official Lyric Video),"Listen to “ Midnight Rain e” by Taylor Swift from the album ‘Midnights’.

Buy/Download/Stream ‘Midnights’: https://taylor.lnk.to/taylorswiftmidnights 

Get tickets to Taylor Swift | The Eras Tour concert film in theaters October 13: http://taylor.lnk.to/TSTheErasTourFilm

►Subscribe to Taylor Swift on YouTube: https://ts.lnk.to/subscribe 
 
►Shop Merch: http://taylorswift.lnk.to/store

►Follow Taylor Swift Online:
TikTok: http://tiktok.com/@taylornation
Instagram: http://instagram.com/taylorswift  
Twitter: http://twitter.com/taylorswift13  
Snapchat: http://snapchat.com/add/taylorswift
Facebook: http://facebook.com/taylorswift  
Tumblr: http://taylorswift.tumblr.com  
Website: http://www.taylorswift.com  

►Follow Taylor Nation Online
TikTok: http://tiktok.com/@taylornation
Instagram: http://instagram.com/taylornation  
Twitter: http://twitter.com/taylornation13
Tumblr: http://taylornation.tumblr.com  

►Lyrics:
Written by Taylor Swift and Jack Antonoff

He wanted it comfortable
I wanted that pain
He wanted a bride
I was making my own name
Chasing that fame
He stayed the same
All of me changed
Like midnight …

My town was a wasteland
Full of cages, full of fences
Pageant queens and big pretenders
But for some it was paradise
My boy was a montage
A slow motion, love potion
Jumping off things in the ocean
I broke his heart ‘cause he was nice

He was sunshine
I was midnight rain
He wanted it comfortable
I wanted that pain
He wanted a bride
I was making my own name
Chasing that fame
He stayed the same
All of me changed
Like midnight …

It came like a postcard
Picture perfect shiny family
Holiday peppermint candy
But for him it’s every day
So I peered through a window
A deep portal, time travel
All the love we unravel
And the life I gave away

Cause he was sunshine 
I was midnight rain
He wanted it comfortable
I wanted that pain
He wanted a bride
I was making my own name
Chasing that fame
He stayed the same
All of me changed
Like midnight


He wanted it comfortable
I wanted that pain
He wanted a bride
I was making my own name
Chasing that fame
He stayed the same
All of me changed
Like midnight

I guess sometimes we all get
just what we wanted, just what we wanted
And he never thinks of me
Except when I’m on TV
I guess sometimes we all get 
some kind of haunted, some kind of haunted
And I never think of him
Except on midnights like this …

#taylorswift #midnights #MidnightRain



Music video by Taylor Swift performing Midnight Rain (Lyric Video). © 2022 Taylor Swift",2022-10-22 00:00:13+00:00,PT3M,59706671,482324,6391,https://i.ytimg.com/vi/Odh9ddPUkEY/default.jpg,https://i.ytimg.com/vi/Odh9ddPUkEY/mqdefault.jpg,https://i.ytimg.com/vi/Odh9ddPUkEY/hqdefault.jpg,,,
7Gbg6Z70J7E,"Taylor Swift - You're On Your Own, Kid (Official Lyric Video)","Listen to “You’re On Your Own Kid” by Taylor Swift from the album ‘Midnights’. Buy/Download/Stream ‘Midnights’: https://taylor.lnk.to/taylorswiftmidnights 

Stream/download ‘The Life of a Showgirl’: https://taylor.lnk.to/TSTheLifeofaShowgirlYD

►Subscribe to Taylor Swift on YouTube: https://ts.lnk.to/subscribe
►Shop Merch: http://taylorswift.lnk.to/store

►Follow Taylor Swift Online: 
TikTok: http://tiktok.com/@taylorswift 
Instagram: http://instagram.com/taylorswift 
Twitter: http://twitter.com/taylorswift13 
Snapchat: http://snapchat.com/add/taylorswift 
Facebook: http://facebook.com/taylorswift 
Tumblr: http://taylorswift.tumblr.com 
Website: http://www.taylorswift.com 

►Follow Taylor Nation Online 
TikTok: http://tiktok.com/@taylornation
Instagram: http://instagram.com/taylornation 
Twitter: http://twitter.com/taylornation13
Tumblr: http://taylornation.tumblr.com

►Lyrics:
Written by Taylor Swift and Jack Antonoff

Summer went away
Still the yearning stays
I play it cool with the best of them
I wait patiently
He’s gonna notice me
It’s ok, we’re the best of friends
Anyway
I hear it in your voice
You’re smoking with your boys
I touch my phone as if it’s your face
I didn’t choose this town
I dream of getting out
There’s just one who could make me stay
All my days

From sprinkler splashes
To fireplace ashes
I waited ages to see you there
I search the party
Of better bodies
Just to learn that you never cared
You’re on your own, kid
You always have been

I see the great escape
So long, Daisy May
I picked the petals, he loves me not
Something different bloomed
Writing in my room
I play my songs in the parking lot
I’ll run away

From sprinkler splashes 
To fireplace ashes
I called a taxi to take me there
I search the party
Of better bodies
Just to learn that my dreams aren’t rare
You’re on your own, kid
You always have been

From sprinkler splashes 
To fireplace ashes
I gave my blood, sweat and tears for this
I hosted parties and starved my body
Like I’d be saved by a perfect kiss
The jokes weren’t funny
I took the money
My friends from home don’t know what to say
I looked around in a blood-soaked gown
And I saw something they can’t take away
Cause there were pages turned with the bridges burned
Everything you lose is a step you take
So make the friendship bracelets
Take the moment and taste it
You’ve got no reason to be afraid
You’re on your own, kid
Yeah, you can face this
You’re on your own, kid
You always have been

#taylorswift #midnights #You’re On Your Own Kid

Music video by Taylor Swift performing You're On Your Own, Kid (Lyric Video). © 2022 Taylor Swift",2022-10-22 00:00:11+00:00,PT3M19S,60888390,410740,5886,https://i.ytimg.com/vi/7Gbg6Z70J7E/default.jpg,https://i.ytimg.com/vi/7Gbg6Z70J7E/mqdefault.jpg,https://i.ytimg.com/vi/7Gbg6Z70J7E/hqdefault.jpg,,,
ycE7bUq3-2k,Taylor Swift - Snow On The Beach (Lyric Video) ft. Lana Del Rey,"Listen to “Snow On The Beach (featuring Lana del Rey)” by Taylor Swift from the album ‘Midnights’.

Buy/Download/Stream ‘Midnights’: https://taylor.lnk.to/taylorswiftmidnights 

►Subscribe to Taylor Swift on YouTube: https://ts.lnk.to/subscribe 
 
►Shop Merch: http://taylorswift.lnk.to/store

►Follow Taylor Swift Online:
TikTok: http://tiktok.com/@taylornation
Instagram: http://instagram.com/taylorswift  
Twitter: http://twitter.com/taylorswift13  
Snapchat: http://snapchat.com/add/taylorswift
Facebook: http://facebook.com/taylorswift  
Tumblr: http://taylorswift.tumblr.com  
Website: http://www.taylorswift.com  

►Follow Taylor Nation Online
TikTok: http://tiktok.com/@taylornation
Instagram: http://instagram.com/taylornation  
Twitter: http://twitter.com/taylornation13
Tumblr: http://taylornation.tumblr.com  

►Lyrics:
Written by Taylor Swift, Jack Antonoff and Lana Del Rey

One night a few moons ago I 
Saw flecks of what could’ve been lights
But it might just have been you
Passing by unbeknownst to me
Life is emotionally abusive
And time can’t stop me quite like you did
And my flight was awful, thanks for asking
I’m unglued - thanks to you

And it’s like snow at the beach
Weird but fuckin’ beautiful 
Flying in a dream
Stars by the pocketful
You wanting me
Tonight
Feels impossible
But it’s comin’ down, no sound, it’s all around
Like snow on the beach

This scene feels like what I once saw on a screen 
I searched ‘aurora borealis green’
I’ve never seen
someone lit from within
Blurring out my periphery
My smile is like I won a contest
And to hide that would be so dishonest
And it’s fine to fake it ’til you make it
Til you do
Til it’s true

Now it’s like snow at the beach
Weird but fuckin’ beautiful 
Flying in a dream
Stars by the pocketful
You wanting me
Tonight
Feels impossible
But it’s comin’ down, no sound, it’s all around
Like snow on the beach

I can’t speak, afraid to jinx it
I don’t even dare to wish it
But your eyes are flying saucers
From another planet
Now I’m all for you like Janet
Can this be a real thing, can it?

Are we falling like
snow at the beach
Weird but fuckin’ beautiful 
Flying in a dream
Stars by the pocketful
You wanting me
Tonight
Feels impossible
But it’s comin’ down, no sound, it’s all around
Like snow on the beach

#taylorswift #lanadelrey #midnights #snowonthebeach  

Music video by Taylor Swift performing Snow On The Beach (Lyric Video). © 2022 Taylor Swift",2022-10-22 00:00:39+00:00,PT4M20S,37123210,455561,8858,https://i.ytimg.com/vi/ycE7bUq3-2k/default.jpg,https://i.ytimg.com/vi/ycE7bUq3-2k/mqdefault.jpg,https://i.ytimg.com/vi/ycE7bUq3-2k/hqdefault.jpg,,,
XqN2qFvY64U,Taylor Swift - Anti-Hero (Official Lyric Video),"Listen to “Anti-Hero” by Taylor Swift from the album ‘Midnights’.

Buy/Download/Stream ‘Midnights’: https://taylor.lnk.to/taylorswiftmidnights 

Get tickets to Taylor Swift | The Eras Tour concert film in theaters October 13: http://taylor.lnk.to/TSTheErasTourFilm

►Subscribe to Taylor Swift on YouTube: https://ts.lnk.to/subscribe 
 
►Shop Merch: http://taylorswift.lnk.to/store

►Follow Taylor Swift Online:
TikTok: http://tiktok.com/@taylorswift 
Instagram: http://instagram.com/taylorswift  
Twitter: http://twitter.com/taylorswift13  
Snapchat: http://snapchat.com/add/taylorswift
Facebook: http://facebook.com/taylorswift  
Tumblr: http://taylorswift.tumblr.com  
Website: http://www.taylorswift.com  

►Follow Taylor Nation Online
TikTok: http://tiktok.com/@taylornation
Instagram: http://instagram.com/taylornation  
Twitter: http://twitter.com/taylornation13
Tumblr: http://taylornation.tumblr.com  

►Lyrics:
Written by Taylor Swift and Jack Antonoff

I have this thing where I get older but just never wiser
Midnights become my afternoons
When my depression works the graveyard shift
All of the people I’ve ghosted stand there in the room
I should not be left to my own devices, they come with prices and vices, I end up in crisis
Tale as old as time
I wake up screaming from dreaming one day I’ll watch as you’re leaving ‘cause you got tired of my scheming - for the last time

It’s me
Hi
I’m the problem, it’s me
At teatime
Everybody agrees
I’ll stare directly at the sun but never in the mirror
It must be exhausting always rooting for the anti-hero

Sometimes I feel like everybody is a sexy baby
And I’m a monster on the hill
Too big to hang out
Slowly lurching toward your favorite city
Pierced through the heart but never killed
Did you hear my covert narcissism I disguise as altruism like some kind of congressman 
Tale as old as time
I wake up screaming from dreaming 
one day I’ll watch as you’re leaving and life will lose all its meaning - for the last time 

It’s me
Hi
I’m the problem, it’s me
At teatime
Everybody agrees
I’ll stare directly at the sun but never in the mirror
It must be exhausting always rooting for the anti-hero

I have this dream my daughter-in-law kills me for the money
She thinks I left them in the will
The family gathers ‘round and reads it
And then someone screams out
“She’s laughing up at us from hell!”

It’s me
Hi
I’m the problem, it’s me

It’s me
Hi
I’m the problem, it’s me

It’s me
Hi

Everybody agrees
Everybody agrees

It’s me
Hi
I’m the problem, it’s me
At teatime
Everybody agrees
I’ll stare directly at the sun but never in the mirror
It must be exhausting always rooting for the anti-hero

#taylorswift #midnights #antihero 

Music video by Taylor Swift performing Anti-Hero (Lyric Video). © 2022 Taylor Swift",2022-10-22 00:00:14+00:00,PT3M24S,43950914,272256,3722,https://i.ytimg.com/vi/XqN2qFvY64U/default.jpg,https://i.ytimg.com/vi/XqN2qFvY64U/mqdefault.jpg,https://i.ytimg.com/vi/XqN2qFvY64U/hqdefault.jpg,,,
lvHZjvIyqsk,Taylor Swift - Maroon (Official Lyric Video),"Listen to “Maroon” by Taylor Swift from the album ‘Midnights’.

Buy/Download/Stream ‘Midnights’: https://taylor.lnk.to/taylorswiftmidnights 

Get tickets to Taylor Swift | The Eras Tour concert film in theaters October 13: http://taylor.lnk.to/TSTheErasTourFilm

►Subscribe to Taylor Swift on YouTube: https://ts.lnk.to/subscribe 
 
►Shop Merch: http://taylorswift.lnk.to/store

►Follow Taylor Swift Online:
TikTok: http://tiktok.com/@taylorswift
Instagram: http://instagram.com/taylorswift  
Twitter: http://twitter.com/taylorswift13  
Snapchat: http://snapchat.com/add/taylorswift
Facebook: http://facebook.com/taylorswift  
Tumblr: http://taylorswift.tumblr.com  
Website: http://www.taylorswift.com  

►Follow Taylor Nation Online
TikTok: http://tiktok.com/@taylornation
Instagram: http://instagram.com/taylornation  
Twitter: http://twitter.com/taylornation13
Tumblr: http://taylornation.tumblr.com  

►Lyrics:
Written by Taylor Swift and Jack Antonoff

When the morning came we
Were cleaning incense off your
vinyl shelf ‘cause we lost track of time again
Laughing with my feet in your lap
Like you were my closest friend
“How’d we end up on the floor anyway?”
You say
“Your roommate’s cheap-ass screw top rosé, 
That’s how.”
I see you every day now

And I chose you
The one I was dancing with in New York
No shoes
Looked up at the sky and it was
The burgundy on my t-shirt when you splashed your wine into 
me and how the blood rushed into my cheeks, so scarlet it 
was
The mark they saw on my collarbone the rust that grew
between telephones the lips I used to call home
So scarlet, it was maroon

When the silence came we
Were shaking blind and hazy
How the hell did we lose sight of us again?
Sobbing with your head in your hands
Ain’t that the way shit always ends 
You were standing hollow-eyed in the hallway
Carnations you had thought were roses
That’s us
I feel you no matter what
The rubies that I gave up

And I lost you
The one I was dancing with in New York
No shoes
Looked up at the sky and it was (maroon)
The burgundy on my t-shirt when you splashed your wine into 
me and how the blood rushed into my cheeks, so scarlet it 
was (maroon)
The mark they saw on my collarbone the rust that grew 
between telephones the lips I used to call home
So scarlet, it was maroon

And I wake with your memory over me
That’s a real fuckin’ legacy, legacy 
And I wake with your memory over me
That’s a real fuckin’ legacy … to leave 

The burgundy on my t-shirt when you splashed your wine into 
me and how the blood rushed into my cheeks, so scarlet it 
was (maroon)
The mark they saw on my collarbone the rust that grew 
between telephones the lips I used to call home
So scarlet it was maroon

It was maroon (x2)
 
#taylorswift #midnights #maroon

Music video by Taylor Swift performing Maroon (Lyric Video). © 2022 Taylor Swift",2022-10-22 00:00:34+00:00,PT3M43S,38405423,282913,5128,https://i.ytimg.com/vi/lvHZjvIyqsk/default.jpg,https://i.ytimg.com/vi/lvHZjvIyqsk/mqdefault.jpg,https://i.ytimg.com/vi/lvHZjvIyqsk/hqdefault.jpg,,,
mkR_Qwix4Ho,Taylor Swift - Lavender Haze (Official Lyric Video),"Listen to “Lavender Haze” by Taylor Swift from the album ‘Midnights’. Buy/Download/Stream ‘Midnights’: https://taylor.lnk.to/taylorswiftmidnights 

❤️‍🔥Stream/download ‘The Life of a Showgirl’: https://taylor.lnk.to/TSTheLifeofaShowgirlYD

►Subscribe to Taylor Swift on YouTube: https://ts.lnk.to/subscribe
►Shop Merch: http://taylorswift.lnk.to/store

►Follow Taylor Swift Online: 
TikTok: http://tiktok.com/@taylorswift 
Instagram: http://instagram.com/taylorswift 
Twitter: http://twitter.com/taylorswift13 
Snapchat: http://snapchat.com/add/taylorswift 
Facebook: http://facebook.com/taylorswift 
Tumblr: http://taylorswift.tumblr.com 
Website: http://www.taylorswift.com 

►Follow Taylor Nation Online:
TikTok: http://tiktok.com/@taylornation
Instagram: http://instagram.com/taylornation 
Twitter: http://twitter.com/taylornation13
Tumblr: http://taylornation.tumblr.com

►Lyrics:
Written by Taylor Swift, Jack Antonoff, Zoë Kravitz, Mark Anthony Spears, Jahaan Akil Sweet & Sam Dew

Meet me at midnight …

Staring at the ceiling with you 
Oh, you don’t ever say too much 
And you don’t really read into
My melancholia 
I been under scrutiny 
You handle it beautifully 
All this shit is new to me 

I feel the lavender haze creeping up on me 
Surreal 
I’m damned if I do give a damn what people say 
No deal 
The 1950s shit they want from me 
I just wanna stay in that lavender haze 

All they keep asking me
Is if I’m gonna be your bride 
The only kinda girl they see 
Is a one night or a wife 
I find it dizzying 
They’re bringing up my history 
But you weren’t even listening 

Chorus
That lavender haze 

Talk your talk and go viral 
I just need this love spiral 
Get it off your chest 
Get it off my desk 
Talk your talk and go viral 
I just need this love spiral
Get it off your chest 
Get it off my desk 

Chorus 

Get it off your chest 
Get it off my desk
I just wanna stay in that lavender haze

#taylorswift #midnights #lavenderhaze 

Music video by Taylor Swift performing Lavender Haze (Lyric Video). © 2022 Taylor Swift",2022-10-22 00:00:34+00:00,PT3M27S,26000140,307852,4915,https://i.ytimg.com/vi/mkR_Qwix4Ho/default.jpg,https://i.ytimg.com/vi/mkR_Qwix4Ho/mqdefault.jpg,https://i.ytimg.com/vi/mkR_Qwix4Ho/hqdefault.jpg,,,
ZwK7hrDC5UM,Karma (feat. Ice Spice) (Behind the Scenes),"Behind the scenes of Karma (feat. Ice Spice) official music video, from the album 'Midnights'

Watch the ""Karma (feat. Ice Spice)"" official music video: https://taylor.lnk.to/karmavideo
Stream/download 'Midnights': https://taylor.lnk.to/tsmidnights 

►Subscribe to Taylor Swift on YouTube: https://ts.lnk.to/subscribe 
 
►Exclusive Merch: http://taylorswift.lnk.to/store

►Follow Taylor Swift online:
Instagram:  https://instagram.com/taylorswift    
TikTok: http:/tiktok.com/@taylorswift 
Facebook:  https://facebook.com/taylorswift    
Tumblr:  https://tumblr.com/taylorswift    
X:  https://x.com/taylorswift13    
Snapchat:  https://snapchat.com/taylorswift  
Website: http://www.taylorswift.com  

►Follow Taylor Nation:
Instagram:  https://instagram.com/taylornation    
TikTok: http:/tiktok.com/@taylornation
Tumblr: https://tumblr.com/taylornation    
X:  https://x.com/taylornation13  

#TaylorSwift #BTS #Karma #IceSpice",2024-12-13 15:02:32+00:00,PT3M14S,859866,79122,3179,https://i.ytimg.com/vi/ZwK7hrDC5UM/default.jpg,https://i.ytimg.com/vi/ZwK7hrDC5UM/mqdefault.jpg,https://i.ytimg.com/vi/ZwK7hrDC5UM/hqdefault.jpg,,,
K-8dOw7yuPo,Bejeweled (Behind the Scenes with Laura Dern),"Behind the scenes of ""Bejeweled"" official music video with Laura Dern, from the album 'Midnights'

Watch the ""Bejeweled"" official music video: https://taylor.lnk.to/bejeweledmusicvideo
Stream/download 'Midnights': https://taylor.lnk.to/tsmidnights

►Subscribe to Taylor Swift on YouTube: https://ts.lnk.to/subscribe 
 
►Exclusive Merch: http://taylorswift.lnk.to/store

►Follow Taylor Swift online:
Instagram:  https://instagram.com/taylorswift    
TikTok: http:/tiktok.com/@taylorswift 
Facebook:  https://facebook.com/taylorswift    
Tumblr:  https://tumblr.com/taylorswift    
X:  https://x.com/taylorswift13    
Snapchat:  https://snapchat.com/taylorswift  
Website: http://www.taylorswift.com  

►Follow Taylor Nation:
Instagram:  https://instagram.com/taylornation    
TikTok: http:/tiktok.com/@taylornation
Tumblr: https://tumblr.com/taylornation    
X:  https://x.com/taylornation13  

#TaylorSwift #BTS #Bejeweled #LauraDern",2024-12-13 15:03:35+00:00,PT4M7S,710734,56695,1329,https://i.ytimg.com/vi/K-8dOw7yuPo/default.jpg,https://i.ytimg.com/vi/K-8dOw7yuPo/mqdefault.jpg,https://i.ytimg.com/vi/K-8dOw7yuPo/hqdefault.jpg,,,
UAtpbCEsJlA,"Bejeweled (Behind the Scenes with Jack Antonoff, HAIM & Pat McGrath)","Behind the scenes of ""Bejeweled"" official music video with Jack Antonoff, HAIM & Pat McGrath, from the album 'Midnights'

Watch the ""Bejeweled"" official music video: https://taylor.lnk.to/bejeweledmusicvideo
Stream/download 'Midnights': https://taylor.lnk.to/tsmidnights

►Subscribe to Taylor Swift on YouTube: https://ts.lnk.to/subscribe 
 
►Exclusive Merch: http://taylorswift.lnk.to/store

►Follow Taylor Swift online:
Instagram:  https://instagram.com/taylorswift    
TikTok: http:/tiktok.com/@taylorswift 
Facebook:  https://facebook.com/taylorswift    
Tumblr:  https://tumblr.com/taylorswift    
X:  https://x.com/taylorswift13    
Snapchat:  https://snapchat.com/taylorswift  
Website: http://www.taylorswift.com  

►Follow Taylor Nation:
Instagram:  https://instagram.com/taylornation    
TikTok: http:/tiktok.com/@taylornation
Tumblr: https://tumblr.com/taylornation    
X:  https://x.com/taylornation13  

#TaylorSwift #BTS #Bejeweled #LauraDern",2024-12-13 15:03:50+00:00,PT2M31S,734632,50912,1288,https://i.ytimg.com/vi/UAtpbCEsJlA/default.jpg,https://i.ytimg.com/vi/UAtpbCEsJlA/mqdefault.jpg,https://i.ytimg.com/vi/UAtpbCEsJlA/hqdefault.jpg,,,
0GeyBM6NS5s,Bejeweled (Behind the Scenes with Dita Von Teese),"Behind the scenes of ""Bejeweled"" official music video with Dita Von Teese, from the album 'Midnights'

Watch the ""Bejeweled"" official music video: https://taylor.lnk.to/bejeweledmusicvideo
Stream/download 'Midnights': https://taylor.lnk.to/tsmidnights

►Subscribe to Taylor Swift on YouTube: https://ts.lnk.to/subscribe 
 
►Exclusive Merch: http://taylorswift.lnk.to/store

►Follow Taylor Swift online:
Instagram:  https://instagram.com/taylorswift    
TikTok: http:/tiktok.com/@taylorswift 
Facebook:  https://facebook.com/taylorswift    
Tumblr:  https://tumblr.com/taylorswift    
X:  https://x.com/taylorswift13    
Snapchat:  https://snapchat.com/taylorswift  
Website: http://www.taylorswift.com  

►Follow Taylor Nation:
Instagram:  https://instagram.com/taylornation    
TikTok: http:/tiktok.com/@taylornation
Tumblr: https://tumblr.com/taylornation    
X:  https://x.com/taylornation13  

#TaylorSwift #BTS #Bejeweled #LauraDern",2024-12-13 15:04:04+00:00,PT3M12S,2037810,81905,1998,https://i.ytimg.com/vi/0GeyBM6NS5s/default.jpg,https://i.ytimg.com/vi/0GeyBM6NS5s/mqdefault.jpg,https://i.ytimg.com/vi/0GeyBM6NS5s/hqdefault.jpg,,,
-ddfFsLHNQs,"Anti-Hero (Behind the Scenes with Mike Birbiglia, John Early & Mary Elizabeth Ellis)","Behind the scenes of ""Anti-Hero"" official music video with Mike Birbiglia, John Early & Mary Elizabeth Elli, from the album 'Midnights'.

Watch the ""Anti-Hero"" official music video: https://taylor.lnk.to/antiheromusicvideo
Stream/download 'Midnights': https://taylor.lnk.to/tsmidnights

►Subscribe to Taylor Swift on YouTube: https://ts.lnk.to/subscribe 
 
►Exclusive Merch: http://taylorswift.lnk.to/store

►Follow Taylor Swift online:
Instagram:  https://instagram.com/taylorswift    
TikTok: http:/tiktok.com/@taylorswift 
Facebook:  https://facebook.com/taylorswift    
Tumblr:  https://tumblr.com/taylorswift    
X:  https://x.com/taylorswift13    
Snapchat:  https://snapchat.com/taylorswift  
Website: http://www.taylorswift.com  

►Follow Taylor Nation:
Instagram:  https://instagram.com/taylornation    
TikTok: http:/tiktok.com/@taylornation
Tumblr: https://tumblr.com/taylornation    
X:  https://x.com/taylornation13  

#TaylorSwift #BTS #AntiHero #TaylorSwiftMidnights",2024-12-13 15:04:17+00:00,PT3M21S,676121,52659,1821,https://i.ytimg.com/vi/-ddfFsLHNQs/default.jpg,https://i.ytimg.com/vi/-ddfFsLHNQs/mqdefault.jpg,https://i.ytimg.com/vi/-ddfFsLHNQs/hqdefault.jpg,,,
P0haCYjysUs,Anti-Hero (Behind The Scenes with The Ghosts In The Room),"Behind the scenes of ""Anti-Hero"" official music video with The Ghosts In The Room, from the album 'Midnights'

Watch the ""Anti-Hero"" official music video: https://taylor.lnk.to/antiheromusicvideo
Stream/download 'Midnights': https://taylor.lnk.to/tsmidnights

►Subscribe to Taylor Swift on YouTube: https://ts.lnk.to/subscribe 
 
►Exclusive Merch: http://taylorswift.lnk.to/store

►Follow Taylor Swift online:
Instagram:  https://instagram.com/taylorswift    
TikTok: http:/tiktok.com/@taylorswift 
Facebook:  https://facebook.com/taylorswift    
Tumblr:  https://tumblr.com/taylorswift    
X:  https://x.com/taylorswift13    
Snapchat:  https://snapchat.com/taylorswift  
Website: http://www.taylorswift.com  

►Follow Taylor Nation:
Instagram:  https://instagram.com/taylornation    
TikTok: http:/tiktok.com/@taylornation
Tumblr: https://tumblr.com/taylornation    
X:  https://x.com/taylornation13  

#TaylorSwift #BTS #AntiHero #TaylorSwiftMidnights",2024-12-13 17:24:03+00:00,PT3M23S,1434643,84107,6122,https://i.ytimg.com/vi/P0haCYjysUs/default.jpg,https://i.ytimg.com/vi/P0haCYjysUs/mqdefault.jpg,https://i.ytimg.com/vi/P0haCYjysUs/hqdefault.jpg,,,
5UMCrq-bBCg,Taylor Swift ft. Chris Stapleton - I Bet You Think About Me (Taylor's Version) (Official Video),"Music video by Taylor Swift performing I Bet You Think About Me (Taylor's Version) (From The Vault).

Stream/download ‘The Life of a Showgirl’: https://taylor.lnk.to/TSTheLifeofaShowgirlYD

►Subscribe to Taylor Swift on YouTube: https://ts.lnk.to/subscribe
►Shop Merch: http://taylorswift.lnk.to/store

►Follow Taylor Swift Online: 
TikTok: http://tiktok.com/@taylorswift 
Instagram: http://instagram.com/taylorswift 
Twitter: http://twitter.com/taylorswift13 
Snapchat: http://snapchat.com/add/taylorswift 
Facebook: http://facebook.com/taylorswift 
Tumblr: http://taylorswift.tumblr.com 
Website: http://www.taylorswift.com 

►Follow Taylor Nation Online 
TikTok: http://tiktok.com/@taylornation
Instagram: http://instagram.com/taylornation 
Twitter: http://twitter.com/taylornation13
Tumblr: http://taylornation.tumblr.com

#taylorswift #chrissstapleton #ibetyouthinkaboutme

© 2021 Taylor Swift",2021-11-15 15:00:10+00:00,PT6M16S,71016555,1721817,48620,https://i.ytimg.com/vi/5UMCrq-bBCg/default.jpg,https://i.ytimg.com/vi/5UMCrq-bBCg/mqdefault.jpg,https://i.ytimg.com/vi/5UMCrq-bBCg/hqdefault.jpg,2021-11-15 15:00:10+00:00,2021-11-15 15:08:20+00:00,2021-11-15 15:00:00+00:00
tollGa3S0o8,Taylor Swift - All Too Well: The Short Film,"Written & Directed by: Taylor Swift
Starring: Sadie Sink, Dylan O’Brien & Taylor Swift

Red (Taylor’s Version) available everywhere now: https://taylor.lnk.to/redtaylorsversion


►Subscribe to Taylor Swift on YouTube: https://ts.lnk.to/subscribe 
 
►Exclusive Merch: http://taylorswift.lnk.to/store

►Follow Taylor Swift online:
Instagram: http://instagram.com/taylorswift  
Facebook: http://facebook.com/taylorswift  
Tumblr: http://taylorswift.tumblr.com  
Twitter: http://twitter.com/taylorswift13  
Snapchat: http://snapchat.com/add/taylorswift
Website: http://www.taylorswift.com  

►Follow Taylor Nation Online
Instagram: http://instagram.com/taylornation  
Tumblr: http://taylornation.tumblr.com  
Twitter: http://twitter.com/taylornation13 

#taylorswift #alltoowell #shortfilm",2021-11-13 00:00:10+00:00,PT14M56S,110454813,4881894,136056,https://i.ytimg.com/vi/tollGa3S0o8/default.jpg,https://i.ytimg.com/vi/tollGa3S0o8/mqdefault.jpg,https://i.ytimg.com/vi/tollGa3S0o8/hqdefault.jpg,2021-11-13 00:00:10+00:00,2021-11-13 00:17:00+00:00,2021-11-13 00:00:00+00:00
gRo0ZtgB2io,All Too Well (Sad Girl Autumn Version) - Recorded at Long Pond Studios (Lyric Video),"Listen 'Red' (Taylor's Version) album here: https://taylor.lnk.to/redtaylorsversion 

►Subscribe to Taylor Swift on YouTube: https://ts.lnk.to/subscribe  
 
►Exclusive Merch: taylorswift.lnk.to/store

►Follow Taylor Swift online:
Instagram: http://instagram.com/taylorswift  
Facebook: http://facebook.com/taylorswift  
Tumblr: http://taylorswift.tumblr.com  
Twitter: http://twitter.com/taylorswift13  
Snapchat: http://snapchat.com/add/taylorswift
Website: http://www.taylorswift.com  

Lyrics:

I walked through the door with you 
The air was cold 
But somethin bout it felt like home somehow 
And I left my scarf there at your sister’s house 
And you’ve still got it in your drawer even now 
Oh your sweet disposition, and my wide eyed gaze 
We’re singing in the car getting lost upstate
Autumn leaves falling down like pieces into place 
And I can picture it after all these days 
And I know it’s long gone and that magic’s not here no more 
And I might be ok but I’m not fine at all…

Cause there we are again on that 
Little town street 
You almost ran the red 
Cause you were looking over at me 
Wind in my hair, I was there 
I remember it all too well

Photo album on the counter 
Your cheeks were turning red
You used to be a little kid with glasses
in a twin-sized bed 
And your mother’s telling stories bout you on 
the tee ball team 
You taught me bout your past 
Thinkin your future was me
And you were tossing me the car keys 
‘F*** the patriarchy’ keychain on the ground
We were always skipping town
And I was thinking on the drive down
Any time now, he’s gonna say it’s love
You never called it what it was
til we were dead and gone and buried 
Check the pulse and come back 
Swearing it’s the same, after 3 months in the grave
And then you wondered where it went to
As I reached for you but
All I felt was shame
And you held my lifeless frame 
And I know it’s long gone and 
There was nothing else I could do 
And I forget about you long enough
To forget why I needed to… 

Cause there we are again in the middle of the night
We’re dancin round the kitchen in the 
refrigerator light
Down the stairs, I was there
I remember it all too well…
And there we are again 
When nobody had to know
You kept me like a secret
But I kept you like an oath
Sacred prayer and we’d swear 
to remember it all too well 

Well maybe we got lost in translation 
Maybe I asked for too much
But maybe this thing was a masterpiece
Til you tore it all up
Running scared, I was there
I remember it all too well
And you call me up again 
Just to break me like a promise 
So casually cruel in the name of being honest 
I’m a crumpled up piece of paper lying here
Cause I remember it all, all, all 
They say all’s well that ends well
But I’m in a new hell every time
You double-cross my mind
You said if we had been closer in age
Maybe it would have been fine
And that made me want to die.

The idea you had of me
Who was she?
A never-needy, ever lovely jewel
Whose shine reflects on you
Not weeping in a party bathroom
Some actress asking me what happened
You.
That’s what happened: You.
You, who charmed my dad with self-effacing jokes
Sipping coffee like you were on a late night show
But then he watched me watch the front door 
all night, willing you to come
And he said, “it’s supposed to be fun… 
Turning 21” 

Time won’t fly
It’s like I’m paralyzed by it 
I’d like to be my old self again
But I’m still trying to find it 
After plaid shirt days 
And nights when you made me your own
Now you mail back my things 
And I walk home alone
But you keep my old scarf
From that very first week
Cause it reminds you of innocence, and it smells like me 
You can’t get rid of it
Cause you remember it all too well

Cause there we are again when
I loved you so 
Back before you lost the one real thing
You’ve ever known
It was rare, I was there
I remember it all too well
Wind in my hair, you were there 
You remember it all 
Down the stairs, you were there 
You remember it all
It was rare, I was there
I remember it all too well

And I was never good at telling jokes 
But the punchline goes:
“I’ll get older, but your lovers stay my age”
From when your Brooklyn broke my skin and bones
I’m a soldier who’s returning half her weight
And did the twin flame bruise paint you blue?
Just between us, did the love affair maim you too?
Cause in this city’s barren cold
I still remember the first fall of snow
And how it glistened as it fell
I remember it all too well

Just between us did the love affair maim you 
All too well
Just between us, do you remember it 
All too well
Just between us, I remember it all too well

Wind in my hair 
I was there, I was there
Down the stairs, I was there
I was there
Sacred prayer
I was there, I was there
It was rare, you remember it
All too well  

#taylorswift #alltoowell #sadgirlautumn",2021-11-18 20:43:53+00:00,PT10M1S,5667924,207889,5631,https://i.ytimg.com/vi/gRo0ZtgB2io/default.jpg,https://i.ytimg.com/vi/gRo0ZtgB2io/mqdefault.jpg,https://i.ytimg.com/vi/gRo0ZtgB2io/hqdefault.jpg,,,
-mrC5tRkxrY,Taylor Swift - State Of Grace (Taylor's Version) (Lyric Video),"Official lyric video by Taylor Swift performing “State of Grace (Taylor’s Version)” – off her Red (Taylor’s Version) album. Listen to the album here: https://taylor.lnk.to/redtaylorsversion

Stream/download ‘The Life of a Showgirl’: https://taylor.lnk.to/TSTheLifeofaShowgirlYD

►Subscribe to Taylor Swift on YouTube: https://ts.lnk.to/subscribe 
 
►Exclusive Merch: http://taylorswift.lnk.to/store

►Follow Taylor Swift online:
Instagram: http://instagram.com/taylorswift  
Facebook: http://facebook.com/taylorswift  
Tumblr: http://taylorswift.tumblr.com  
Twitter: http://twitter.com/taylorswift13  
Snapchat: http://snapchat.com/add/taylorswift
Website: http://www.taylorswift.com  

►Follow Taylor Nation Online
Instagram: http://instagram.com/taylornation  
Tumblr: http://taylornation.tumblr.com  
Twitter: http://twitter.com/taylornation13 

I’m walking fast through the traffic lights
Busy streets and busy lives
And all we know is touch and go
We are alone with our changing minds
We fall in love till it hurts or bleeds or fades in time 
 
And I never saw you coming
And I’ll never be the same
 
You come around and the armor falls
Pierce the room like a cannonball
Now all we know...is don't let go
We are alone just you and me
Up in your room, and our slates are clean 
Just twin fire signs, four blue eyes
So you were never a saint
And I loved in shades of wrong
We learn to live with the pain
Mosaic broken hearts
But this love is brave and wild
 
And I never saw you coming
And I’ll never be the same
 
This is a state of grace
This is the worthwhile fight
Love is a ruthless game
Unless you play it good and right
These are the hands of fate
You're my Achilles heel
This is the golden age of something good and right and real
 
And I never saw you coming
And I’ll never be the same
And I never saw you coming
And I’ll never be the same
(So you were never a saint, and I loved in shades of wrong
We learn to live with the pain, mosaic broken hearts
But this love is brave and wild)
This is a state of grace
This is the worthwhile fight
Love is a ruthless game
Unless you play it good and right

#taylorswift #stateofgracetaylorsversion #redtaylorsversion

Music video by Taylor Swift performing State Of Grace (Taylor's Version) (Lyric Video). © 2021 Taylor Swift",2021-11-12 05:00:01+00:00,PT5M,10368304,214687,7584,https://i.ytimg.com/vi/-mrC5tRkxrY/default.jpg,https://i.ytimg.com/vi/-mrC5tRkxrY/mqdefault.jpg,https://i.ytimg.com/vi/-mrC5tRkxrY/hqdefault.jpg,,,
R_rUYuFtNO4,Taylor Swift - Red (Taylor's Version) (Lyric Video),"Official lyric video by Taylor Swift performing “Red (Taylor’s Version)” – off her Red (Taylor’s Version) album. Listen to the album here: https://taylor.lnk.to/redtaylorsversion
 
🕰️ Pre-order the new album Midnights by Taylor Swift available everywhere October 21: https://taylor.lnk.to/taylorswiftmidnightsYT

►Subscribe to Taylor Swift on YouTube: https://ts.lnk.to/subscribe 
 
►Exclusive Merch: http://taylorswift.lnk.to/store

►Follow Taylor Swift online:
Instagram: http://instagram.com/taylorswift  
Facebook: http://facebook.com/taylorswift  
Tumblr: http://taylorswift.tumblr.com  
Twitter: http://twitter.com/taylorswift13  
Snapchat: http://snapchat.com/add/taylorswift
Website: http://www.taylorswift.com  

►Follow Taylor Nation Online
Instagram: http://instagram.com/taylornation  
Tumblr: http://taylornation.tumblr.com  
Twitter: http://twitter.com/taylornation13 

Lyrics:
Loving him is like driving a new Maserati down a dead end street
Faster than the wind, passionate as sin, ending so suddenly
Loving him is like trying to change your mind once you're already flying through the free fall
Like the colors in autumn so bright just before they lose it all

Losing him was blue, like I’d never known
Missing him was dark gray, all alone
Forgetting him was like trying to know somebody you never met 
But loving him was red
Loving him was red

Touching him was like realizing all you ever wanted was right there in front of you
Memorizing him was as easy as knowing all the words to your old favorite song
Fighting with him was like trying to solve a crossword and realizing there's no right answer
Regretting him was like wishing you never found out that love could be that strong

Losing him was blue, like I’d never known
Missing him was dark gray, all alone
Forgetting him was like trying to know somebody you never met
But loving him was red, oh red, burning red

Remembering him comes in flashbacks and echoes
Tell myself it's time now, gotta let go
But moving on from him is impossible when I still see it all in my head…in burning red
Burning it was red

Oh, losing him was blue, like I’d never known
Missing him was dark gray, all alone
Forgetting him was like trying to know somebody you never met
Cause loving him was red, yeah, yeah, red, oh burning red

And that’s why he’s spinning around in my head
Comes back to me, burning red, yeah, yeah
His love was like driving a new Maserati down a dead end street

#taylorswift #redtaylorsversion #taylorsversion


Music video by Taylor Swift performing Red (Taylor's Version) (Lyric Video). © 2021 Taylor Swift",2021-11-12 05:00:23+00:00,PT3M41S,64302549,650482,14257,https://i.ytimg.com/vi/R_rUYuFtNO4/default.jpg,https://i.ytimg.com/vi/R_rUYuFtNO4/mqdefault.jpg,https://i.ytimg.com/vi/R_rUYuFtNO4/hqdefault.jpg,,,
u1D1AgDfreg,Taylor Swift - Treacherous (Taylor's Version) (Lyric Video),"Official lyric video by Taylor Swift performing “Treacherous” – off her Red (Taylor’s Version) album. Listen to the album here: https://taylor.lnk.to/redtaylorsversion


►Subscribe to Taylor Swift on YouTube: https://ts.lnk.to/subscribe 
 
►Exclusive Merch: http://taylorswift.lnk.to/store

►Follow Taylor Swift online:
Instagram: http://instagram.com/taylorswift  
Facebook: http://facebook.com/taylorswift  
Tumblr: http://taylorswift.tumblr.com  
Twitter: http://twitter.com/taylorswift13  
Snapchat: http://snapchat.com/add/taylorswift
Website: http://www.taylorswift.com  

►Follow Taylor Nation Online
Instagram: http://instagram.com/taylornation  
Tumblr: http://taylornation.tumblr.com  
Twitter: http://twitter.com/taylornation13 

Lyrics:
Put your lips close to mine
As long as they don't touch
Out of focus, eye to eye
Till the gravity's too much
And I’ll do anything you say
If you say it with your hands
And I’d be smart to walk away
but you're quicksand

CHORUS
This slope is treacherous
This path is reckless
This slope is treacherous
And I, I, I like it

I can't decide if it's a choice
Getting swept away
I hear the sound of my own voice
Asking you to stay
All we are is skin and bone
Trained to get along
Forever going with the flow
But you're friction

REPEAT CHORUS

Two headlights shine through the sleepless night and I will…
Get you a, get you alone
Your name has echoed through my mind and I just…
Think you should, think you should know
That nothing safe is worth the drive and I would...
Follow you, follow you home
I’ll follow you, follow you home

This hope is treacherous
This daydream is dangerous
This hope is treacherous
I, I, I...I, I, I…I, I, I…

Two headlights shine through the sleepless night and I will...
Get you a, get you alone
Your name has echoed through my mind and I just...
Think you should, think you should know
That nothing safe is worth the drive and I will...
Follow you, follow you home
I’ll follow you, follow you home
I’ll follow you, follow you home
I’ll follow you, follow you home

This slope is treacherous
I, I, I like it

#taylorswift #treacheroustaylorsversioin #redtaylorsversion #taylorsversion

Music video by Taylor Swift performing Treacherous (Taylor's Version) (Lyric Video). © 2021 Taylor Swift",2021-11-12 05:00:22+00:00,PT4M1S,6521057,136252,2828,https://i.ytimg.com/vi/u1D1AgDfreg/default.jpg,https://i.ytimg.com/vi/u1D1AgDfreg/mqdefault.jpg,https://i.ytimg.com/vi/u1D1AgDfreg/hqdefault.jpg,,,
TqAollrUJdA,Taylor Swift - I Knew You Were Trouble (Taylor's Version) (Lyric Video),"Official lyric video by Taylor Swift performing “I Knew You Were Trouble (Taylor’s Version)” – off her Red (Taylor’s Version) album. Listen to the album here: https://taylor.lnk.to/redtaylorsversion


►Subscribe to Taylor Swift on YouTube: https://ts.lnk.to/subscribe 
 
►Exclusive Merch: http://taylorswift.lnk.to/store

►Follow Taylor Swift online:
Instagram: http://instagram.com/taylorswift  
Facebook: http://facebook.com/taylorswift  
Tumblr: http://taylorswift.tumblr.com  
Twitter: http://twitter.com/taylorswift13  
Snapchat: http://snapchat.com/add/taylorswift
Website: http://www.taylorswift.com  

►Follow Taylor Nation Online
Instagram: http://instagram.com/taylornation  
Tumblr: http://taylornation.tumblr.com  
Twitter: http://twitter.com/taylornation13 

Lyrics:

Once upon a time, a few mistakes ago
I was in your sights, you got me alone
You found me, you found me, you found me…
I guess you didn't care and I guess I liked that
And when I fell hard, you took a step back
Without me, without me, without me…
And he's long gone when he's next to me
And I realize the blame is on me, cause

CHORUS
I knew you were trouble when you walked in
So shame on me now
Flew me to places I’d never been till you put me down
Oh I knew you were trouble when you walked in
So shame on me now
Flew me to places I’d never been
Now I’m lying on the cold hard ground
Oh, oh trouble, trouble, trouble
Oh, oh trouble, trouble, trouble

No apologies, he'll never see you cry
Pretends he doesn't know that he's the reason why
You're drowning, you’re drowning, you’re drowning…
And I heard you moved on from whispers on the street
A new notch in your belt is all I’ll ever be
And now I see, now I see, now I see…
He was long gone when he met me
And I realize the joke is on me
Hey!

REPEAT CHORUS

And the saddest fear 
Comes creeping in 
That you never loved me 
Or her...or anyone...or anything
Yeah

REPEAT CHORUS 

I knew you were trouble when you walked in
Trouble, trouble, trouble
I knew you were trouble when you walked in
Trouble, trouble, trouble

#taylorswift #iknewyouweretroubletaylorsversion #redtaylorsversion #taylorsversion


Music video by Taylor Swift performing I Knew You Were Trouble (Taylor's Version) (Lyric Video). © 2021 Taylor Swift",2021-11-12 05:00:20+00:00,PT3M41S,25787094,348801,6250,https://i.ytimg.com/vi/TqAollrUJdA/default.jpg,https://i.ytimg.com/vi/TqAollrUJdA/mqdefault.jpg,https://i.ytimg.com/vi/TqAollrUJdA/hqdefault.jpg,,,
9OQBDdNHmXo,Taylor Swift - All Too Well (Taylor's Version) (Lyric Video),"Music video by Taylor Swift performing All Too Well (Taylor's Version) (Lyric Video).

❤️‍🔥Stream/download ‘The Life of a Showgirl’: https://taylor.lnk.to/TSTheLifeofaShowgirlYD

►Subscribe to Taylor Swift on YouTube: https://ts.lnk.to/subscribe

►Shop Merch: http://taylorswift.lnk.to/store

►Follow Taylor Swift Online: 
TikTok: http://tiktok.com/@taylorswift 
Instagram: http://instagram.com/taylorswift 
Twitter: http://twitter.com/taylorswift13 
Snapchat: http://snapchat.com/add/taylorswift 
Facebook: http://facebook.com/taylorswift 
Tumblr: http://taylorswift.tumblr.com 
Website: http://www.taylorswift.com 

►Follow Taylor Nation Online:
TikTok: http://tiktok.com/@taylornation
Instagram: http://instagram.com/taylornation 
Twitter: http://twitter.com/taylornation13
Tumblr: http://taylornation.tumblr.com

#TaylorSwift #alltoowell #taylorsversion 
© 2021 Taylor Swift",2021-11-12 05:00:03+00:00,PT5M31S,22948909,327577,6916,https://i.ytimg.com/vi/9OQBDdNHmXo/default.jpg,https://i.ytimg.com/vi/9OQBDdNHmXo/mqdefault.jpg,https://i.ytimg.com/vi/9OQBDdNHmXo/hqdefault.jpg,,,
9boiT64sm0Q,Taylor Swift - 22 (Taylor's Version) (Lyric Video),"Official lyric video by Taylor Swift performing “22 (Taylor’s Version)” – off her Red (Taylor’s Version) album. Listen to the album here: https://taylor.lnk.to/redtaylorsversion

❤️‍🔥Stream/download ‘The Life of a Showgirl’: https://taylor.lnk.to/TSTheLifeofaShowgirlYD

►Subscribe to Taylor Swift on YouTube: https://ts.lnk.to/subscribe
►Shop Merch: http://taylorswift.lnk.to/store

►Follow Taylor Swift Online: 
TikTok: http://tiktok.com/@taylorswift 
Instagram: http://instagram.com/taylorswift 
Twitter: http://twitter.com/taylorswift13 
Snapchat: http://snapchat.com/add/taylorswift 
Facebook: http://facebook.com/taylorswift 
Tumblr: http://taylorswift.tumblr.com 
Website: http://www.taylorswift.com 

►Follow Taylor Nation Online:
TikTok: http://tiktok.com/@taylornation
Instagram: http://instagram.com/taylornation 
Twitter: http://twitter.com/taylornation13
Tumblr: http://taylornation.tumblr.com

Lyrics:

It feels like a perfect night
To dress up like hipsters
And make fun of our exes, ah ah, ah ah
It feels like a perfect night
For breakfast at midnight
To fall in love with strangers
Ah ah, ah ah
Yeah, we're happy, free, confused and lonely at the same time
It’s miserable and magical, oh yeah
Tonight’s the night when we forget about the deadlines, it’s time
Ah ah

CHORUS
I don't know about you
But I’m feeling 22
Everything will be alright if 
You keep me next to you
You don't know about me
But I’ll bet you want to
Everything will be alright if 
We just keep dancing like we're...22, 22

It seems like one of those nights
This place is too crowded
Too many cool kids (“Who is Taylor Swift anyway?”) 
Ah ah, ah ah
It seems like one of those nights
We ditch the whole scene
And end up dreaming instead of sleeping, yeah...
We're happy, free, confused and lonely in the best way
It’s miserable and magical, oh yeah
Tonight’s the night when we forget about the heartbreaks, it’s time
Ah ah


REPEAT CHORUS
22, 22

It feels like one of those nights
We ditch the whole scene
It feels like one of those nights
We won't be sleeping 
It feels like one of those nights
You look like bad news
I gotta have you
I gotta have you

REPEAT CHORUS
22, 22

It feels like one of those nights
We ditch the whole scene
It feels like one of those nights
We won't be sleeping 
It feels like one of those nights
You look like bad news
I gotta have you
I gotta have you

#taylorswift #22taylorsversion #redtaylorsversion #taylorsversion

Music video by Taylor Swift performing 22 (Taylor's Version) (Lyric Video).
© 2021 Taylor Swift",2021-11-12 05:00:04+00:00,PT3M52S,15018977,291278,8741,https://i.ytimg.com/vi/9boiT64sm0Q/default.jpg,https://i.ytimg.com/vi/9boiT64sm0Q/mqdefault.jpg,https://i.ytimg.com/vi/9boiT64sm0Q/hqdefault.jpg,,,
w1AV_35zVwU,Taylor Swift - I Almost Do (Taylor's Version) (Lyric Video),"Official lyric video by Taylor Swift performing “I Almost Do (Taylor’s Version)” – off her Red (Taylor’s Version) album. Listen to the album here: https://taylor.lnk.to/redtaylorsversion

►Subscribe to Taylor Swift on YouTube: https://ts.lnk.to/subscribe 
 
►Exclusive Merch: http://taylorswift.lnk.to/store

►Follow Taylor Swift online:
Instagram: http://instagram.com/taylorswift  
Facebook: http://facebook.com/taylorswift  
Tumblr: http://taylorswift.tumblr.com  
Twitter: http://twitter.com/taylorswift13  
Snapchat: http://snapchat.com/add/taylorswift
Website: http://www.taylorswift.com  

►Follow Taylor Nation Online
Instagram: http://instagram.com/taylornation  
Tumblr: http://taylornation.tumblr.com  
Twitter: http://twitter.com/taylornation13 

Lyrics:

I bet this time of night you're still up
I bet you're tired from a long hard week
I bet you’re sittin’ in your chair by the window
Looking out at the city and I bet
Sometimes you wonder about me

CHORUS
And I just want to tell you
It takes everything in me
Not to call you
And I wish I could run to you
And I hope you know that
Every time I don't, I almost do
I almost do

I bet you think I either moved on or hate you
Cause each time you reach out, there's no reply
I bet it never, ever occurred to you
That I can't say hello to you and risk another goodbye

REPEAT CHORUS

Oh, we made quite a mess, babe
It's probably better off this way
And I confess, baby
In my dreams you're touching my face
And asking me if I’d want to try again with you
And I almost do

REPEAT CHORUS

I bet this time of night you're still up
I bet you're tired from a long hard week
I bet you're sittin’ in your chair by the window
Looking out at the city and I hope
Sometimes you wonder about me

#taylorswift #ialmostdotaylorsversion #redtaylorsversion #taylorsversion


Music video by Taylor Swift performing I Almost Do (Taylor's Version) (Lyric Video). © 2021 Taylor Swift",2021-11-12 05:00:21+00:00,PT4M5S,8373299,138163,3030,https://i.ytimg.com/vi/w1AV_35zVwU/default.jpg,https://i.ytimg.com/vi/w1AV_35zVwU/mqdefault.jpg,https://i.ytimg.com/vi/w1AV_35zVwU/hqdefault.jpg,,,
zJFcr1KyFqE,Taylor Swift - We Are Never Ever Getting Back Together (Taylor's Version) (Lyric Video),"Official lyric video by Taylor Swift performing “We Are Never Ever Getting Back Together (Taylor’s Version)” – off her Red (Taylor’s Version) album. Listen to the album here: https://taylor.lnk.to/redtaylorsversion

►Subscribe to Taylor Swift on YouTube: https://ts.lnk.to/subscribe 
 
►Exclusive Merch: http://taylorswift.lnk.to/store

►Follow Taylor Swift online:
Instagram: http://instagram.com/taylorswift  
Facebook: http://facebook.com/taylorswift  
Tumblr: http://taylorswift.tumblr.com  
Twitter: http://twitter.com/taylorswift13  
Snapchat: http://snapchat.com/add/taylorswift
Website: http://www.taylorswift.com  

►Follow Taylor Nation Online
Instagram: http://instagram.com/taylornation  
Tumblr: http://taylornation.tumblr.com  
Twitter: http://twitter.com/taylornation13 

Lyrics:

I remember when we broke up the first time
Saying, ""this is it, I've had enough""
Cause like
We hadn’t seen each other in a month
When you said you needed space...what?
Then you come around again and say
""Baby, I miss you and I swear I’m gonna change. Trust me.""
Remember how that lasted for a day?
I say, ""I hate you,"" we break up, you call me...
I love you
Ooh, we called it off again last night but
Ooh, this time I’m telling you, I’m telling you...

CHORUS
We are never ever ever...getting back together
We are never ever ever...getting back together
You go talk to your friends, talk to my friends, talk to me
But we are never ever ever ever...getting back together

Like, ever

I'm really gonna miss you picking fights
And me falling for it, screaming that I’m right
And you would hide away and find your peace of mind
With some indie record that's much cooler than mine
Ooh, you called me up again tonight but
Ooh, this time, I’m telling you, I’m telling you

REPEAT CHORUS

I used to think that we were forever, ever and I used to say, “never say never...”

Spoken: (sigh)...So he calls me up and he's like, ""I still love you,"" and I’m like, I’m just, I mean this is exhausting you know, like we are never getting back together. Like, ever.

No
REPEAT CHORUS (x2)

#taylorswift #weareneverevergettingbacktogetheretaylorsversion #redtaylorsversion #taylorsversion


Music video by Taylor Swift performing We Are Never Ever Getting Back Together (Taylor's Version) (Lyric Video). © 2021 Taylor Swift",2021-11-12 05:00:22+00:00,PT3M15S,28418145,434664,6539,https://i.ytimg.com/vi/zJFcr1KyFqE/default.jpg,https://i.ytimg.com/vi/zJFcr1KyFqE/mqdefault.jpg,https://i.ytimg.com/vi/zJFcr1KyFqE/hqdefault.jpg,,,
OhJ-S9Nrh7Q,Taylor Swift - Stay Stay Stay (Taylor's Version) (Lyric Video),"Official lyric video by Taylor Swift performing “Stay Stay Stay (Taylor’s Version)” – off her Red (Taylor’s Version) album. Listen to the album here: https://taylor.lnk.to/redtaylorsversion

🕰️ Pre-order the new album Midnights by Taylor Swift available everywhere October 21: https://taylor.lnk.to/taylorswiftmidnightsYT

►Subscribe to Taylor Swift on YouTube: https://ts.lnk.to/subscribe 
 
►Exclusive Merch: http://taylorswift.lnk.to/store

►Follow Taylor Swift online:
Instagram: http://instagram.com/taylorswift  
Facebook: http://facebook.com/taylorswift  
Tumblr: http://taylorswift.tumblr.com  
Twitter: http://twitter.com/taylorswift13  
Snapchat: http://snapchat.com/add/taylorswift
Website: http://www.taylorswift.com  

►Follow Taylor Nation Online
Instagram: http://instagram.com/taylornation  
Tumblr: http://taylornation.tumblr.com  
Twitter: http://twitter.com/taylornation13 

Lyrics:

I’m pretty sure we almost broke up last night
I threw my phone across the room at you
I was expecting some dramatic turn away but you…stayed

This morning I said we should talk about it
Cause I read you should never leave a fight unresolved
That's when you came in wearing a football helmet and said , ""ok, let's talk"" and I said

CHORUS
Stay stay stay
I’ve been loving you for quite some
Time time time
You think that it's funny when I’m
Mad mad mad
But I think that it's best if we both stay

Before you I’d only dated self-indulgent takers 
Who took all of their problems out on me
But you carry my groceries and now I’m always laughing
And I love you because you have given me…no choice but to

REPEAT CHORUS
Stay stay stay

You took the time to memorize me
My fears my hopes and dreams
I just like hanging out with you
All the time
All those times that you didn't leave
It's been occurring to me
I'd like to hang out with you
For my whole life

Stay...and I’ll be loving you for quite some time
No one else is gonna love me when I get mad mad mad
So I think that it's best if we both stay
Stay, stay, stay, stay, stay

REPEAT CHORUS
Stay, stay, stay, stay, stay

REPEAT CHORUS

Spoken: (laughs) That’s so fun

#taylorswift #staystaystaytaylorsversion #redtaylorsversion #taylorsversion

Music video by Taylor Swift performing Stay Stay Stay (Taylor's Version) (Lyric Video). © 2021 Taylor Swift",2021-11-12 05:00:19+00:00,PT3M28S,6361765,132933,3534,https://i.ytimg.com/vi/OhJ-S9Nrh7Q/default.jpg,https://i.ytimg.com/vi/OhJ-S9Nrh7Q/mqdefault.jpg,https://i.ytimg.com/vi/OhJ-S9Nrh7Q/hqdefault.jpg,,,
pCH4QrSx2Jg,Taylor Swift - The Last Time (Taylor's Version) (Lyric Video) ft. Gary Lightbody,"Official lyric video by Taylor Swift performing “The Last Time (Taylor’s Version)” – off her Red (Taylor’s Version) album. Listen to the album here: https://taylor.lnk.to/redtaylorsversion

🕰️ Pre-order the new album Midnights by Taylor Swift available everywhere October 21: https://taylor.lnk.to/taylorswiftmidnightsYT

►Subscribe to Taylor Swift on YouTube: https://ts.lnk.to/subscribe 
 
►Exclusive Merch: http://taylorswift.lnk.to/store

►Follow Taylor Swift online:
Instagram: http://instagram.com/taylorswift  
Facebook: http://facebook.com/taylorswift  
Tumblr: http://taylorswift.tumblr.com  
Twitter: http://twitter.com/taylorswift13  
Snapchat: http://snapchat.com/add/taylorswift
Website: http://www.taylorswift.com  

►Follow Taylor Nation Online
Instagram: http://instagram.com/taylornation  
Tumblr: http://taylornation.tumblr.com  
Twitter: http://twitter.com/taylornation13 

Lyrics:

I find myself at your door
Just like all those times before 
I'm not sure how I got there
All roads, they lead me here
I imagine you are home
In your room, all alone
And you open your eyes into mine
And everything feels better
And right before your eyes
I'm breaking
No past, no reasons why
Just you and me…

CHORUS
This is the last time I’m asking you this
Put my name at the top of your list
This is the last time I’m asking you why
You break my heart in the blink of an eye, eye, eye

You find yourself at my door
And just like all those times before
You wear your best apology
But I was there to watch you leave
And all the times I let you in
Just for you to go again
Disappear when you come back
Everything is better
And right before your eyes, I’m aching
No past, nowhere to hide
Just you and me...

REPEAT CHORUS

This is the last time you tell me I’ve got it wrong
This is the last time I say, “it’s been you all along”
This is the last time I let you in my door
This is the last time I won't hurt you anymore

Oh
REPEAT CHORUS (x2)
This is the last time I’m asking you, last time I’m asking you, last time I’m asking you this
This is the last time I’m asking you, last time I’m asking you, last time I’m asking you this
This is the last time I’m asking you, last time I’m asking you, last time I’m asking you this
This is the last time I’m asking you, last time I’m asking you, last time I’m asking you this

#taylorswift #thelasttimetaylorsversion #redtaylorsversion #taylorsversion


Music video by Taylor Swift performing The Last Time (Taylor's Version) (Lyric Video). © 2021 Taylor Swift",2021-11-12 05:00:15+00:00,PT5M,11791713,176753,3524,https://i.ytimg.com/vi/pCH4QrSx2Jg/default.jpg,https://i.ytimg.com/vi/pCH4QrSx2Jg/mqdefault.jpg,https://i.ytimg.com/vi/pCH4QrSx2Jg/hqdefault.jpg,,,
S4PuN-IWi2g,Taylor Swift - Holy Ground (Taylor's Version) (Lyric Video),"Official lyric video by Taylor Swift performing “Holy Ground (Taylor’s Version)” – off her Red (Taylor’s Version) album. Listen to the album here: https://taylor.lnk.to/redtaylorsversion

►Subscribe to Taylor Swift on YouTube: https://ts.lnk.to/subscribe 
 
►Exclusive Merch: http://taylorswift.lnk.to/store

►Follow Taylor Swift online:
Instagram: http://instagram.com/taylorswift  
Facebook: http://facebook.com/taylorswift  
Tumblr: http://taylorswift.tumblr.com  
Twitter: http://twitter.com/taylorswift13  
Snapchat: http://snapchat.com/add/taylorswift
Website: http://www.taylorswift.com  

►Follow Taylor Nation Online
Instagram: http://instagram.com/taylornation  
Tumblr: http://taylornation.tumblr.com  
Twitter: http://twitter.com/taylornation13 

Lyrics:

I was reminiscing just the other day
While having coffee all alone
And lord it took me away
Back to a first glance feeling on New York time
Back when you fit my poems like a perfect rhyme
Took off faster than a green light, go
Yeah you skip the conversation when you already know
I left a note on the door with a joke we'd made
And that was the first day

CHORUS
And darling it was good
Never looking down
And right there where we stood
Was holy ground

Spinning like a girl in a brand new dress we had this big wide city all to ourselves
We block the noise with the sound of “I need you”
And for the first time I had something to lose
And I guess we fell apart in the usual way
And the story's got dust on every page
But sometimes I wonder how you think about it now
And I see your face in every crowd

Cause darling it was good
Never looking down
And right there where we stood
Was holy ground

Tonight I’m gonna dance
For all that we've been through
But I don't want to dance
If I’m not dancing with you
Tonight I’m gonna dance
Like you were in this room
But I don't want to dance
If I’m not dancing with you

It was good
Never looking down
And right there where we stood
Was holy ground

Tonight I’m gonna dance
For all that we've been through
But I don't want to dance
If I’m not dancing with you
Tonight I’m gonna dance
Like you were in this room
But I don't want to dance
If I’m not dancing with you

#taylorswift #holygroundtaylorsversion #redtaylorsversion #taylorsversion


Music video by Taylor Swift performing Holy Ground (Taylor's Version) (Lyric Video). © 2021 Taylor Swift",2021-11-12 05:00:09+00:00,PT3M27S,4649526,95442,2201,https://i.ytimg.com/vi/S4PuN-IWi2g/default.jpg,https://i.ytimg.com/vi/S4PuN-IWi2g/mqdefault.jpg,https://i.ytimg.com/vi/S4PuN-IWi2g/hqdefault.jpg,,,
jQfB4Gahi3I,Taylor Swift - Sad Beautiful Tragic (Taylor's Version) (Lyric Video),"Official lyric video by Taylor Swift performing “Sad Beautiful Tragic (Taylor’s Version)” – off her Red (Taylor’s Version) album. Listen to the album here: https://taylor.lnk.to/redtaylorsversion

►Subscribe to Taylor Swift on YouTube: https://ts.lnk.to/subscribe 
 
►Exclusive Merch: http://taylorswift.lnk.to/store

►Follow Taylor Swift online:
Instagram: http://instagram.com/taylorswift  
Facebook: http://facebook.com/taylorswift  
Tumblr: http://taylorswift.tumblr.com  
Twitter: http://twitter.com/taylorswift13  
Snapchat: http://snapchat.com/add/taylorswift
Website: http://www.taylorswift.com  

►Follow Taylor Nation Online
Instagram: http://instagram.com/taylornation  
Tumblr: http://taylornation.tumblr.com  
Twitter: http://twitter.com/taylornation13 

Lyrics:

Long handwritten notes, deep in your pocket
Words, how little they mean when you're a little too late
I stood right by the tracks, your face in a locket
Good girls, hopeful they’ll be and long they will wait

CHORUS
We had...
A beautiful, magic love there
What a sad...
Beautiful, tragic love affair

In dreams, I meet you in warm conversation
And we both wake in lonely beds and different cities
And time is taking its sweet time erasing you
And you've got your demons and darling
They all look like me, cause

REPEAT CHORUS

Distance, timing, breakdown, fighting
Silence, the train runs off its tracks
Kiss me, try to fix it
Could you just try to listen?
Hang up, give up and for the life of us
We can't get back...

A beautiful magic love there
What a sad...
Beautiful, tragic, beautiful, tragic
Beautiful...

REPEAT CHORUS 

REPEAT CHORUS

#taylorswift #sadbeautifultragictaylorsversion #redtaylorsversion #taylorsversion


Music video by Taylor Swift performing Sad Beautiful Tragic (Taylor's Version) (Lyric Video). © 2021 Taylor Swift",2021-11-12 05:00:14+00:00,PT4M46S,5194850,107219,2242,https://i.ytimg.com/vi/jQfB4Gahi3I/default.jpg,https://i.ytimg.com/vi/jQfB4Gahi3I/mqdefault.jpg,https://i.ytimg.com/vi/jQfB4Gahi3I/hqdefault.jpg,,,
4LtQxA_ooLk,Taylor Swift - The Lucky One (Taylor's Version) (Lyric Video),"Official lyric video by Taylor Swift performing “The Lucky One (Taylor’s Version)” – off her Red (Taylor’s Version) album. Listen to the album here: https://taylor.lnk.to/redtaylorsversion

Stream/download ‘The Life of a Showgirl’: https://taylor.lnk.to/TSTheLifeofaShowgirlYD

►Subscribe to Taylor Swift on YouTube: https://ts.lnk.to/subscribe
►Shop Merch: http://taylorswift.lnk.to/store

►Follow Taylor Swift Online: 
TikTok: http://tiktok.com/@taylorswift 
Instagram: http://instagram.com/taylorswift 
Twitter: http://twitter.com/taylorswift13 
Snapchat: http://snapchat.com/add/taylorswift 
Facebook: http://facebook.com/taylorswift 
Tumblr: http://taylorswift.tumblr.com 
Website: http://www.taylorswift.com 

►Follow Taylor Nation Online 
TikTok: http://tiktok.com/@taylornation
Instagram: http://instagram.com/taylornation 
Twitter: http://twitter.com/taylornation13
Tumblr: http://taylornation.tumblr.com

Lyrics:

New to town with a made-up name
In the angel's city chasing fortune and fame
And the camera flashes make it look like a dream
You had it figured out since you were in school
Everybody loves pretty, everybody loves cool
So overnight, you look like a 60s queen
Another name goes up in lights
Like diamonds in the sky...

CHORUS
And they'll tell you now
You’re the lucky one
Yeah, they'll tell you now
You're the lucky one
But can you tell me now
You're the lucky one
Oh, oh, oh...

Now it's big black cars and riviera views 
And your lover in the foyer doesn’t even know you
And your secrets end up splashed on the news front page
And they tell you that you're lucky but you're so confused
Cause you don't feel pretty, you just feel used
And all the young things line up to take your place
Another name goes up in lights
You wonder if you'll make it out alive

REPEAT CHORUS


It was a few years later I showed up here
And they still tell the legend of how you disappeared
How you took the money and your dignity and got the hell out
They say you bought a bunch of land somewhere
Chose the rose garden over Madison Square
And it took some time, but I understand it now...
Cause now my name is up in lights
But I think you got it right

Let me tell you now
You're the lucky one
Let me tell you now 
You're the lucky one
Let me tell you now
You're the lucky one
Oh, oh, oh...

Yeah, they'll tell you now
You’re the lucky one
Yeah, they'll tell you now
You're the lucky one
Bet you tell them now
You're the lucky one
Oh, oh, oh...oh, oh

#taylorswift #theluckyonetaylorsversion #redtaylorsversion #taylorsversion

Music video by Taylor Swift performing The Lucky One (Taylor's Version) (Lyric Video). © 2021 Taylor Swift",2021-11-12 05:00:03+00:00,PT3M57S,4802397,140895,4682,https://i.ytimg.com/vi/4LtQxA_ooLk/default.jpg,https://i.ytimg.com/vi/4LtQxA_ooLk/mqdefault.jpg,https://i.ytimg.com/vi/4LtQxA_ooLk/hqdefault.jpg,,,
eMcMbWl0fDk,Taylor Swift - Everything Has Changed (Taylor's Version) (Lyric Video) ft. Ed Sheeran,"Official lyric video by Taylor Swift performing “Everything Has Changed (Taylor’s Version)” ft. Ed Sheeran – off her Red (Taylor’s Version) album. 

Listen to the album here: https://taylor.lnk.to/redtaylorsversion

►Subscribe to Taylor Swift on YouTube: https://ts.lnk.to/subscribe 
 
►Exclusive Merch: http://taylorswift.lnk.to/store

►Follow Taylor Swift online:
Instagram: http://instagram.com/taylorswift  
Facebook: http://facebook.com/taylorswift  
Tumblr: http://taylorswift.tumblr.com  
Twitter: http://twitter.com/taylorswift13  
Snapchat: http://snapchat.com/add/taylorswift
Website: http://www.taylorswift.com  

►Follow Taylor Nation Online
Instagram: http://instagram.com/taylornation  
Tumblr: http://taylornation.tumblr.com  
Twitter: http://twitter.com/taylornation13 

Lyrics:

All I knew this morning when I woke
Is I know something now, know something now I didn’t before
And all I’ve seen since 18 hours ago
Is green eyes and freckles
And your smile in the back of my mind making me feel like
I just want to know you better, know you better, know you better now
I just want to know you better, know you better, know you better now
I just want to know you better, know you better, know you better now
I just want to know you, know you, know you...

CHORUS
Cause all I know is we said hello
And your eyes look like coming home
All I know is a simple name
Everything has changed
All I know is you held the door
You'll be mine and I’ll be yours
All I know since yesterday
Is everything has changed

And all my walls stood tall, painted blue
But I'll take ‘em down, take ‘em down
And open up the door for you
And all I feel in my stomach is butterflies, the beautiful kind
Makin’ up for lost time, takin’ flight making me feel like
I just want to know you better, know you better, know you better now
I just want to know you better, know you better, know you better now
I just want to know you better, know you better, know you better now
I just want to know you, know you, know you...

REPEAT CHORUS

Come back and tell me why
I'm feeling like I’ve missed you all this time
And meet me there tonight
And let me know that it's not all in my mind
I just want to know you better, know you better, know you better now
I just want to know you, know you, know you...

REPEAT CHORUS

All I know is we said hello
So dust off your highest hopes
All I know is pouring rain
And everything has changed
All I know is a newfound grace
All my days I’ll know your face
All I know since yesterday
Is everything has changed

#taylorswift #everythinghaschangedtaylorsversion #redtaylorsversion #taylorsversion


Music video by Taylor Swift performing Everything Has Changed (Taylor's Version) (Lyric Video). © 2021 Taylor Swift",2021-11-12 05:00:12+00:00,PT4M9S,10943200,202491,3726,https://i.ytimg.com/vi/eMcMbWl0fDk/default.jpg,https://i.ytimg.com/vi/eMcMbWl0fDk/mqdefault.jpg,https://i.ytimg.com/vi/eMcMbWl0fDk/hqdefault.jpg,,,
lPvcwgEuKTg,Taylor Swift - Starlight (Taylor's Version) (Lyric Video),"Official lyric video by Taylor Swift performing “Starlight (Taylor’s Version)” – off her Red (Taylor’s Version) album. Listen to the album here: https://taylor.lnk.to/redtaylorsversion

🕰️ Pre-order the new album Midnights by Taylor Swift available everywhere October 21: https://taylor.lnk.to/taylorswiftmidnightsYT

►Subscribe to Taylor Swift on YouTube: https://ts.lnk.to/subscribe 
 
►Exclusive Merch: http://taylorswift.lnk.to/store

►Follow Taylor Swift online:
Instagram: http://instagram.com/taylorswift  
Facebook: http://facebook.com/taylorswift  
Tumblr: http://taylorswift.tumblr.com  
Twitter: http://twitter.com/taylorswift13  
Snapchat: http://snapchat.com/add/taylorswift
Website: http://www.taylorswift.com  

►Follow Taylor Nation Online
Instagram: http://instagram.com/taylornation  
Tumblr: http://taylornation.tumblr.com  
Twitter: http://twitter.com/taylornation13 

Lyrics:

I said, “oh my, what a marvelous tune”
It was the best night
Never would forget how he moved
The whole place
Was dressed to the nines
And we were dancing, dancing
Like we're made of starlight
Like we're made of starlight

I met Bobby on the boardwalk
Summer of '45
Picked me up late one night 
Out the window we were seventeen
And crazy, running wild wild
Can't remember what song it was playing when we walked in
The night we snuck into a 
Yacht club party, pretending to 
Be a duchess and a prince 

And I said oh my, what a marvelous tune
It was the best night
Never would forget how he moved
The whole place
Was dressed to the nines
And we were dancing, dancing
Like we're made of starlight, starlight
Like we're made of starlight, starlight

He said, “look at you, worrying too much about things you can't change.
You'll spend your whole life singing the blues if you keep thinking that way.”
He was trying to skip rocks on the ocean, saying to me
“Don't you see the starlight, starlight? Don't you dream impossible things?”

Like oh my, what a marvelous tune
It was the best night
Never would forget how he moved
The whole place
Was dressed to the nines
And we were dancing, dancing
Like we're made of starlight, starlight
Like we're made of starlight, starlight

Ooh ooh, he's talking crazy
Ooh ooh, dancing with me
Ooh ooh, we could get married
Have ten kids and teach them how to dream

Oh my, what a marvelous tune
It was the best night
Never would forget how he moved
The whole place
Was dressed to the nines
And we were dancing, dancing
Like we're made of starlight, starlight
Like we're made of starlight, starlight
Like we're made of starlight, starlight

Like we dream impossible dreams
Like starlight, starlight
Like we dream impossible dreams
Don’t you see the starlight, starlight?
Don't you dream impossible things?

#taylorswift #starlighttaylorsversion #redtaylorsversion #taylorsversion


Music video by Taylor Swift performing Starlight (Taylor's Version) (Lyric Video). © 2021 Taylor Swift",2021-11-12 05:00:30+00:00,PT3M44S,4696083,124190,2770,https://i.ytimg.com/vi/lPvcwgEuKTg/default.jpg,https://i.ytimg.com/vi/lPvcwgEuKTg/mqdefault.jpg,https://i.ytimg.com/vi/lPvcwgEuKTg/hqdefault.jpg,,,
dXNZaHuKWNA,Taylor Swift - Begin Again (Taylor's Version) (Lyric Video),"Official lyric video by Taylor Swift performing “Begin Again (Taylor’s Version)” – off her Red (Taylor’s Version) album. Listen to the album here: https://taylor.lnk.to/redtaylorsversion

🕰️ Pre-order the new album Midnights by Taylor Swift available everywhere October 21: https://taylor.lnk.to/taylorswiftmidnightsYT

►Subscribe to Taylor Swift on YouTube: https://ts.lnk.to/subscribe 
 
►Exclusive Merch: http://taylorswift.lnk.to/store

►Follow Taylor Swift online:
Instagram: http://instagram.com/taylorswift  
Facebook: http://facebook.com/taylorswift  
Tumblr: http://taylorswift.tumblr.com  
Twitter: http://twitter.com/taylorswift13  
Snapchat: http://snapchat.com/add/taylorswift
Website: http://www.taylorswift.com  

►Follow Taylor Nation Online
Instagram: http://instagram.com/taylornation  
Tumblr: http://taylornation.tumblr.com  
Twitter: http://twitter.com/taylornation13 

Lyrics:

Took a deep breath in the mirror
He didn't like it when I wore high heels
But I do
Turn the lock and put my headphones on
He always said he didn't get this song
But I do, I do

I walked in expecting you'd be late
But you got here early and you stand and wave
I walk to you
You pull my chair out and help me in
And you don't know how nice that is
But I do

CHORUS
And you throw your head back laughing
Like a little kid
I think it's strange that you think I’m funny cause
He never did
I've been spending the last 8 months
Thinking all love ever does
Is break and burn and end
But on a Wednesday in a cafe
I watched it begin again

You said you never met one girl who
Had as many James Taylor records as you
But I do
We tell stories and you don't know why
I'm coming off a little shy
But I do

REPEAT CHORUS 

And we walked down the block, to my car
And I almost brought him up
But you start to talk about the movies
That your family watches every single Christmas
And I want to talk about that
And for the first time
What's past is past

REPEAT CHORUS 

On a Wednesday in a cafe
I watched it begin again

#taylorswift #beginagaintaylorsversion #redtaylorsversion #taylorsversion


Music video by Taylor Swift performing Begin Again (Taylor's Version) (Lyric Video). © 2021 Taylor Swift",2021-11-12 05:00:12+00:00,PT3M59S,7365583,134765,2927,https://i.ytimg.com/vi/dXNZaHuKWNA/default.jpg,https://i.ytimg.com/vi/dXNZaHuKWNA/mqdefault.jpg,https://i.ytimg.com/vi/dXNZaHuKWNA/hqdefault.jpg,,,
LmXn6BU16e0,Taylor Swift - The Moment I Knew (Taylor's Version) (Lyric Video),"Official lyric video by Taylor Swift performing “The Moment I Knew (Taylor’s Version)” – off her Red (Taylor’s Version) album. Listen to the album here: https://taylor.lnk.to/redtaylorsversion

🕰️ Pre-order the new album Midnights by Taylor Swift available everywhere October 21: https://taylor.lnk.to/taylorswiftmidnightsYT

►Subscribe to Taylor Swift on YouTube: https://ts.lnk.to/subscribe 
 
►Exclusive Merch: http://taylorswift.lnk.to/store

►Follow Taylor Swift online:
Instagram: http://instagram.com/taylorswift  
Facebook: http://facebook.com/taylorswift  
Tumblr: http://taylorswift.tumblr.com  
Twitter: http://twitter.com/taylorswift13  
Snapchat: http://snapchat.com/add/taylorswift
Website: http://www.taylorswift.com  

►Follow Taylor Nation Online
Instagram: http://instagram.com/taylornation  
Tumblr: http://taylornation.tumblr.com  
Twitter: http://twitter.com/taylornation13 

Lyrics:

You should've been there
Should've burst through the door
With that ‘baby, I'm right here’ smile
And it would've felt like
A million little shining stars had just aligned
And I would've been so happy

Christmas lights glisten
I've got my eye on the door
Just waiting for you to walk in
But the time is ticking
People ask me how I've been
As I comb back through my memory
How you said you'd be here
You said you'd be here

And it was like slow motion
Standing there in my party dress
In red lipstick
With no one to impress
And they're all laughing
As I'm looking around the room
But there was one thing missing
And that was the moment I knew

And the hours pass by
Now I just wanna be alone
But your close friends always seem to know
When there's something really wrong
So they follow me down the hall
And there in the bathroom
I try not to fall apart
And the sinking feeling starts
As I say hopelessly
“He said he'd be here…”

And it was like slow motion
Standing there in my party dress
In red lipstick 
With no one to impress
And they're all laughing
And asking me about you
But there was one thing missing
And that was the moment I knew

What do you say when tears are streaming down your face
in front of everyone you know?
And what do you do when the one who means the most to you
is the one who didn't show…?

You should've been here
And I would've been so happy

And it was like slow motion
Standing there in my party dress
In red lipstick
With no one to impress
And they're all standing around me, singing
Happy birthday to you
But there was one thing missing
And that was the moment I knew
Oh, I knew

You called me later
And said, “I'm sorry I didn't make it”
And I said, “I'm sorry, too”
And that was the moment I knew

#taylorswift #themomentiknewtaylorsversion #redtaylorsversion #taylorsversion


Music video by Taylor Swift performing The Moment I Knew (Taylor's Version) (Lyric Video). © 2021 Taylor Swift",2021-11-12 05:00:08+00:00,PT4M44S,5911006,114604,2703,https://i.ytimg.com/vi/LmXn6BU16e0/default.jpg,https://i.ytimg.com/vi/LmXn6BU16e0/mqdefault.jpg,https://i.ytimg.com/vi/LmXn6BU16e0/hqdefault.jpg,,,
hHWOAUjnmjQ,Taylor Swift - Come Back...Be Here (Taylor's Version) (Lyric Video),"Official lyric video by Taylor Swift performing “Come Back...Be Here (Taylor’s Version)” – off her Red (Taylor’s Version) album. Listen to the album here: https://taylor.lnk.to/redtaylorsversion

►Subscribe to Taylor Swift on YouTube: https://ts.lnk.to/subscribe 
 
►Exclusive Merch: http://taylorswift.lnk.to/store

►Follow Taylor Swift online:
Instagram: http://instagram.com/taylorswift  
Facebook: http://facebook.com/taylorswift  
Tumblr: http://taylorswift.tumblr.com  
Twitter: http://twitter.com/taylorswift13  
Snapchat: http://snapchat.com/add/taylorswift
Website: http://www.taylorswift.com  

►Follow Taylor Nation Online
Instagram: http://instagram.com/taylornation  
Tumblr: http://taylornation.tumblr.com  
Twitter: http://twitter.com/taylornation13 

Lyrics:

You said it in a simple way
4am, the second day
How strange that I don't 
Know you at all
Stumbled through the long goodbye
One last kiss, then catch your flight
Right when I was just about to fall

I told myself, don't get attached
But in my mind I play it back
Spinning faster than the plane that took you

And this is when the feeling sinks in
I don't wanna miss you like this
Come back… be here 
Come back… be here
I guess you're in New York today
I don't wanna need you this way
Come back… be here 
Come back… be here

The delicate beginning rush
The feeling you can know so much
Without knowing anything at all
And now that I can put this down
If I had known what I know now
I never would've played so nonchalant
Taxi cabs and busy streets
That never bring you back to me
I can't help but wish you took me with you

And this is when the feeling sinks in
I don't wanna miss you like this
Come back… be here 
Come back… be here
I guess you're in London today
And I don't wanna need you this way
Come back… be here 
Come back… be here
Oh oh, oh oh
Oh oh, oh oh

This is falling in love in the cruelest way
This is falling for you when you are worlds away
In New York… be here
But you're in… London, and I break down
Cause it's not fair that you're not around

This is when the feeling sinks in
I don't wanna miss you like this
Come back… be here 
Come back… be here
I guess you're in New York today
And I don't wanna need you this way
Come back… be here 
Come back… be here

Oh oh, oh oh
I don't wanna miss you like this
Oh oh, oh oh
Come back… be here 
Come back… be here

#taylorswift #comebackbeheretaylorsversion #redtaylorsversion #taylorsversion

Music video by Taylor Swift performing Come Back...Be Here (Taylor's Version) (Lyric Video). © 2021 Taylor Swift",2021-11-12 05:00:14+00:00,PT3M46S,11224328,143473,2495,https://i.ytimg.com/vi/hHWOAUjnmjQ/default.jpg,https://i.ytimg.com/vi/hHWOAUjnmjQ/mqdefault.jpg,https://i.ytimg.com/vi/hHWOAUjnmjQ/hqdefault.jpg,,,
UNckfN9upqo,Taylor Swift - Girl At Home (Taylor's Version) (Lyric Video),"Official lyric video by Taylor Swift performing “Girl At Home (Taylor’s Version)” – off her Red (Taylor’s Version) album. Listen to the album here: https://taylor.lnk.to/redtaylorsversion

►Subscribe to Taylor Swift on YouTube: https://ts.lnk.to/subscribe 
 
►Exclusive Merch: http://taylorswift.lnk.to/store

►Follow Taylor Swift online:
Instagram: http://instagram.com/taylorswift  
Facebook: http://facebook.com/taylorswift  
Tumblr: http://taylorswift.tumblr.com  
Twitter: http://twitter.com/taylorswift13  
Snapchat: http://snapchat.com/add/taylorswift
Website: http://www.taylorswift.com  

►Follow Taylor Nation Online
Instagram: http://instagram.com/taylornation  
Tumblr: http://taylornation.tumblr.com  
Twitter: http://twitter.com/taylornation13 

Lyrics:

Don't look at me, you got a girl at home
And everybody knows that, everybody knows that, ah ah
Don't look at me, you got a girl at home
And everybody knows that

I don't even know her
But I feel a responsibility to do what's upstanding and right
It's kinda like a code, yeah
And you've been getting closer and closer
And crossing so many lines

And it would be a fine proposition
If I was a stupid girl
But, honey, I am no one's exception
This, I have previously learned

CHORUS
So don't look at me, you got a girl at home
And everybody knows that, everybody knows that, ah ah
Don't look at me, you got a girl at home
And everybody knows that, everybody knows that
I see you turn off your phone
And now you've got me alone, and I say
“Don't look at me, you got a girl at home”
And everybody knows that, everybody knows that

I just want to make sure
You understand perfectly
You're the kind of man who makes me sad
While she waits up, you chase down the newest thing
And take for granted what you have

And it would be a fine proposition
If I was a stupid girl
And yeah, I might go with it
If I hadn't once been just like her

REPEAT CHORUS
Oh, oh
Oh, oh

Call a cab, lose my number
You're about to lose your girl
Call a cab, lose my number
Let's consider this lesson learned

Don't look at me, you got a girl at home
And everybody knows that, everybody knows that, ah ah
Don't look at me, you got a girl at home
And everybody knows that, everybody knows that
I wanna see you pick up your phone
And tell her you’re coming home
Don't look at me, you got a girl at home
And everybody knows that, everybody knows that
It would be a fine proposition
If I hadn't once been just like her

#taylorswift #girlathometaylorsversion #redtaylorsversion #taylorsversion


Music video by Taylor Swift performing Girl At Home (Taylor's Version) (Lyric Video). © 2021 Taylor Swift",2021-11-12 05:00:10+00:00,PT3M42S,3832298,94920,2790,https://i.ytimg.com/vi/UNckfN9upqo/default.jpg,https://i.ytimg.com/vi/UNckfN9upqo/mqdefault.jpg,https://i.ytimg.com/vi/UNckfN9upqo/hqdefault.jpg,,,
D3mJe28un4M,Taylor Swift - State Of Grace (Acoustic Version) (Taylor's Version) (Lyric Video),"Official lyric video by Taylor Swift performing “State Of Grace (Acoustic Version) (Taylor’s Version)” – off her Red (Taylor’s Version) album. 

Listen to the album here: https://taylor.lnk.to/redtaylorsversion

►Subscribe to Taylor Swift on YouTube: https://ts.lnk.to/subscribe 
 
►Exclusive Merch: http://taylorswift.lnk.to/store

►Follow Taylor Swift online:
Instagram: http://instagram.com/taylorswift  
Facebook: http://facebook.com/taylorswift  
Tumblr: http://taylorswift.tumblr.com  
Twitter: http://twitter.com/taylorswift13  
Snapchat: http://snapchat.com/add/taylorswift
Website: http://www.taylorswift.com  

►Follow Taylor Nation Online
Instagram: http://instagram.com/taylornation  
Tumblr: http://taylornation.tumblr.com  
Twitter: http://twitter.com/taylornation13 

Lyrics:

I’m walking fast through the traffic lights
Busy streets and busy lives
And all we know is touch and go
We are alone with our changing minds
We fall in love till it hurts or bleeds or fades in time 

And I never saw you coming
And I’ll never be the same

You come around and the armor falls
Pierce the room like a cannonball
Now all we know...is don't let go
We are alone just you and me
Up in your room, and our slates are clean 
Just twin fire signs, four blue eyes
So you were never a saint
And I loved in shades of wrong
We learn to live with the pain
Mosaic broken hearts
But this love is brave and wild

I never saw you coming
And I’ll never be the same

This is a state of grace
This is the worthwhile fight
Love is a ruthless game
Unless you play it good and right
These are the hands of fate
You're my Achilles heel
This is the golden age of something good and right and real

And I never saw you coming
And I’ll never be the same, oh
And I never saw you coming
And I’ll never be the same

This is a state of grace
This is the worthwhile fight
Love is a ruthless game
Unless you play it good and right

#taylorswift #stateofgraceacousticversiontaylorsversion #redtaylorsversion #taylorsversion


Music video by Taylor Swift performing State Of Grace (Acoustic Version) (Taylor's Version) (Lyric Video). © 2021 Taylor Swift",2021-11-12 05:00:04+00:00,PT5M20S,2238983,64745,1422,https://i.ytimg.com/vi/D3mJe28un4M/default.jpg,https://i.ytimg.com/vi/D3mJe28un4M/mqdefault.jpg,https://i.ytimg.com/vi/D3mJe28un4M/hqdefault.jpg,,,
kdiBc40gW7s,Taylor Swift - Ronan (Taylor's Version) (Lyric Video),"Official lyric video by Taylor Swift performing “Ronan (Taylor’s Version)” – off her Red (Taylor’s Version) album. Listen to the album here: https://taylor.lnk.to/redtaylorsversion

►Subscribe to Taylor Swift on YouTube: https://ts.lnk.to/subscribe 
 
►Exclusive Merch: http://taylorswift.lnk.to/store

►Follow Taylor Swift online:
Instagram: http://instagram.com/taylorswift  
Facebook: http://facebook.com/taylorswift  
Tumblr: http://taylorswift.tumblr.com  
Twitter: http://twitter.com/taylorswift13  
Snapchat: http://snapchat.com/add/taylorswift
Website: http://www.taylorswift.com  

►Follow Taylor Nation Online
Instagram: http://instagram.com/taylornation  
Tumblr: http://taylornation.tumblr.com  
Twitter: http://twitter.com/taylornation13 

Lyrics:

I remember your bare feet, down the hallway
I remember your little laugh
Race cars on the kitchen floor, plastic dinosaurs
I love you to the moon and back

I remember your blue eyes looking into mine
Like we had our own secret club
I remember you dancing before bed time
Then jumping on me waking me up

I can still feel you hold my hand, little man
And even the moment I knew
You fought it hard like an army guy
Remember I leaned in and whispered to you

Come on baby with me we're going to fly away from here
You were my best four years

I remember the drive home
When the blind hope turned to crying and screaming “Why?”
Flowers pile up in the worst way, no one knows what to say
About a beautiful boy who died

And it's about to be Halloween
You could be anything you wanted if you were still here
I remember the last day, when I kissed your face
And whispered in your ear

Come on baby with me we're going to fly away from here
Out of this curtained room and this hospital gray, we'll just disappear
Come on baby with me we're going to fly away from here
You were my best four years

What if I'm standing in your closet trying to talk to you?
And what if I kept the hand-me-downs you won't grow into?
And what if I really thought some miracle would see us through?
What if the miracle was even getting one moment with you?

Come on baby with me we're going to fly away from here

Come on baby with me we're going to fly away from here
You were my best four years

I remember your bare feet, down the hallway
I love you to the moon and back

#taylorswift #ronantaylorsversion #redtaylorsversion #taylorsversion

Music video by Taylor Swift performing Ronan (Taylor's Version) (Lyric Video). © 2021 Taylor Swift",2021-11-12 05:00:15+00:00,PT4M41S,4248252,192377,6275,https://i.ytimg.com/vi/kdiBc40gW7s/default.jpg,https://i.ytimg.com/vi/kdiBc40gW7s/mqdefault.jpg,https://i.ytimg.com/vi/kdiBc40gW7s/hqdefault.jpg,,,
PReSQYTFvcs,Taylor Swift - Better Man (Taylor's Version) (From The Vault) (Lyric Video),"Official lyric video by Taylor Swift performing “Better Man (Taylor’s Version)” – off her Red (Taylor’s Version) album. Listen to the album here: https://taylor.lnk.to/redtaylorsversion

🕰️ Pre-order the new album Midnights by Taylor Swift available everywhere October 21: https://taylor.lnk.to/taylorswiftmidnightsYT

►Subscribe to Taylor Swift on YouTube: https://ts.lnk.to/subscribe 
 
►Exclusive Merch: http://taylorswift.lnk.to/store

►Follow Taylor Swift online:
Instagram: http://instagram.com/taylorswift  
Facebook: http://facebook.com/taylorswift  
Tumblr: http://taylorswift.tumblr.com  
Twitter: http://twitter.com/taylorswift13  
Snapchat: http://snapchat.com/add/taylorswift
Website: http://www.taylorswift.com  

►Follow Taylor Nation Online
Instagram: http://instagram.com/taylornation  
Tumblr: http://taylornation.tumblr.com  
Twitter: http://twitter.com/taylornation13 

Lyrics:

I know I’m probably better off on my own
Than lovin' a man who didn’t know
What he had when he had it
And I see the permanent damage you did to me
Never again, I just wish I could forget when it was magic
I wish it wasn’t 4am, standing in the mirror
Saying to myself, you know you had to do it
I know the bravest thing I ever did was run

CHORUS
Sometimes, in the middle of the night, I can feel you again
But I just miss you and I just wish you were a better man
And I know why we had to say goodbye 
Like the back of my hand
But I just miss you and I just wish you were a better man
A better man

I know I’m probably better off all alone
Than needing a man who could change his mind
At any given minute
And it was always on your terms
I waited on every careless word 
Hoping they might turn sweet again
Like it was in the beginning
But your jealousy, oh I can hear it now
Talking down to me like I’d always be around
Push my love away like it was some kind of loaded gun
Oh, you never thought I’d run

REPEAT CHORUS
I hold onto this pride because these days it’s all I have
And I gave to you my best and we both know you can’t say that
I wish you were a better man
I wonder what we would’ve become
If you were a better man
We might still be in love
If you were a better man
You would’ve been the one
If you were a better man
Yeah, yeah

REPEAT CHORUS

We might still be in love, if you were a better man
Yeah, yeah
I know why we had to say goodbye
Like the back of my hand
But I just miss you and I just wish you were a better man
A better man

We might still be in love
If you were a better man
You would’ve been the one
If you were a better man

#taylorswift #bettermantaylorsversion #redtaylorsversion #taylorsversion


Music video by Taylor Swift performing Better Man (Taylor's Version) (From The Vault) (Lyric Video). © 2021 Taylor Swift",2021-11-12 05:00:08+00:00,PT4M57S,19510618,239325,5118,https://i.ytimg.com/vi/PReSQYTFvcs/default.jpg,https://i.ytimg.com/vi/PReSQYTFvcs/mqdefault.jpg,https://i.ytimg.com/vi/PReSQYTFvcs/hqdefault.jpg,,,
m3fWCRvz5JA,Nothing New (Taylor's Version) (From The Vault) (Lyric Video),"Official lyric video by Taylor Swift performing “Nothing New (Taylor’s Version)” feat. Phoebe Bridgers – off her Red (Taylor’s Version) album. Listen to the album here: https://taylor.lnk.to/redtaylorsversion

🕰️ Pre-order the new album Midnights by Taylor Swift available everywhere October 21: https://taylor.lnk.to/taylorswiftmidnightsYT

►Subscribe to Taylor Swift on YouTube: https://ts.lnk.to/subscribe 
 
►Exclusive Merch: http://taylorswift.lnk.to/store

►Follow Taylor Swift online:
Instagram: http://instagram.com/taylorswift  
Facebook: http://facebook.com/taylorswift  
Tumblr: http://taylorswift.tumblr.com  
Twitter: http://twitter.com/taylorswift13  
Snapchat: http://snapchat.com/add/taylorswift
Website: http://www.taylorswift.com  

►Follow Taylor Nation Online
Instagram: http://instagram.com/taylornation  
Tumblr: http://taylornation.tumblr.com  
Twitter: http://twitter.com/taylornation13 

Lyrics:

They tell you while you’re young
Girls, go out and have your fun
Then they hunt and slay the ones 
Who actually do it 
Criticize the way you fly
When you’re soaring through the sky
Shoot you down and then they sigh 
And say, “She looks like she’s been through it” 
Lord what will become of me
Once I’ve lost my novelty 

I’ve had too much to drink tonight
And I know it’s sad but this is what I think about 
And I wake up in the middle of the night 
It’s like I can feel time moving 
How can a person know everything at 18
But nothing at 22? 
And will you still want me 
When I’m nothing new? 

How long will it be cute
All this crying in my room
When you can’t blame it on my youth 
And roll your eyes with affection 
And my cheeks are growing tired 
From turning red and faking smiles
Are we only biding time till I lose your attention?
And someone else lights up the room 
People love an ingénue 

I’ve had too much to drink tonight
How did I go from growing up to breaking down? 
And I wake up in the middle of the night 
It’s like I can feel time moving 
How can a person know everything at 18
But nothing at 22? 
And will you still want me 
When I’m nothing new? 

I know someday I’m gonna meet her 
It’s a fever dream
The kind of radiance you only have at seventeen 
She’ll know the way and then she’ll say she got the map from me 
I’ll say I’m happy for her then I’ll cry myself to sleep
 
I’ve had too much to drink tonight 
But I wonder if they’ll miss me once they drive me out 
I wake up in the middle of the night 
And I can feel time moving 
How can a person know everything at 18 
But nothing at 22? 
And will you still want me
Will you still want me
Will you still want me
When I’m nothing new?

#taylorswift #nothingnewtaylorsversion #redtaylorsversion #taylorsversion


Music video by Taylor Swift performing Nothing New (Taylor's Version) (From The Vault) (Lyric Video). © 2021 Taylor Swift",2021-11-12 05:00:17+00:00,PT4M23S,11070302,198913,4510,https://i.ytimg.com/vi/m3fWCRvz5JA/default.jpg,https://i.ytimg.com/vi/m3fWCRvz5JA/mqdefault.jpg,https://i.ytimg.com/vi/m3fWCRvz5JA/hqdefault.jpg,,,
3pj39qZZYoQ,Taylor Swift - Babe (Taylor's Version) (From The Vault) (Lyric Video),"Official lyric video by Taylor Swift performing “Babe (Taylor’s Version)” – off her Red (Taylor’s Version) album. Listen to the album here: https://taylor.lnk.to/redtaylorsversion

Stream/download ‘The Life of a Showgirl’: https://taylor.lnk.to/TSTheLifeofaShowgirlYD

►Subscribe to Taylor Swift on YouTube: https://ts.lnk.to/subscribe
►Shop Merch: http://taylorswift.lnk.to/store

►Follow Taylor Swift Online: 
TikTok: http://tiktok.com/@taylorswift 
Instagram: http://instagram.com/taylorswift 
Twitter: http://twitter.com/taylorswift13 
Snapchat: http://snapchat.com/add/taylorswift 
Facebook: http://facebook.com/taylorswift 
Tumblr: http://taylorswift.tumblr.com 
Website: http://www.taylorswift.com

►Follow Taylor Nation Online:
TikTok: http://tiktok.com/@taylornation
Instagram: http://instagram.com/taylornation 
Twitter: http://twitter.com/taylornation13
Tumblr: http://taylornation.tumblr.com

Lyrics:

(What about your promises, promises?)
(What about your promises, promises, promises?) 

What a shame 
Didn't wanna be the one that got away, yeah
Big mistake, broke the sweetest promise
That you never should have made

I'm here on the kitchen floor
You call, but I won't hear it
You said, “No one else” 
How could you do this, babe?

CHORUS
You really blew this, babe
We ain't getting through this one, babe
This is the last time I'll ever call you, babe
This is the last time I'll ever call you, babe

What a waste
Takin' down the pictures and the plans we made, yeah
And it's strange how your face doesn't look so innocent
Your secret has its consequence and that's on you, babe

I break down every time you call
We're a wreck, you're the wrecking ball
We said, “No one else” 
How could you do this, babe?

REPEAT CHORUS

Since you admitted it, I keep picturing
Her lips on your neck, I can't unsee it
I hate that because of you, I can't love you, babe
What a shame, didn't want to be the one that got away
How could you do this, babe?

REPEAT CHORUS

I'm here on the kitchen floor, you call but I won't hear it
You said, “No one else” 
We ain't getting through this one, babe
I break down every time you call
We're a wreck, you're the wrecking ball
You said, ""No one else”
This is the last time I'll ever call you, babe

#taylorswift #babetaylorsversion #redtaylorsversion
© 2021 Taylor Swift",2021-11-12 05:00:03+00:00,PT3M46S,14690697,199552,4976,https://i.ytimg.com/vi/3pj39qZZYoQ/default.jpg,https://i.ytimg.com/vi/3pj39qZZYoQ/mqdefault.jpg,https://i.ytimg.com/vi/3pj39qZZYoQ/hqdefault.jpg,,,
AccGdO5XeZY,I Bet You Think About Me (Taylor's Version) (From The Vault) (Lyric Video),"Official lyric video by Taylor Swift performing “I Bet You Think About Me (Taylor’s Version)” feat. Chris Stapleton – off her Red (Taylor’s Version) album. Listen to the album here: https://taylor.lnk.to/redtaylorsversion

►Subscribe to Taylor Swift on YouTube: https://ts.lnk.to/subscribe 
 
►Exclusive Merch: http://taylorswift.lnk.to/store

►Follow Taylor Swift online:
Instagram: http://instagram.com/taylorswift  
Facebook: http://facebook.com/taylorswift  
Tumblr: http://taylorswift.tumblr.com  
Twitter: http://twitter.com/taylorswift13  
Snapchat: http://snapchat.com/add/taylorswift
Website: http://www.taylorswift.com  

►Follow Taylor Nation Online
Instagram: http://instagram.com/taylornation  
Tumblr: http://taylornation.tumblr.com  
Twitter: http://twitter.com/taylornation13 

Lyrics:

3am and I’m still awake
I bet you’re just fine, fast asleep in your city 
That’s better than mine
And the girl in your bed has a fine pedigree
And I’ll bet your friends tell you she’s better than me
Huh

Well I tried to fit in with your upper-crust circles
Yeah, they let me sit in back when we were in love
Oh they sit around talking ‘bout the meaning of life
And the book that just saved ‘em that I hadn’t heard of

But now that we’re done and it’s over
I bet you couldn’t believe 
When you realized I’m harder to forget
Than I was to leave
And I bet you think about me

You grew up in a silver spoon gated community
Glamorous shiny bright Beverly Hills 
I was raised on a farm, no it wasn’t a mansion
Just living room dancing and kitchen table bills
But you know what they say
You can’t help who you fall for 
And you and I fell like an early spring snow
But reality crept in, you said we’re too different
You laughed at my dreams, rolled your eyes at my jokes

Mr. Superior Thinking
Do you have all the space that you need?
I don’t have to be your shrink to know that
You’ll never be happy
And I bet you think about me 

I bet you think about me, yes, I bet
You think about me

Oh, block it all out
The voices so loud saying 
Why did you let her go
Does it make you feel sad 
That the love that you’re looking for
Is the love that you had

Now you’re out in the world, searching for your soul
Scared not to be hip, scared to get old
Chasing make-believe status 
Last time you felt free was when none of that shit mattered
Cause you were with me

But now that we’re done and it’s over
I bet it’s hard to believe
But it turned out I’m harder to forget 
Than I was to leave 
And, yeah, I bet you think about me

I bet you think about me, yes
I bet you think about me  
I bet you think about me when you’re out 
At your cool indie music concerts every week
I bet you think about me in your house
With your organic shoes and your million dollar couch
I bet you think about me when you say “oh my god
She’s insane, she wrote a song about me”
I bet you think about me 

#taylorswift #ibetyouthinkaboutmetaylorsversion #redtaylorsversion #taylorsversion

Music video by Taylor Swift performing I Bet You Think About Me (Taylor's Version) (From The Vault) (Lyric Video). © 2021 Taylor Swift",2021-11-12 05:00:04+00:00,PT4M49S,10732890,127784,2845,https://i.ytimg.com/vi/AccGdO5XeZY/default.jpg,https://i.ytimg.com/vi/AccGdO5XeZY/mqdefault.jpg,https://i.ytimg.com/vi/AccGdO5XeZY/hqdefault.jpg,,,
TkAomsYFsJw,Taylor Swift - Forever Winter (Taylor's Version) (From The Vault) (Lyric Video),"Official lyric video by Taylor Swift performing “Forever Winter (Taylor’s Version)” – off her Red (Taylor’s Version) album. Listen to the album here: https://taylor.lnk.to/redtaylorsversion


►Subscribe to Taylor Swift on YouTube: https://ts.lnk.to/subscribe 
 
►Exclusive Merch: http://taylorswift.lnk.to/store

►Follow Taylor Swift online:
Instagram: http://instagram.com/taylorswift  
Facebook: http://facebook.com/taylorswift  
Tumblr: http://taylorswift.tumblr.com  
Twitter: http://twitter.com/taylorswift13  
Snapchat: http://snapchat.com/add/taylorswift
Website: http://www.taylorswift.com  

►Follow Taylor Nation Online
Instagram: http://instagram.com/taylornation  
Tumblr: http://taylornation.tumblr.com  
Twitter: http://twitter.com/taylornation13 

Lyrics:

He says he doesn’t believe anything much he hears these days
He says, “Why fall in love, just so you can watch it go away?”
He spends most of his nights wishing it was how it used to be 
He spends most of his flights getting pulled down by gravity
I call just checking up on him
He’s up, 3am pacing
He says, “It’s not just a phase I’m in”
My voice comes out begging

CHORUS
All this time I didn’t know 
You were breaking down
I’d fall to pieces on the floor
If you weren’t around
Too young to know it gets better
I’ll be summer sun for you forever
Forever winter if you go…

He seems fine most of the time
Forcing smiles and never minds 
His laugh is symphony
When the lights go out it’s hard to breathe
I pull at every thread trying to solve the puzzles in his head
Live my life scared to death he’ll decide to leave instead
I call just checking up on him
He’s up, 5am wasted
Long gone, not even listening
My voice comes out screaming

REPEAT CHORUS

If I was standing there in your apartment
I’d take that bomb in your head and disarm it 
I’d say I love you even at your darkest and 
Please don’t go

I didn’t know 
You were breaking down
I’d fall to pieces on the floor
If you weren’t around
Too young to know it gets better
I’ll be summer sun for you forever
Forever winter if you go…

I’ll be your summer sun forever
At 3am pacing
All this time I didn’t know
At 5am wasted
I’d be in pieces on the floor

Forever winter if you go...

He says he doesn’t believe anything much he hears these days
I say, “Believe in one thing, I won’t go away”

#taylorswift #foreverwintertaylorsversion #redtaylorsversion #taylorsversion


Music video by Taylor Swift performing Forever Winter (Taylor's Version) (From The Vault) (Lyric Video). © 2021 Taylor Swift",2021-11-12 05:00:10+00:00,PT4M27S,5133759,117689,3012,https://i.ytimg.com/vi/TkAomsYFsJw/default.jpg,https://i.ytimg.com/vi/TkAomsYFsJw/mqdefault.jpg,https://i.ytimg.com/vi/TkAomsYFsJw/hqdefault.jpg,,,
flv8AEWrRMI,Taylor Swift - Run (Taylor's Version) (From The Vault) (Lyric Video) ft. Ed Sheeran,"Official lyric video by Taylor Swift performing “Run (Taylor’s Version)” feat. Ed Sheeran – off her Red (Taylor’s Version) album. 

Listen to the album here: https://taylor.lnk.to/redtaylorsversion

►Subscribe to Taylor Swift on YouTube: https://ts.lnk.to/subscribe 
 
►Exclusive Merch: http://taylorswift.lnk.to/store

►Follow Taylor Swift online:
Instagram: http://instagram.com/taylorswift  
Facebook: http://facebook.com/taylorswift  
Tumblr: http://taylorswift.tumblr.com  
Twitter: http://twitter.com/taylorswift13  
Snapchat: http://snapchat.com/add/taylorswift
Website: http://www.taylorswift.com  

►Follow Taylor Nation Online
Instagram: http://instagram.com/taylornation  
Tumblr: http://taylornation.tumblr.com  
Twitter: http://twitter.com/taylornation13 

Lyrics:

Give me the keys, I’ll bring the car back around
We shouldn’t be in this town
And my so-called friends, they don’t know
I’d drive away before I let you go
So give me a reason and don’t say no, no

There’s a chain ‘round your throat, piece of paper where I wrote
“I’ll wait for you”
There’s a key on the chain, there’s a picture in a frame
Take it with you

And run, like you’d run from the law
Darling, let’s run
Run from it all
We can go where our eyes can take us
Go where no one else is, run
Ooh, we’ll run
Ooh, we’ll run
Ooh, we’ll run

So you laugh like a child
And I’ll sing like no one cares
No one to be, no one to tell
I could see this view a hundred times
Pale blue sky reflected in your eyes
So give me a reason and don’t say no, no 
And the note from the locket, you keep it in your pocket
Since I gave it to you
There’s a heart on your sleeve
I’ll take it when I leave
And hold it for you

And run, like you’d run from the law
Darling, let’s run
Run from it all
We can go like they’re trying to chase us
Go where no one else is, run
Ooh, we’ll run
Ooh, we’ll run
Ooh, we’ll run

There’s been this hole in my heart
This thing was a shot in the dark
Say you’ll never let ‘em tear us apart
And I’ll hold onto you while we run

Like you’d run from the law
Darling, let’s run
Run from it all
We can go where our eyes can take us
Go where no one else is, run
Ooh, we’ll run
Ooh, we’ll run
Ooh, we’ll run
Ooh, and we’ll run

#taylorswift #runtaylorsversion #redtaylorsversion #taylorsversion


Music video by Taylor Swift performing Run (Taylor's Version) (From The Vault) (Lyric Video). © 2021 Taylor Swift",2021-11-12 05:00:22+00:00,PT4M1S,8959517,243976,4287,https://i.ytimg.com/vi/flv8AEWrRMI/default.jpg,https://i.ytimg.com/vi/flv8AEWrRMI/mqdefault.jpg,https://i.ytimg.com/vi/flv8AEWrRMI/hqdefault.jpg,,,
rVuyi-dPMIc,Taylor Swift - The Very First Night (Taylor's Version) (From The Vault) (Lyric Video),"Official lyric video by Taylor Swift performing “The Very First Night (Taylor’s Version)” – off her Red (Taylor’s Version) album. Listen to the album here: https://taylor.lnk.to/redtaylorsversion

🕰️ Pre-order the new album Midnights by Taylor Swift available everywhere October 21: https://taylor.lnk.to/taylorswiftmidnightsYT

►Subscribe to Taylor Swift on YouTube: https://ts.lnk.to/subscribe 
 
►Exclusive Merch: http://taylorswift.lnk.to/store

►Follow Taylor Swift online:
Instagram: http://instagram.com/taylorswift  
Facebook: http://facebook.com/taylorswift  
Tumblr: http://taylorswift.tumblr.com  
Twitter: http://twitter.com/taylorswift13  
Snapchat: http://snapchat.com/add/taylorswift
Website: http://www.taylorswift.com  

►Follow Taylor Nation Online
Instagram: http://instagram.com/taylornation  
Tumblr: http://taylornation.tumblr.com  
Twitter: http://twitter.com/taylornation13 

Lyrics:

I wish I could fly
I’d pick you up and we’d go back in time
I’d write this in the sky
I miss you like it was the very first night

And so it goes
Every weekend, this same party
I never go alone and I don’t seem brokenhearted
My friends all say they know everything I’m going through
I drive down different roads
But they all lead back to you
Cause they don’t know about the night in the hotel
They weren’t riding in the car when we both fell
Didn’t read the note on the Polaroid picture
They don’t know how much I miss you

CHORUS
I wish I could fly
I’d pick you up and we’d go back in time
I’d write this in the sky
I miss you like it was the very first night
Take me away, take me away
Take me away to you, to you 
Take me away, take me away
Take me away to you, to you 

And so it was
We never saw it coming
Not trying to fall in love
But we did like children running
Back then we didn’t know we were built to fall apart
We broke the status quo, then we broke each other’s hearts
But don’t forget about the night out in LA
Danced in the kitchen, chased me down through the hallway
No one knows about the words that we whispered
No one knows how much I miss you

REPEAT CHORUS

I remember the night at the hotel
I was riding in the car when we both fell
I’m the one on the phone as you whisper
“Do you know how much I miss you?”
I wish that we could go back in time
And I’d say to you
“I miss you like it was the very first night”

REPEAT CHORUS

#taylorswift #theveryfirstnighttaylorsversion #redtaylorsversion #taylorsversion



Music video by Taylor Swift performing The Very First Night (Taylor's Version) (From The Vault) (Lyric Video). © 2021 Taylor Swift",2021-11-12 05:00:19+00:00,PT3M23S,11340886,170660,3519,https://i.ytimg.com/vi/rVuyi-dPMIc/default.jpg,https://i.ytimg.com/vi/rVuyi-dPMIc/mqdefault.jpg,https://i.ytimg.com/vi/rVuyi-dPMIc/hqdefault.jpg,,,
sRxrwjOtIag,All Too Well (10 Minute Version) (Taylor's Version) (From The Vault) (Lyric Video),"Listen to Red (Taylor's Version) album here: https://taylor.lnk.to/redtaylorsversion


►Subscribe to Taylor Swift on YouTube: https://ts.lnk.to/subscribe 
 
►Exclusive Merch: http://taylorswift.lnk.to/store

►Follow Taylor Swift online:
Instagram: http://instagram.com/taylorswift  
Facebook: http://facebook.com/taylorswift  
Tumblr: http://taylorswift.tumblr.com  
Twitter: http://twitter.com/taylorswift13  
Snapchat: http://snapchat.com/add/taylorswift
Website: http://www.taylorswift.com  

Lyrics:

I walked through the door with you 
The air was cold 
But somethin bout it felt like home somehow 
And I left my scarf there at your sister’s house 
And you’ve still got it in your drawer even now 
Oh your sweet disposition, and my wide eyed gaze 
We’re singing in the car getting lost upstate
Autumn leaves falling down like pieces into place 
And I can picture it after all these days 
And I know it’s long gone and that magic’s not here no more 
And I might be ok but I’m not fine at all…

Cause there we are again on that 
Little town street 
You almost ran the red 
Cause you were looking over at me 
Wind in my hair, I was there 
I remember it all too well

Photo album on the counter 
Your cheeks were turning red
You used to be a little kid with glasses
in a twin-sized bed 
And your mother’s telling stories bout you on 
the tee ball team 
You taught me bout your past 
Thinkin your future was me
And you were tossing me the car keys 
‘F*** the patriarchy’ keychain on the ground
We were always skipping town
And I was thinking on the drive down
Any time now, he’s gonna say it’s love
You never called it what it was
til we were dead and gone and buried 
Check the pulse and come back 
Swearing it’s the same, after 3 months in the grave
And then you wondered where it went to
As I reached for you but
All I felt was shame
And you held my lifeless frame 
And I know it’s long gone and 
There was nothing else I could do 
And I forget about you long enough
To forget why I needed to… 

Cause there we are again in the middle of the night
We’re dancin round the kitchen in the 
refrigerator light
Down the stairs, I was there
I remember it all too well…
And there we are again 
When nobody had to know
You kept me like a secret
But I kept you like an oath
Sacred prayer and we’d swear 
to remember it all too well 

Well maybe we got lost in translation 
Maybe I asked for too much
But maybe this thing was a masterpiece
Til you tore it all up
Running scared, I was there
I remember it all too well
And you call me up again 
Just to break me like a promise 
So casually cruel in the name of being honest 
I’m a crumpled up piece of paper lying here
Cause I remember it all, all, all 
They say all’s well that ends well
But I’m in a new hell every time
You double-cross my mind
You said if we had been closer in age
Maybe it would have been fine
And that made me want to die.

The idea you had of me
Who was she?
A never-needy, ever lovely jewel
Whose shine reflects on you
Not weeping in a party bathroom
Some actress asking me what happened
You.
That’s what happened: You.
You, who charmed my dad with self-effacing jokes
Sipping coffee like you were on a late night show
But then he watched me watch the front door 
all night, willing you to come
And he said, “it’s supposed to be fun… 
Turning 21” 

Time won’t fly
It’s like I’m paralyzed by it 
I’d like to be my old self again
But I’m still trying to find it 
After plaid shirt days 
And nights when you made me your own
Now you mail back my things 
And I walk home alone
But you keep my old scarf
From that very first week
Cause it reminds you of innocence, and it smells like me 
You can’t get rid of it
Cause you remember it all too well

Cause there we are again when
I loved you so 
Back before you lost the one real thing
You’ve ever known
It was rare, I was there
I remember it all too well
Wind in my hair, you were there 
You remember it all 
Down the stairs, you were there 
You remember it all
It was rare, I was there
I remember it all too well

And I was never good at telling jokes 
But the punchline goes:
“I’ll get older, but your lovers stay my age”
From when your Brooklyn broke my skin and bones
I’m a soldier who’s returning half her weight
And did the twin flame bruise paint you blue?
Just between us, did the love affair maim you too?
Cause in this city’s barren cold
I still remember the first fall of snow
And how it glistened as it fell
I remember it all too well

Just between us did the love affair maim you 
All too well
Just between us, do you remember it 
All too well
Just between us, I remember it all too well

Wind in my hair 
I was there, I was there
Down the stairs, I was there
I was there
Sacred prayer
I was there, I was there
It was rare, you remember it
All too well  

#taylorswift #redtaylorsversion #taylorsversion",2021-11-12 05:00:31+00:00,PT10M13S,159060763,1607785,55524,https://i.ytimg.com/vi/sRxrwjOtIag/default.jpg,https://i.ytimg.com/vi/sRxrwjOtIag/mqdefault.jpg,https://i.ytimg.com/vi/sRxrwjOtIag/hqdefault.jpg,,,
7lLigiVgJsE,Taylor Swift - Fearless (Taylor's Version) (Lyric Video),"Official lyric video for “Fearless” (Taylor’s Version) – off her Fearless (Taylor’s Version) album. Get the album here: https://taylor.lnk.to/fearlesstaylorsversion. 

Stream/download ‘The Life of a Showgirl’: https://taylor.lnk.to/TSTheLifeofaShowgirlYD

►Subscribe to Taylor Swift on YouTube: https://ts.lnk.to/subscribe
►Shop Merch: http://taylorswift.lnk.to/store

►Follow Taylor Swift Online: 
TikTok: http://tiktok.com/@taylorswift 
Instagram: http://instagram.com/taylorswift 
Twitter: http://twitter.com/taylorswift13 
Snapchat: http://snapchat.com/add/taylorswift 
Facebook: http://facebook.com/taylorswift 
Tumblr: http://taylorswift.tumblr.com 
Website: http://www.taylorswift.com 

►Follow Taylor Nation Online 
TikTok: http://tiktok.com/@taylornation
Instagram: http://instagram.com/taylornation 
Twitter: http://twitter.com/taylornation13
Tumblr: http://taylornation.tumblr.com

Official Lyrics:
 
There’s something ‘bout the way 
The street looks when it’s just rained 
There’s a glow off the pavement 
You walk me to the car 
And you know I want to ask you to dance right there 
In the middle of the parking lot, yeah 
Oh, yeah 

We’re driving down the road 
I wonder if you know 
I’m trying so hard not to get caught up now 
But you’re just so cool, run your hands through your hair 
Absentmindedly makin’ me want you 

And I don’t know how it gets better than this 
You take my hand and drag me headfirst 
Fearless 
And I don’t know why but with you I’d dance 
In a storm in my best dress 
Fearless 

So baby drive slow till we run out of road 
In this one-horse town, I wanna stay right here 
In this passenger seat 
You put your eyes on me In this moment now 
Capture it, remember it 

Repeat chorus 
Oh, oh 

Well you stood there with me in the doorway 
My hands shake, I’m not usually this way but 
You pull me in and I’m a little more brave 
It’s a first kiss, it’s flawless, really something 
It’s fearless 
Oh, yeah 

Repeat chorus 
Repeat chorus
 
Oh, oh 
Oh, yeah

#taylorswift #fearless #fearlesstaylorsversion",2021-04-09 04:00:04+00:00,PT4M5S,59033636,447686,13363,https://i.ytimg.com/vi/7lLigiVgJsE/default.jpg,https://i.ytimg.com/vi/7lLigiVgJsE/mqdefault.jpg,https://i.ytimg.com/vi/7lLigiVgJsE/hqdefault.jpg,,,
rLCol1C3ouc,Taylor Swift - Fifteen (Taylor's Version) (Lyric Video),"Official lyric video for “Fifteen” (Taylor’s Version) – off her Fearless (Taylor’s Version) album. Get the album here: https://taylor.lnk.to/fearlesstaylorsversion. 

Get tickets to Taylor Swift | The Eras Tour concert film in theaters October 13: http://taylor.lnk.to/TSTheErasTourFilm

►Subscribe to Taylor Swift on YouTube: https://ts.lnk.to/subscribe 
 
►Exclusive Merch: http://taylorswift.lnk.to/store

►Follow Taylor Swift online:
Instagram: http://instagram.com/taylorswift  
Facebook: http://facebook.com/taylorswift  
Tumblr: http://taylorswift.tumblr.com  
Twitter: http://twitter.com/taylorswift13  
Snapchat: http://snapchat.com/add/taylorswift
Website: http://www.taylorswift.com  

►Follow Taylor Nation Online
Instagram: http://instagram.com/taylornation  
Tumblr: http://taylornation.tumblr.com  
Twitter: http://twitter.com/taylornation13
TikTok: http://tiktok.com/@taylornation

Official Lyrics:
 
You take a deep breath and you walk through the doors 
It’s the morning of your very first day 
You say hi to your friends you ain’t seen in a while 
Try and stay out of everybody’s way 
It’s your freshman year and you’re gonna be here 
For the next four years in this town 
Hoping one of those senior boys will wink at you and say 
You know I haven’t seen you around, before 

Cause when you’re fifteen and 
Somebody tells you they love you 
You’re gonna believe them 
And when you’re fifteen, feeling like 
There’s nothing to figure out 
Well count to ten, take it in 
This is life before you know 
Who you’re gonna be 
At fifteen 

You sit in class next to a redhead named Abigail 
And soon enough you’re best friends 
Laughing at the other girls who think they’re so cool 
We’ll be out of here as soon as we can 
And then you’re on your very first date and he’s got a car 
And you’re feeling like flying 
And your mama’s waiting up and you’re thinking he’s the one 
And you’re dancing ‘round your room when the night ends 
When the night ends

Cause when you’re fifteen and 
Somebody tells you they love you 
You’re gonna believe them 
And when you’re fifteen and your first kiss 
Makes your head spin around well 
In your life you’ll do things greater than 
Dating the boy on the football team 
I didn’t know it at fifteen 

When all you wanted was to be wanted 
Wish you could go back 
And tell yourself what you know now 

Back then I swore I was gonna marry him someday 
But I realized some bigger dreams of mine 
And Abigail gave everything she had to a boy 
Who changed his mind 
And we both cried 

Cause when you’re fifteen and 
Somebody tells you they love you 
You’re gonna believe them 
And when you’re fifteen, don’t forget to look before you fall 
But I’ve found time can heal most anything 
And you just might find who you’re supposed to be 
I didn’t know who I was supposed to be 
At fifteen 

La la la la la La la la la la 
La la la la la 

Your very first day
Take a deep breath girl 
Take a deep breath as you walk through the doors 

#taylorswift #fifteen #fearlesstaylorsversion",2021-04-09 04:00:12+00:00,PT4M55S,9431880,224287,9352,https://i.ytimg.com/vi/rLCol1C3ouc/default.jpg,https://i.ytimg.com/vi/rLCol1C3ouc/mqdefault.jpg,https://i.ytimg.com/vi/rLCol1C3ouc/hqdefault.jpg,,,
aXzVF3XeS8M,Taylor Swift - Love Story (Taylor’s Version) [Official Lyric Video],"Official lyric video for “Love Story” (Taylor’s Version) – off her upcoming Fearless (Taylor’s Version) album. Get the record here: https://taylor.lnk.to/fearlesstaylorsversionYD

❤️‍🔥Stream/download ‘The Life of a Showgirl’ - https://taylor.lnk.to/TSTheLifeofaShowgirlYD

►Shop Merch: http://taylor.lnk.to/store
►Subscribe to Taylor Swift on YouTube: https://ts.lnk.to/subscribe

►Follow Taylor Swift Online:
TikTok: http://tiktok.com/@taylorswift
Instagram: http://instagram.com/taylorswift
Twitter: http://twitter.com/taylorswift13
Snapchat: http://snapchat.com/add/taylorswift
Facebook: http://facebook.com/taylorswift
Tumblr: http://taylorswift.tumblr.com
Website: http://www.taylorswift.com

►Follow Taylor Nation Online:
TikTok: http://tiktok.com/@taylornation
Instagram: http://instagram.com/taylornation
YouTube: https://youtube.com/taylornation
Twitter: http://twitter.com/taylornation13
Tumblr: http://taylornation.tumblr.com

#taylorswift #lovestorytaylorsversion #fearlesstaylorsversion

© 2021 Taylor Swift",2021-02-12 05:00:00+00:00,PT4M1S,72004775,1550981,92197,https://i.ytimg.com/vi/aXzVF3XeS8M/default.jpg,https://i.ytimg.com/vi/aXzVF3XeS8M/mqdefault.jpg,https://i.ytimg.com/vi/aXzVF3XeS8M/hqdefault.jpg,,,
tMhiHrL7rPE,Taylor Swift - Hey Stephen (Taylor's Version) (Lyric Video),"Official lyric video for “Hey Stephen” (Taylor’s Version) – off her Fearless (Taylor’s Version) album. Get the album here: https://taylor.lnk.to/fearlesstaylorsversion. 


►Subscribe to Taylor Swift on YouTube: https://ts.lnk.to/subscribe 
 
►Exclusive Merch: http://taylorswift.lnk.to/store

►Follow Taylor Swift online:
Instagram: http://instagram.com/taylorswift  
Facebook: http://facebook.com/taylorswift  
Tumblr: http://taylorswift.tumblr.com  
Twitter: http://twitter.com/taylorswift13  
Snapchat: http://snapchat.com/add/taylorswift
Website: http://www.taylorswift.com  

►Follow Taylor Nation Online
Instagram: http://instagram.com/taylornation  
Tumblr: http://taylornation.tumblr.com  
Twitter: http://twitter.com/taylornation13
TikTok: http://tiktok.com/@taylornation

Official Lyrics:
 
Hey Stephen, I know looks can be deceiving but I know I saw a light in you 
And as we walked we were talking I didn’t say half the things I wanted to 
Of all the girls tossing rocks at your window I’ll be the one waiting there even when it’s cold Hey Stephen, boy you might have me believing 
I don’t always have to be alone 

Cause I can’t help it if you look like an angel 
Can’t help it if I wanna kiss you in the rain so 
Come feel this magic I’ve been feeling since I met you 
Can’t help it if there’s no one else 
I can’t help myself 

Hey Stephen, I’ve been holding back this feeling so I’ve got some things to say to you 
I’ve seen it all so I thought but I never seen nobody shine the way you do 
The way you walk, way you talk, way you say my name 
It’s beautiful, wonderful don’t you ever change 
Hey Stephen, why are people always leaving I think you and I should stay the same 

Repeat chorus 

They’re dimming the street lights, you’re perfect for me why aren’t you here tonight 
I’m waiting alone now so come on and come out and pull me near 
And shine, shine, shine 

Hey Stephen, I could give you fifty reasons why I should be the one you choose 
All those other girls, well they’re beautiful but would they write a song for you 

I can’t help it if you look like an angel 
Can’t help it if I wanna kiss you in the rain so
Come feel this magic I’ve been feeling since I met you 
Can’t help it if there’s no one else 
I can’t help myself

If you look like an angel 
Can’t help it if I wanna kiss you in the rain so 
Come feel this magic I’ve been feeling since I met you 
Can’t help it if there’s no one else 
I can’t help myself 
Myself, can’t help myself 
I can’t help myself 

#taylorswift #heystephen #fearlesstaylorsversion",2021-04-09 04:00:23+00:00,PT4M17S,9810752,170747,5705,https://i.ytimg.com/vi/tMhiHrL7rPE/default.jpg,https://i.ytimg.com/vi/tMhiHrL7rPE/mqdefault.jpg,https://i.ytimg.com/vi/tMhiHrL7rPE/hqdefault.jpg,,,
9-rKvhsjwKU,Taylor Swift - White Horse (Taylor's Version) (Lyric Video),"Official lyric video for “White Horse” (Taylor’s Version) – off her Fearless (Taylor’s Version) album. Get the album here: https://taylor.lnk.to/fearlesstaylorsversion. 

❤️‍🔥Stream/download ‘The Life of a Showgirl’: https://taylor.lnk.to/TSTheLifeofaShowgirlYD

►Subscribe to Taylor Swift on YouTube: https://ts.lnk.to/subscribe
►Shop Merch: http://taylorswift.lnk.to/store

►Follow Taylor Swift Online: 
TikTok: http://tiktok.com/@taylorswift 
Instagram: http://instagram.com/taylorswift 
Twitter: http://twitter.com/taylorswift13 
Snapchat: http://snapchat.com/add/taylorswift 
Facebook: http://facebook.com/taylorswift 
Tumblr: http://taylorswift.tumblr.com 
Website: http://www.taylorswift.com 

►Follow Taylor Nation Online:
TikTok: http://tiktok.com/@taylornation
Instagram: http://instagram.com/taylornation 
Twitter: http://twitter.com/taylornation13
Tumblr: http://taylornation.tumblr.com

Official Lyrics:
 
Say you’re sorry, that face of an angel 
Comes out just when you need it to 
As I paced back and forth all this time 
Cause I honestly believed in you 
Holding on the days drag on 
Stupid girl, I should’ve known 
I should’ve known, that 

I’m not a princess, this ain’t a fairytale 
I’m not the one you’ll sweep off her feet 
Lead her up the stairwell 
This ain’t Hollywood, this is a small town 
I was a dreamer before you went and let me down 
Now it’s too late for you and your white horse 
To come around 

Maybe I was naïve, got lost in your eyes 
And never really had a chance 
Well, my mistake, I didn’t know to be in love 
You had to fight to have the upper hand 
I had so many dreams about you and me 
Happy endings, well now I know 

Repeat chorus 

And there you are on your knees 
Begging for forgiveness, begging for me 
Just like I always wanted, but I’m so sorry. . . 

Cause I’m not your princess, this ain’t our fairytale 
I’m gonna find someone someday 
Who might actually treat me well 
This is a big world, that was a small town 
There in my rearview mirror disappearing now 
And it’s too late for you and your white horse 
Now it’s too late for you and your white horse 
To catch me now 

Oh, try and catch me now 
Oh, it’s too late to catch me now

#taylorswift #whitehorse #fearlesstaylorsversion",2021-04-09 04:00:00+00:00,PT3M59S,16240876,228798,8168,https://i.ytimg.com/vi/9-rKvhsjwKU/default.jpg,https://i.ytimg.com/vi/9-rKvhsjwKU/mqdefault.jpg,https://i.ytimg.com/vi/9-rKvhsjwKU/hqdefault.jpg,,,
vwp8Ur6tO-8,Taylor Swift - You Belong With Me (Taylor's Version) (Lyric Video),"Official lyric video for “You Belong With Me” (Taylor’s Version) – off her album Fearless (Taylor’s Version). Get the record here: https://taylor.lnk.to/fearlesstaylorsversionYD

❤️‍🔥Stream/download ‘The Life of a Showgirl’ - https://taylor.lnk.to/TSTheLifeofaShowgirlYD

►Shop Merch: http://taylor.lnk.to/store
►Subscribe to Taylor Swift on YouTube: https://ts.lnk.to/subscribe

►Follow Taylor Swift Online:
TikTok: http://tiktok.com/@taylorswift
Instagram: http://instagram.com/taylorswift
Twitter: http://twitter.com/taylorswift13
Snapchat: http://snapchat.com/add/taylorswift
Facebook: http://facebook.com/taylorswift
Tumblr: http://taylorswift.tumblr.com
Website: http://www.taylorswift.com

►Follow Taylor Nation Online:
TikTok: http://tiktok.com/@taylornation
Instagram: http://instagram.com/taylornation
YouTube: https://youtube.com/taylornation
Twitter: http://twitter.com/taylornation13
Tumblr: http://taylornation.tumblr.com

#TaylorSwift #YouBelongWithMe

►Official Lyrics:

You’re on the phone with your girlfriend 
She’s upset, she’s going off about something that you said 
Cause she doesn’t get your humor like I do 

I’m in my room it’s a typical Tuesday night
I’m listening to the kind of music she doesn’t like 
And she’ll never know your story like I do 

Cause she wears short skirts, I wear t-shirts 
She’s cheer captain and I’m on the bleachers 
Dreaming ‘bout the day when you wake up and find 
That what you’re looking for has been here the whole time 

If you could see that I’m the one who understands you 
Been here all along so why can’t you see 
You belong with me
 You belong with me 

Walk in the streets with you in your worn out jeans 
I can’t help thinking this is how it ought to be 
Laughing on a park bench thinking to myself, hey isn’t this easy 

And you’ve got a smile that could light up this whole town 
I haven’t seen it in a while since she brought you down 
You say you’re fine I know you better than that 
Hey what you doing with a girl like that 

She wears high heels, I wear sneakers 
She’s cheer captain and I’m on the bleachers 
Dreaming ‘bout the day when you wake up and find 
That what you’re looking for has been here the whole time 

If you could see that I’m the one who understands you 
Been here all along so why can’t you see 
You belong with me 
Standing by waiting at your back door 
All this time how could you not know baby 
You belong with me 
You belong with me 

Oh I remember you driving to my house in the middle of the night 
I’m the one who makes you laugh when you know you’re ‘bout to cry 
I know your favorite songs and you tell me about your dreams 
I think I know where you belong, I think I know it’s with me 

Can’t you see that I’m the one who understands you 
Been here all along so why can’t you see 
You belong with me 
Standing by waiting at your back door 
All this time how could you not know baby 
You belong with me 
You belong with me 
You belong with me 
Have you ever thought just maybe 
You belong with me 
You belong with me",2021-04-09 04:00:12+00:00,PT3M53S,64268060,627424,15432,https://i.ytimg.com/vi/vwp8Ur6tO-8/default.jpg,https://i.ytimg.com/vi/vwp8Ur6tO-8/mqdefault.jpg,https://i.ytimg.com/vi/vwp8Ur6tO-8/hqdefault.jpg,,,
qsUK-BG5OQQ,Taylor Swift - Breathe (Taylor's Version) (Lyric Video) ft. Colbie Caillat,"Official lyric video for “Breathe” (feat. Colbie Caillat) (Taylor’s Version) – off her Fearless (Taylor’s Version) album. Get the album here: https://taylor.lnk.to/fearlesstaylorsversion. 

Get tickets to Taylor Swift | The Eras Tour concert film in theaters October 13: http://taylor.lnk.to/TSTheErasTourFilm

►Subscribe to Taylor Swift on YouTube: https://ts.lnk.to/subscribe 
 
►Exclusive Merch: http://taylorswift.lnk.to/store

►Follow Taylor Swift online:
Instagram: http://instagram.com/taylorswift  
Facebook: http://facebook.com/taylorswift  
Tumblr: http://taylorswift.tumblr.com  
Twitter: http://twitter.com/taylorswift13  
Snapchat: http://snapchat.com/add/taylorswift
Website: http://www.taylorswift.com  

►Follow Taylor Nation Online
Instagram: http://instagram.com/taylornation  
Tumblr: http://taylornation.tumblr.com  
Twitter: http://twitter.com/taylornation13
TikTok: http://tiktok.com/@taylornation

Official Lyrics:
 
I see your face in my mind as I drive away 
Cause none of us thought it was gonna end that way 
People are people and sometimes we change our minds 
But it’s killing me to see you go after all this time 

Mmm . . . mmm . . . mmm . . . mmm . . . mmm . . . mmm . . . 
Mmm . . . mmm . . . mmm . . . mmm . . . mmm . . . mmm . . . 

Music starts playing like the end of a sad movie 
It’s the kinda ending you don’t really wanna see 
Cause it’s tragedy and it’ll only bring you down 
Now I don’t know what to be without you around 

And we know it’s never simple, never easy 
Never a clean break, no one here to save me 
You’re the only thing I know like the back of my hand 
And I can’t breathe without you, but I have to 
Breathe without you, but I have to 

Never wanted this, never want to see you hurt 
Every little bump in the road, I tried to swerve 
But people are people and sometimes it doesn’t work out 
And nothing we say is gonna save us from the fallout 

Repeat chorus 

It’s 2am, feeling like I just lost a friend 
Hope you know it’s not easy, easy for me 
It’s 2am, feeling like I just lost a friend 
I hope you know this ain’t easy, easy for me 

And we know it’s never simple, never easy 
Never a clean break, no one here to save me 
Oh, I can’t breathe without you, but I have to
Breathe without you, but I have to 
Breathe without you, but I have to 

I’m sorry
I’m sorry 
I’m sorry 
I’m sorry 
I’m sorry
I’m sorry 
I’m sorry

#taylorswift #colbiecaillat #breathe #fearlesstaylorsversion",2021-04-09 04:00:30+00:00,PT4M26S,10526962,163241,5366,https://i.ytimg.com/vi/qsUK-BG5OQQ/default.jpg,https://i.ytimg.com/vi/qsUK-BG5OQQ/mqdefault.jpg,https://i.ytimg.com/vi/qsUK-BG5OQQ/hqdefault.jpg,,,
cwFbq-70EwE,Taylor Swift - Tell Me Why (Taylor's Version) (Lyric Video),"Official lyric video for “Tell Me Why” (Taylor’s Version) – off her Fearless (Taylor’s Version) album. Get the album here: https://taylor.lnk.to/fearlesstaylorsversion. 

►Subscribe to Taylor Swift on YouTube: https://ts.lnk.to/subscribe 
 
►Exclusive Merch: http://taylorswift.lnk.to/store

►Follow Taylor Swift online:
Instagram: http://instagram.com/taylorswift  
Facebook: http://facebook.com/taylorswift  
Tumblr: http://taylorswift.tumblr.com  
Twitter: http://twitter.com/taylorswift13  
Snapchat: http://snapchat.com/add/taylorswift
Website: http://www.taylorswift.com  

►Follow Taylor Nation Online
Instagram: http://instagram.com/taylornation  
Tumblr: http://taylornation.tumblr.com  
Twitter: http://twitter.com/taylornation13
TikTok: http://tiktok.com/@taylornation

Official Lyrics:
 
I took a chance, I took a shot 
And you might think I’m bulletproof, but I’m not 
You took a swing, I took it hard 
And down here from the ground I see who you are 

I’m sick and tired of your attitude 
I’m feeling like I don’t know you 
You tell me that you love me then cut me down 
And I need you like a heartbeat 
But you know you got a mean streak 
Makes me run for cover when you’re around 
Here’s to you and your temper 
Yes, I remember what you said last night 
I know that you see what you’re doing to me 
Tell me why 

Well you could write a book on how to ruin someone’s perfect day 
Well I get so confused and frustrated 
Forget what I’m trying to say, oh 

I’m sick and tired of your reasons 
I got no one to believe in 
You tell me that you want me, then push me around 
And I need you like a heartbeat 
But you know you got a mean streak 
Makes me run for cover when you’re around 
Here’s to you and your temper 
Yes, I remember what you said last night 
And I know that you see what you’re doing to me 
Tell me why 

Why…do you have to make me feel small 
So you can feel whole inside? 
Why…do you have to put down my dreams 
So you’re the only thing on my mind? 

Well, I’m sick and tired of your attitude 
Feeling like I don’t know you 
You tell me that you want me then cut me down 
I’m sick and tired of your reasons 
I’ve got no one to believe in 
You ask me for my love then you push me around 
Here’s to you and your temper 
Yes, I remember what you said last night 
And I know that you see what you’re doing to me 
Tell me why 
Why, tell me why, oh 

I take a step back, let you go 
I told you I’m not bulletproof 
Now you know

#taylorswift #tellmewhy #fearlesstaylorsversion",2021-04-09 04:00:25+00:00,PT3M22S,4174903,92767,2372,https://i.ytimg.com/vi/cwFbq-70EwE/default.jpg,https://i.ytimg.com/vi/cwFbq-70EwE/mqdefault.jpg,https://i.ytimg.com/vi/cwFbq-70EwE/hqdefault.jpg,,,
DNaSlUYIXBg,Taylor Swift - You're Not Sorry (Taylor's Version) (Lyric Video),"Official lyric video for “You’re Not Sorry” (Taylor’s Version) – off her Fearless (Taylor’s Version) album. Get the album here: https://taylor.lnk.to/fearlesstaylorsversion. 

Stream/download ‘The Life of a Showgirl’: https://taylor.lnk.to/TSTheLifeofaShowgirlYD

►Subscribe to Taylor Swift on YouTube: https://ts.lnk.to/subscribe 
 
►Exclusive Merch: http://taylorswift.lnk.to/store

►Follow Taylor Swift online:
Instagram: http://instagram.com/taylorswift  
Facebook: http://facebook.com/taylorswift  
Tumblr: http://taylorswift.tumblr.com  
Twitter: http://twitter.com/taylorswift13  
Snapchat: http://snapchat.com/add/taylorswift
Website: http://www.taylorswift.com  

►Follow Taylor Nation Online
Instagram: http://instagram.com/taylornation  
Tumblr: http://taylornation.tumblr.com  
Twitter: http://twitter.com/taylornation13
TikTok: http://tiktok.com/@taylornation

Official Lyrics:
 
All this time I was wasting hoping you would come around 
I’ve been giving out chances every time 
And all you do is let me down 
And it’s taken me this long baby but I figured you out 
And you’re thinking we’ll be fine again but not this time around 

You don’t have to call anymore 
I won’t pick up the phone 
This is the last straw 
Don’t wanna to hurt anymore 
And you can tell me that you’re sorry 
But I don’t believe you baby 
Like I did before 
You’re not sorry. . .no, no, no, no 

You’re looking so innocent
 I might believe you if I didn’t know 
Could’ve loved you all my life 
If you hadn’t left me waiting in the cold 
And you got your share of secrets 
And I’m tired of being last to know 
And now you’re asking me to listen cause it’s worked each time before 

But you don’t have to call anymore I won’t pick up the phone 
This is the last straw 
Don’t wanna hurt anymore 
And you can tell me that you’re sorry 
But I don’t believe you baby 
Like I did before 
You’re not sorry. . .no, no 
You’re not sorry. . .no, no 

You had me crawling for you honey 
And it never would’ve gone away no 
You used to shine so bright but I watched all of it fade 

So you don’t have to call anymore 
I won’t pick up the phone 
This is the last straw 
There’s nothing left to beg for 
And you can tell me that you’re sorry 
But I don’t believe you baby 
Like I did before 
You’re not sorry. . .no, no 
You’re not sorry. . .no, no 
No, no, no, no 
No, no, no, no 
No, no, no, no

#taylorswift #yourenotsorry #fearlesstaylorsversion",2021-04-09 04:00:03+00:00,PT4M23S,10387095,181903,5082,https://i.ytimg.com/vi/DNaSlUYIXBg/default.jpg,https://i.ytimg.com/vi/DNaSlUYIXBg/mqdefault.jpg,https://i.ytimg.com/vi/DNaSlUYIXBg/hqdefault.jpg,,,
DlexmDDSDZ0,Taylor Swift - The Way I Loved You (Taylor's Version) (Lyric Video),"Official lyric video for “The Way I Loved You” (Taylor’s Version) – off her Fearless (Taylor’s Version) album. Get the album here: https://taylor.lnk.to/fearlesstaylorsversion. 

►Subscribe to Taylor Swift on YouTube: https://ts.lnk.to/subscribe 
 
►Exclusive Merch: http://taylorswift.lnk.to/store

►Follow Taylor Swift online:
Instagram: http://instagram.com/taylorswift  
Facebook: http://facebook.com/taylorswift  
Tumblr: http://taylorswift.tumblr.com  
Twitter: http://twitter.com/taylorswift13  
Snapchat: http://snapchat.com/add/taylorswift
Website: http://www.taylorswift.com  

►Follow Taylor Nation Online
Instagram: http://instagram.com/taylornation  
Tumblr: http://taylornation.tumblr.com  
Twitter: http://twitter.com/taylornation13
TikTok: http://tiktok.com/@taylornation

Official Lyrics:
 
He is sensible and so incredible 
And all my single friends are jealous 
He says everything I need to hear and it's like 
I couldn't ask for anything better 
He opens up my door and I get into his car 
And he says you look beautiful tonight 
And I feel perfectly fine 

But I miss screaming and fighting and kissing in the rain 
And it’s 2am and I'm cursing your name 
So in love that you act insane 
And that's the way I loved you 
Breaking down and coming undone 
It's a roller coaster kinda rush A
nd I never knew I could feel that much
And that’s the way I loved you 

He respects my space 
And never makes me wait 
And he calls exactly when he says he will 
He's close to my mother 
Talks business with my father 
He's charming and endearing 
And I'm comfortable 

Repeat chorus 

He can't see the smile I'm faking 
And my heart's not breaking 
Cause I'm not feeling anything at all 
And you were wild and crazy 
Just so frustrating intoxicating 
Complicated, got away by some mistake and now

I miss screaming and fighting and kissing in the rain 
It's 2am and I'm cursing your name 
So in love that I acted insane 
And that's the way I loved you 
Breaking down and coming undone 
It's a roller coaster kinda rush 
And I never knew I could feel that much 
And that's the way I loved you oh, oh 
And that’s the way I loved you oh, oh 
Never knew I could feel that much 
That's the way I loved you

#taylorswift #thewayilovedyou #fearlesstaylorsversion",2021-04-09 04:00:04+00:00,PT4M6S,106388599,740780,9890,https://i.ytimg.com/vi/DlexmDDSDZ0/default.jpg,https://i.ytimg.com/vi/DlexmDDSDZ0/mqdefault.jpg,https://i.ytimg.com/vi/DlexmDDSDZ0/hqdefault.jpg,,,
T-41vMWQTUA,Taylor Swift - Forever & Always (Taylor's Version) (Lyric Video),"Official lyric video for “Forever & Always” (Taylor’s Version) – off her Fearless (Taylor’s Version) album. Get the album here: https://taylor.lnk.to/fearlesstaylorsversion. 


►Subscribe to Taylor Swift on YouTube: https://ts.lnk.to/subscribe 
 
►Exclusive Merch: http://taylorswift.lnk.to/store

►Follow Taylor Swift online:
Instagram: http://instagram.com/taylorswift  
Facebook: http://facebook.com/taylorswift  
Tumblr: http://taylorswift.tumblr.com  
Twitter: http://twitter.com/taylorswift13  
Snapchat: http://snapchat.com/add/taylorswift
Website: http://www.taylorswift.com  

►Follow Taylor Nation Online
Instagram: http://instagram.com/taylornation  
Tumblr: http://taylornation.tumblr.com  
Twitter: http://twitter.com/taylornation13
TikTok: http://tiktok.com/@taylornation

Official Lyrics:
 
Once upon a time 
I believe it was a Tuesday when I caught your eye 
And we caught onto something 
I hold onto the night 
You looked me in the eye and told me you loved me 

Were you just kidding? 
Cause it seems to me, this thing is breaking down 
We almost never speak 
I don't feel welcome anymore 
Baby what happened, please tell me 

Cause one second it was perfect 
Now you're halfway out the door 
And I stare at the phone, he still hasn't called 
And then you feel so low you can't feel nothing at all 
And you flash back to when he said forever and always 
Oh, and it rains in your bedroom 
Everything is wrong 
It rains when you're here and it rains when you're gone 
Cause I was there when you said forever and always 

Was I out of line? 
Did I say something way too honest? 
Made you run and hide Like a scared little boy 
I looked into your eyes 
Thought I knew you for a minute, now I'm not so sure 
So here's to everything coming down to nothing 
Here's to silence that cuts me to the core 
Where is this going? 
Thought I knew for a minute, but I don't anymore 

Repeat chorus 

You didn't mean it baby 
I don't think so 

Oh back up, baby, back up 
Did you forget everything? 
Back up, baby, back up 
Did you forget everything? 

Cause it rains in your bedroom 
Everything is wrong 
It rains when you're here and it rains when you're gone 
Cause I was there when you said forever and always 
Oh, I stare at the phone, he still hasn't called 
And then you feel so low you can't feel nothing at all 
And you flash back to when we said forever and always 
And it rains in your bedroom 
Everything is wrong 
It rains when you're here and it rains when you're gone 
Cause I was there when you said forever and always 
You didn’t mean it baby 
You said forever and always, yeah

#taylorswift #foreverandalways #fearlesstaylorsversion",2021-04-09 04:00:06+00:00,PT3M46S,7302151,135342,3344,https://i.ytimg.com/vi/T-41vMWQTUA/default.jpg,https://i.ytimg.com/vi/T-41vMWQTUA/mqdefault.jpg,https://i.ytimg.com/vi/T-41vMWQTUA/hqdefault.jpg,,,
KZeI9I875Ig,Taylor Swift - The Best Day (Taylor's Version) (Lyric Video),"Official lyric video for “The Best Day” (Taylor’s Version) – off her Fearless (Taylor’s Version) album. Get the album here: https://taylor.lnk.to/fearlesstaylorsversion. 

Get tickets to Taylor Swift | The Eras Tour concert film in theaters October 13: http://taylor.lnk.to/TSTheErasTourFilm

►Subscribe to Taylor Swift on YouTube: https://ts.lnk.to/subscribe 
 
►Exclusive Merch: http://taylorswift.lnk.to/store

►Follow Taylor Swift online:
Instagram: http://instagram.com/taylorswift  
Facebook: http://facebook.com/taylorswift  
Tumblr: http://taylorswift.tumblr.com  
Twitter: http://twitter.com/taylorswift13  
Snapchat: http://snapchat.com/add/taylorswift
Website: http://www.taylorswift.com  

►Follow Taylor Nation Online
Instagram: http://instagram.com/taylornation  
Tumblr: http://taylornation.tumblr.com  
Twitter: http://twitter.com/taylornation13
TikTok: http://tiktok.com/@taylornation

Official Lyrics:
 
I’m five years old it’s getting cold I’ve got my big coat on 
I hear your laugh and look up smiling at you I run and run 
Past the pumpkin patch and the tractor rides look now the sky is gold 
I hug your legs and fall asleep on the way home 

I don’t know why all the trees change in the fall 
But I know you’re not scared of anything at all 
Don't know if Snow White's house is near or far away 
But I know I had the best day with you today 

I’m thirteen now and don’t know how my friends could be so mean
 I come home crying and you hold me tight and grab the keys 
And we drive and drive until we found a town far enough away 
And we talk and window shop till I’ve forgotten all their names 

I don’t know who I’m gonna talk to now at school 
But I know I’m laughing on the car ride home with you 
Don’t know how long it’s gonna take to feel ok 
But I know I had the best day with you today 

I have an excellent father 
His strength is making me stronger 
God smiles on my little brother 
Inside and out he’s better than I am 

I grew up in a pretty house and I had space to run 
And I had the best days with you 

There is a video I found from back when I was three 
You set up a paint set in the kitchen and you’re talking to me 
It’s the age of princesses and pirate ships and the seven dwarfs 
Daddy’s smart and you’re the prettiest lady in the whole wide world 

Now I know why all the trees change in the fall 
I know you were on my side even when I was wrong 
And I love you for giving me your eyes 
For staying back and watching me shine and I didn't know if you knew 
So I’m taking this chance to say that I had the best day with you today

#taylorswift #thebestday #fearlesstaylorsversion",2021-04-09 04:00:05+00:00,PT4M9S,9233656,221180,8266,https://i.ytimg.com/vi/KZeI9I875Ig/default.jpg,https://i.ytimg.com/vi/KZeI9I875Ig/mqdefault.jpg,https://i.ytimg.com/vi/KZeI9I875Ig/hqdefault.jpg,,,
jwWR1cQTKyw,Taylor Swift - Change (Taylor's Version) (Lyric Video),"Official lyric video for “Change” (Taylor’s Version) – off her Fearless (Taylor’s Version) album. Get the album here: https://taylor.lnk.to/fearlesstaylorsversion. 

►Subscribe to Taylor Swift on YouTube: https://ts.lnk.to/subscribe 
 
►Exclusive Merch: http://taylorswift.lnk.to/store

►Follow Taylor Swift online:
Instagram: http://instagram.com/taylorswift  
Facebook: http://facebook.com/taylorswift  
Tumblr: http://taylorswift.tumblr.com  
Twitter: http://twitter.com/taylorswift13  
Snapchat: http://snapchat.com/add/taylorswift
Website: http://www.taylorswift.com  

►Follow Taylor Nation Online
Instagram: http://instagram.com/taylornation  
Tumblr: http://taylornation.tumblr.com  
Twitter: http://twitter.com/taylornation13
TikTok: http://tiktok.com/@taylornation

Official Lyrics:
 
Well it’s a sad picture, the final blow hits you 
Somebody else gets what you wanted again 
You know it’s all the same, another time and place 
Repeating history and you’re getting sick of it 
But I believe in whatever you do 
And I’ll do anything to see it through 

Because these things will change
 Can you feel it now? 
These walls that they put up to hold us back will fall down
This revolution, the time will come 
For us to finally win 
And we’ll sing hallelujah, we’ll sing hallelujah 
Oh, oh 

So we’ve been outnumbered 
Raided and now cornered 
It’s hard to fight when the fight ain’t fair 
We’re getting stronger now 
Find things they never found 
They might be bigger 
But we’re faster and never scared 
You can walk away, say we don’t need this 
But there’s something in your eyes 
Says we can beat this 

Repeat chorus 

Tonight we’ll stand, get off our knees 
Fight for what we’ve worked for all these years 
And the battle was long, it’s the fight of our lives 
But we’ll stand up champions tonight 

It was the night things changed 
Can you see it now? 
When the walls that they put up to hold us back fell down 
It’s a revolution, throw your hands up 
Cause we never gave in 
And we’ll sing hallelujah, we sang hallelujah 
Hallelujah

#taylorswift #change #fearlesstaylorsversion",2021-04-09 04:00:28+00:00,PT4M39S,3967100,93397,3406,https://i.ytimg.com/vi/jwWR1cQTKyw/default.jpg,https://i.ytimg.com/vi/jwWR1cQTKyw/mqdefault.jpg,https://i.ytimg.com/vi/jwWR1cQTKyw/hqdefault.jpg,,,
vUHDR6Rg3Y4,Taylor Swift - Jump Then Fall (Taylor's Version) (Lyric Video),"Official lyric video for “Jump Then Fall” (Taylor’s Version) – off her Fearless (Taylor’s Version) album. Get the album here: https://taylor.lnk.to/fearlesstaylorsversion. 

►Subscribe to Taylor Swift on YouTube: https://ts.lnk.to/subscribe 
 
►Exclusive Merch: http://taylorswift.lnk.to/store

►Follow Taylor Swift online:
Instagram: http://instagram.com/taylorswift  
Facebook: http://facebook.com/taylorswift  
Tumblr: http://taylorswift.tumblr.com  
Twitter: http://twitter.com/taylorswift13  
Snapchat: http://snapchat.com/add/taylorswift
Website: http://www.taylorswift.com  

►Follow Taylor Nation Online
Instagram: http://instagram.com/taylornation  
Tumblr: http://taylornation.tumblr.com  
Twitter: http://twitter.com/taylornation13
TikTok: http://tiktok.com/@taylornation

Official Lyrics:

I like the way you sound in the morning 
We’re on the phone and without a warning 
I realize your laugh is the best sound I have ever heard 
I like the way I can’t keep my focus 
I watch you talk, you didn’t notice 
I hear the words but all I can think is we should be together 

Every time you smile, I smile 
And every time you shine, I’ll shine for you 

Whoa I’m feeling you baby 
Don’t be afraid to jump then fall, jump then fall into me 
Baby I’m never gonna leave you 
Say that you wanna be with me too 
Cause I’m gonna stay through it all so jump then fall 

Well I like the way your hair falls in your face 
You got the keys to me, I love each freckle on your face 
Oh I’ve never been so wrapped up honey 
I like the way you’re everything I’ve ever wanted 
I had time to think it over and all I can say is come closer 
Take a deep breath and jump then fall into me 

Cause every time you smile, I smile
And every time you shine, I’ll shine for you 

Repeat chorus 

The bottom’s gonna drop out from under our feet
I’ll catch you, I’ll catch you 
When people say things that bring you to your knees, I’ll catch you 
The time is gonna come when you’re so mad you could cry 
But I’ll hold you through the night until you smile 

Whoa I need you baby 
Don’t be afraid please jump then fall, jump then fall into me 
Baby I’m never gonna leave you 
Say that you wanna be with me too 
Cause I’m gonna stay through it all so jump then fall 
Jump then fall baby 
Jump then fall into me, into me 

And every time you smile, I smile 
And every time you shine, I’ll shine 
And every time you’re here baby I’ll show you 
I’ll show you you can jump then fall 
Jump then fall Jump then fall into me, into me, yeah

#taylorswift #jumpthenfall #fearlesstaylorsversion",2021-04-09 04:00:27+00:00,PT3M58S,5952202,111100,2939,https://i.ytimg.com/vi/vUHDR6Rg3Y4/default.jpg,https://i.ytimg.com/vi/vUHDR6Rg3Y4/mqdefault.jpg,https://i.ytimg.com/vi/vUHDR6Rg3Y4/hqdefault.jpg,,,
8bNlGwnEUAs,Taylor Swift - Untouchable (Taylor's Version) (Lyric Video),"Official lyric video for “Untouchable” (Taylor’s Version) – off her Fearless (Taylor’s Version) album. Get the album here: https://taylor.lnk.to/fearlesstaylorsversion. 

Stream/download ‘The Life of a Showgirl’: https://taylor.lnk.to/TSTheLifeofaShowgirlYD

►Subscribe to Taylor Swift on YouTube: https://ts.lnk.to/subscribe
►Shop Merch: http://taylorswift.lnk.to/store

►Follow Taylor Swift Online: 
TikTok: http://tiktok.com/@taylorswift 
Instagram: http://instagram.com/taylorswift 
Twitter: http://twitter.com/taylorswift13 
Snapchat: http://snapchat.com/add/taylorswift 
Facebook: http://facebook.com/taylorswift 
Tumblr: http://taylorswift.tumblr.com 
Website: http://www.taylorswift.com 

►Follow Taylor Nation Online 
TikTok: http://tiktok.com/@taylornation
Instagram: http://instagram.com/taylornation 
Twitter: http://twitter.com/taylornation13
Tumblr: http://taylornation.tumblr.com

Official Lyrics:

Untouchable like a distant diamond sky 
I’m reaching out and I just can't tell you why 
I'm caught up in you, I'm caught up in you 
Untouchable burning brighter than the sun 
And when you're close I feel like coming undone 

In the middle of the night when I'm in this dream 
It's like a million little stars spelling out your name 
You gotta c’mon c’mon 
Say that we'll be together 
C’mon c’mon 
Little taste of heaven 

It's half full and I won't wait here all day 
I know you’re saying that you'd be here anyway 
But you’re untouchable burning brighter than the sun 
And now that you're close I feel like coming undone

 In the middle of the night when I'm in this dream 
It's like a million little stars spelling out your name 
You gotta c’mon c’mon 
Say that we’ll be together 
C’mon c’mon, oh 

In the middle of the night waking from this dream 
I wanna feel you by my side standing next to me 
You gotta c’mon c’mon 
Say that we'll be together 
C’mon c’mon 
Little taste of heaven 

I’m caught up in you, oh, oh 

But you’re untouchable burning brighter than the sun 
Now that you're close I feel like coming undone 

In the middle of the night when I'm in this dream 
It's like a million little stars spelling out your name 
You gotta c’mon c’mon 
Say that we’ll be together 
C’mon c’mon, oh 

In the middle of the night when I'm in this dream 
It's like a million little stars spelling out your name 
You gotta c’mon c’mon 
Say that we’ll be together 
C’mon c’mon 
C’mon 

In the middle of the night waking from this dream 
I wanna feel you by my side standing next to me 
You gotta c’mon c’mon 
Say that we'll be together 
C’mon c’mon 
Little taste of heaven 

And in the middle of the night when I'm in this dream 
It's like a million little stars spelling out your name 
You gotta c’mon c’mon, oh 
C’mon c’mon 
C’mon c’mon, oh oh oh oh 

It’s like a million little stars spelling out your name 
Spelling out your name, oh

#taylorswift #untouchable #fearlesstaylorsversion",2021-04-09 04:00:02+00:00,PT5M16S,9889526,139520,4602,https://i.ytimg.com/vi/8bNlGwnEUAs/default.jpg,https://i.ytimg.com/vi/8bNlGwnEUAs/mqdefault.jpg,https://i.ytimg.com/vi/8bNlGwnEUAs/hqdefault.jpg,,,
RcGowZ26sE0,Taylor Swift - Forever & Always (Piano Version) (Taylor's Version) (Lyric Video),"Official lyric video for “Forever & Always” (Piano Version) (Taylor’s Version) – off her Fearless (Taylor’s Version) album. Get the album here: https://taylor.lnk.to/fearlesstaylorsversion. 

Get tickets to Taylor Swift | The Eras Tour concert film in theaters October 13: http://taylor.lnk.to/TSTheErasTourFilm

►Subscribe to Taylor Swift on YouTube: https://ts.lnk.to/subscribe 
 
►Exclusive Merch: http://taylorswift.lnk.to/store

►Follow Taylor Swift online:
Instagram: http://instagram.com/taylorswift  
Facebook: http://facebook.com/taylorswift  
Tumblr: http://taylorswift.tumblr.com  
Twitter: http://twitter.com/taylorswift13  
Snapchat: http://snapchat.com/add/taylorswift
Website: http://www.taylorswift.com  

►Follow Taylor Nation Online
Instagram: http://instagram.com/taylornation  
Tumblr: http://taylornation.tumblr.com  
Twitter: http://twitter.com/taylornation13
TikTok: http://tiktok.com/@taylornation

Official Lyrics:

Once upon a time 
I believe it was a Tuesday when I caught your eye 
And we caught onto something 
I hold onto the night 
You looked me in the eye and told me you loved me 

Were you just kidding? 
Cause it seems to me, this thing is breaking down 
We almost never speak 
I don't feel welcome anymore 
Baby what happened, please tell me 

Cause one second it was perfect 
Now you're halfway out the door 
And I stare at the phone, he still hasn't called 
And then you feel so low you can't feel nothing at all 
And you flash back to when he said forever and always 
Oh, and it rains in your bedroom 
Everything is wrong 
It rains when you're here and it rains when you're gone 
Cause I was there when you said forever and always 

Was I out of line? 
Did I say something way too honest? 
Made you run and hide Like a scared little boy 
I looked into your eyes 
Thought I knew you for a minute, now I'm not so sure 
So here's to everything coming down to nothing 
Here's to silence that cuts me to the core 
Where is this going? 
Thought I knew for a minute, but I don't anymore 

Repeat chorus 

You didn't mean it baby 
I don't think so 

Oh back up, baby, back up 
Did you forget everything? 
Back up, baby, back up 
Did you forget everything? 

Cause it rains in your bedroom 
Everything is wrong 
It rains when you're here and it rains when you're gone 
Cause I was there when you said forever and always 

Oh, I stare at the phone, he still hasn't called 
And then you feel so low you can't feel nothing at all 
And you flash back to when we said forever and always 
And it rains in your bedroom 
Everything is wrong 
It rains when you're here and it rains when you're gone 
Cause I was there when you said forever and always 
You didn’t mean it baby 
You said forever and always, yeah

#taylorswift #foreverandalways #fearlesstaylorsversion",2021-04-09 04:00:14+00:00,PT4M32S,3126079,85239,2683,https://i.ytimg.com/vi/RcGowZ26sE0/default.jpg,https://i.ytimg.com/vi/RcGowZ26sE0/mqdefault.jpg,https://i.ytimg.com/vi/RcGowZ26sE0/hqdefault.jpg,,,
ePjcjLRHPOo,Taylor Swift - Come In With The Rain (Taylor's Version) (Lyric Video),"Official lyric video for “Come In With The Rain” (Taylor’s Version) – off her Fearless (Taylor’s Version) album. Get the album here: https://taylor.lnk.to/fearlesstaylorsversion. 

►Subscribe to Taylor Swift on YouTube: https://ts.lnk.to/subscribe 
 
►Exclusive Merch: http://taylorswift.lnk.to/store

►Follow Taylor Swift online:
Instagram: http://instagram.com/taylorswift  
Facebook: http://facebook.com/taylorswift  
Tumblr: http://taylorswift.tumblr.com  
Twitter: http://twitter.com/taylorswift13  
Snapchat: http://snapchat.com/add/taylorswift
Website: http://www.taylorswift.com  

►Follow Taylor Nation Online
Instagram: http://instagram.com/taylornation  
Tumblr: http://taylornation.tumblr.com  
Twitter: http://twitter.com/taylornation13
TikTok: http://tiktok.com/@taylornation

Official Lyrics:

I could go back to every laugh 
But I don’t wanna go there anymore 
And I know all the steps up to your door 
But I don’t wanna go there anymore 

Talk to the wind, talk to the sky 
Talk to the man with the reasons why 
And let me know what you find 
I’ll leave my window open 
Cause I’m too tired at night to call your name 
Just know I’m right here hoping 
That you’ll come in with the rain 

I could stand up and sing you a song 
But I don’t wanna have to go that far 
And I, I’ve got you down 
I know you by heart and you don’t even know where I start 

Talk to yourself, talk to the tears
 Talk to the man who put you here 
And don’t wait for the sky to clear 

I’ll leave my window open 
Cause I’m too tired at night to call your name 
Just know I’m right here hoping 
That you’ll come in with the rain 

I’ve watched you so long, screamed your name 
I don’t know what else I can say 

I’ll leave my window open 
Cause I’m too tired at night for all these games 
Just know I’m right here hoping 
That you’ll come in with the rain 

I could go back to every laugh 
But I don’t wanna go there anymore

#taylorswift #comeinwiththerain #fearlesstaylorsversion",2021-04-09 04:00:08+00:00,PT3M58S,2351825,67752,2594,https://i.ytimg.com/vi/ePjcjLRHPOo/default.jpg,https://i.ytimg.com/vi/ePjcjLRHPOo/mqdefault.jpg,https://i.ytimg.com/vi/ePjcjLRHPOo/hqdefault.jpg,,,
IsCik8wznlU,Taylor Swift - Superstar (Taylor's Version) (Lyric Video),"Official lyric video for “Superstar” (Taylor’s Version) – off her Fearless (Taylor’s Version) album. Get the album here: https://taylor.lnk.to/fearlesstaylorsversion. 

►Subscribe to Taylor Swift on YouTube: https://ts.lnk.to/subscribe 
 
►Exclusive Merch: http://taylorswift.lnk.to/store

►Follow Taylor Swift online:
Instagram: http://instagram.com/taylorswift  
Facebook: http://facebook.com/taylorswift  
Tumblr: http://taylorswift.tumblr.com  
Twitter: http://twitter.com/taylorswift13  
Snapchat: http://snapchat.com/add/taylorswift
Website: http://www.taylorswift.com  

►Follow Taylor Nation Online
Instagram: http://instagram.com/taylornation  
Tumblr: http://taylornation.tumblr.com  
Twitter: http://twitter.com/taylornation13
TikTok: http://tiktok.com/@taylornation

Official Lyrics:

This is wrong but I can’t help but feel like 
There ain’t nothin’ more right babe 
Misty morning comes again and I can’t 
Help but wish I could see your face 
I knew from the first note played 
I’d be breaking all my rules to see you 
You smile that beautiful smile and all the girls in the front row 
Scream your name 

So dim that spotlight, tell me things like 
I can’t keep my eyes off of you 
I’m no one special, just another wide eyed girl 
Who’s desperately in love with you
 Give me a photograph to hang on my wall 
Superstar 

Morning loneliness 
Comes around when I’m not dreaming about you 
But when my world wakes up today 
You’ll be in another town 
And I knew when I saw your face 
I’d be counting down the ways to see you 
You smile that beautiful smile and all the girls in the front row 
Scream your name 

So dim that spotlight, tell me things like 
I can’t take my eyes off of you 
I’m no one special, just another wide eyed girl 
Who’s desperately in love with you 
Give me a photograph to hang on my wall 
Superstar 

You played in bars, you play guitar 
I’m invisible and everyone knows who you are 
And you’ll never see you sing me to sleep 
Every night from the radio 

Repeat 2nd chorus 
Sweet, sweet superstar 
Superstar

#taylorswift #superstar #fearlesstaylorsversion",2021-04-09 04:00:05+00:00,PT4M24S,2514233,70885,3060,https://i.ytimg.com/vi/IsCik8wznlU/default.jpg,https://i.ytimg.com/vi/IsCik8wznlU/mqdefault.jpg,https://i.ytimg.com/vi/IsCik8wznlU/hqdefault.jpg,,,
425n1NoRtgA,Taylor Swift - The Other Side Of The Door (Taylor’s Version) (Lyric Video),"Official lyric video for “The Other Side Of The Door” (Taylor’s Version) – off her Fearless (Taylor’s Version) album. Get the album here: https://taylor.lnk.to/fearlesstaylorsversion. 

Stream/download ‘The Life of a Showgirl’: https://taylor.lnk.to/TSTheLifeofaShowgirlYD

►Subscribe to Taylor Swift on YouTube: https://ts.lnk.to/subscribe
►Shop Merch: http://taylorswift.lnk.to/store

►Follow Taylor Swift Online: 
TikTok: http://tiktok.com/@taylorswift 
Instagram: http://instagram.com/taylorswift 
Twitter: http://twitter.com/taylorswift13 
Snapchat: http://snapchat.com/add/taylorswift 
Facebook: http://facebook.com/taylorswift 
Tumblr: http://taylorswift.tumblr.com 
Website: http://www.taylorswift.com 

►Follow Taylor Nation Online 
TikTok: http://tiktok.com/@taylornation
Instagram: http://instagram.com/taylornation 
Twitter: http://twitter.com/taylornation13
Tumblr: http://taylornation.tumblr.com

Official Lyrics:

In the heat of the fight, I walked away 
Ignoring words that you were saying 
Trying to make me stay 
I said this time, I’ve had enough 
And you’ve called a hundred times 
But I’m not picking up 
Cause I’m so mad, I might tell you that it’s over 
But if you look a little closer 

I said leave, but all I really want is you 
To stand outside my window throwing pebbles 
Screaming I’m in love with you 
Wait there in the pouring rain coming back for more 
And don’t you leave, cause I know all I need 
Is on the other side of the door 

Me and my stupid pride are sitting here alone 
Going through the photographs, staring at the phone 
I keep going back over things we both said
And I remember the slamming door 
And all the things that I misread 
So babe, if you know everything 
Tell me why you couldn’t see 
When I left I wanted you to chase after me, yeah 

Repeat chorus 

And I’ll scream out the window 
I can’t even look at you 
I don’t need you, but I do, I do, I do 
I’ll say there’s nothing you can say 
To make this right again 
I mean it . . . I mean it 
What I mean is 

I said leave, but baby all I want is you 
To stand outside my window throwing pebbles 
Screaming I’m in love with you 
Wait there in the pouring rain coming back for more 
And don’t you leave, cause I know all I need 
Is on the other side of the door 

With your face and the beautiful eyes 
And the conversation with the little white lies 
And the faded picture of a beautiful night, you 
Carried me from your car up the stairs 
And I broke down crying, was she worth this mess 
After everything and that little black dress 
After everything I must confess I need you

#taylorswift #theothersideofthedoor #fearlesstaylorsversion",2021-04-09 04:00:03+00:00,PT3M58S,4741420,92887,2636,https://i.ytimg.com/vi/425n1NoRtgA/default.jpg,https://i.ytimg.com/vi/425n1NoRtgA/mqdefault.jpg,https://i.ytimg.com/vi/425n1NoRtgA/hqdefault.jpg,,,
xSWVPqnKcXQ,Taylor Swift - Today Was A Fairytale (Taylor's Version) (Lyric Video),"Official lyric video for “Today Was A Fairytale” (Taylor’s Version) – off her Fearless (Taylor’s Version) album. Get the album here: https://taylor.lnk.to/fearlesstaylorsversion. 


►Subscribe to Taylor Swift on YouTube: https://ts.lnk.to/subscribe 
 
►Exclusive Merch: http://taylorswift.lnk.to/store

►Follow Taylor Swift online:
Instagram: http://instagram.com/taylorswift  
Facebook: http://facebook.com/taylorswift  
Tumblr: http://taylorswift.tumblr.com  
Twitter: http://twitter.com/taylorswift13  
Snapchat: http://snapchat.com/add/taylorswift
Website: http://www.taylorswift.com  

►Follow Taylor Nation Online
Instagram: http://instagram.com/taylornation  
Tumblr: http://taylornation.tumblr.com  
Twitter: http://twitter.com/taylornation13
TikTok: http://tiktok.com/@taylornation

Official Lyrics:

Today was a fairytale 
You were the prince 
I used to be a damsel in distress 
You took me by the hand 
And you picked me up at six 
Today was a fairytale 

Today was a fairytale 

Today was a fairytale 

I wore a dress 
You wore a dark grey t-shirt 
You told me I was pretty 
When I looked like a mess 
Today was a fairytale 

Time slows down 
Whenever you’re around 

But can you feel this magic in the air? 
It must have been the way you kissed me 
Fell in love when I saw you standing there 
It must have been the way 
Today was a fairytale 
It must have been the way 
Today was a fairytale 

Today was a fairytale 
You’ve got a smile 
That takes me to another planet 
Every move you make 
Everything you say is right 
Today was a fairytale 

Today was a fairytale 
All that I can say 
Is now it’s getting so much clearer 
Nothing made sense 
Till the time I saw your face 
Today was a fairytale 

Time slows down 
Whenever you’re around, yeah 

But can you feel this magic in the air?
 It must have been the way you kissed me 
Fell in love when I saw you standing there
 It must have been the way 
Today was a fairytale 
It must have been the way 
Today was a fairytale 

Time slows down 
Whenever you’re around 
I can feel my heart 
It’s beating in my chest 
Did you feel it? 
I can’t put this down 
But can you feel this magic in the air? 
It must have been the way you kissed me 
Fell in love when I saw you standing there 
It must have been the way 

But can you feel this magic in the air? 
It must have been the way you kissed me 
Fell in love when I saw you standing there 
It must have been the way 
Today was a fairytale 
It must have been the way 
Today was a fairytale 

Oh, oh, yeah, oh 
Today was a fairytale

#taylorswift #todaywasafairytale #fearlesstaylorsversion",2021-04-09 04:00:30+00:00,PT4M3S,4444513,116711,3836,https://i.ytimg.com/vi/xSWVPqnKcXQ/default.jpg,https://i.ytimg.com/vi/xSWVPqnKcXQ/mqdefault.jpg,https://i.ytimg.com/vi/xSWVPqnKcXQ/hqdefault.jpg,,,
XKaMUm7YwZc,Taylor Swift ft. Maren Morris - You All Over Me (From The Vault) (Official Lyric Video),"Official lyric video for “You All Over Me” (Feat. Maren Morris) (Taylor’s Version) [From The Vault] – off her upcoming Fearless (Taylor’s Version) album. https://taylor.lnk.to/fearlesstaylorsversion. Get the song here: http://taylor.lnk.to/yaom

►Subscribe to Taylor Swift on YouTube: https://ts.lnk.to/subscribe 

►Exclusive Merch: http://taylorswift.lnk.to/store
►Follow Taylor Swift online:
Instagram: http://instagram.com/taylorswift 
Facebook: http://facebook.com/taylorswift 
Tumblr: http://taylorswift.tumblr.com 
Twitter: http://twitter.com/taylorswift13 
Snapchat: http://snapchat.com/add/taylorswift
Website: http://www.taylorswift.com 
►Follow Taylor Nation Online
Instagram: http://instagram.com/taylornation 
Tumblr: http://taylornation.tumblr.com 
Twitter: http://twitter.com/taylornation13
Official Lyrics:

Once the last drop of rain has dried off the pavement
Shouldn't I find a stain, but I never do
The way the tires turn stones, on old county roads
They leave ‘em muddy underneath 
Reminds me of you
You find graffiti on the walls of old bathroom stalls
You know, you can scratch it right off 
It's how it used to be
But like the dollar in your pocket that's been spent and traded in
You can't change where it's been
Reminds me of me

I lived, and I learned
Had you, got burned
Held out, and held on
God knows, too long
And wasted time, lost tears 
Swore that I'd get out of here
But no amount of freedom gets you clean
I’ve still got you all over me

The best and worst day of June
Was the one that I met you
With your hands in your pockets
And your ‘don't you wish you had me’ grin
But I did, so I smiled, and I melted like a child
Now every breath of air I breathe reminds me of then

And I lived, and I learned 
Had you, got burned
Held out, and held on
God knows, too long
And wasted time, lost tears 
Swore that I'd get out of here
But no amount of freedom gets you clean
I’ve still got you all over me

I lived, and I learned 
And found out what it was to turn around
And see, that we 
Were never really meant to be
So I lied, and I cried 
And I watched a part of myself die
Cause no amount of freedom gets you clean
I’ve still got you all over me
I’ve still got you all over me
Still got you all over me
#taylorswift #youalloverme #marenmorris #fearlesstaylorsversion

Music video by Taylor Swift performing You All Over Me (Taylor’s Version) (From The Vault) (Lyric Video). © 2021 Taylor Swift",2021-03-26 04:00:06+00:00,PT3M43S,9918094,352602,21920,https://i.ytimg.com/vi/XKaMUm7YwZc/default.jpg,https://i.ytimg.com/vi/XKaMUm7YwZc/mqdefault.jpg,https://i.ytimg.com/vi/XKaMUm7YwZc/hqdefault.jpg,,,
rFjJs6ZjPe8,Taylor Swift - Mr. Perfectly Fine (Taylor’s Version) (From The Vault) (Lyric Video),"Official lyric video for “Mr. Perfectly Fine” (Taylor’s Version) (From The Vault) – off her upcoming Fearless (Taylor’s Version) album. Get the album here: https://taylor.lnk.to/fearlesstaylorsversion. Get the song here: https://taylor.lnk.to/mpf

Get tickets to Taylor Swift | The Eras Tour concert film in theaters October 13: http://taylor.lnk.to/TSTheErasTourFilm

►Subscribe to Taylor Swift on YouTube: https://ts.lnk.to/subscribe 
 
►Exclusive Merch: http://taylorswift.lnk.to/store

►Follow Taylor Swift online:
Instagram: http://instagram.com/taylorswift  
Facebook: http://facebook.com/taylorswift  
Tumblr: http://taylorswift.tumblr.com  
Twitter: http://twitter.com/taylorswift13  
Snapchat: http://snapchat.com/add/taylorswift
Website: http://www.taylorswift.com  

►Follow Taylor Nation Online
Instagram: http://instagram.com/taylornation  
Tumblr: http://taylornation.tumblr.com  
Twitter: http://twitter.com/taylornation13
TikTok: http://tiktok.com/@taylornation

Official Lyrics:
 
Mr. perfect face
Mr. here to stay
Mr. looked me in the eye and told me you would never go away
Everything was right
Mr. I’ve been waiting for you all my life
Mr. every single day until the end I will be by your side
But that was when I got to know
Mr. change of heart
Mr. leaves me all alone
I fall apart
It takes everything in me just to get up each day
But it’s wonderful to see that you’re okay

Hello, Mr. perfectly fine
How’s your heart after breaking mine?
Mr. always at the right place at the right time, baby
Hello, Mr. casually cruel
Mr. everything revolves around you
I’ve been Miss misery since your goodbye
And you’re Mr. perfectly fine

Mr. never told me why
Mr. never had to see me cry
Mr. insincere apology so he doesn’t look like the bad guy
He goes about his day
Forgets he ever even heard my name
Well I thought you might be different than the rest
I guess you’re all the same
Because I hear he’s got his arm ‘round a brand new girl
I’ve been picking up my heart
He’s been picking up her
And I never got past what you put me through
But it’s wonderful to see that it never phased you

Repeat chorus

So dignified in your well pressed suit
So strategized
All the eyes on you
Sashay your way to your seat
It’s the best seat
In the best room
Oh, he’s so smug
Mr. always wins
So far above me in every sense
So far above feeling anything

And it’s really such a shame
It’s such a shame
Cause I was Miss here to stay
Now I’m Miss gonna be alright someday
And someday maybe you’ll miss me
But by then you’ll be Mr. too late

Goodbye, Mr. perfectly fine
How’s your heart after breaking mine?
Mr. always at the right place at the right time, baby
Goodbye, Mr. casually cruel
Mr. everything revolves around you
I’ve been Miss misery for the last time
And you’re Mr. perfectly fine
You’re perfectly fine
Mr. look me in the eye and tell me you

#taylorswift #mrperfectlyfine #fromthevault #fearlesstaylorsversion

Music video by Taylor Swift performing Mr. Perfectly Fine (Taylor’s Version) (From The Vault) (Lyric Video). © 2021 Taylor Swift

http://vevo.ly/enJPdT",2021-04-07 13:00:19+00:00,PT4M38S,49720592,706880,37619,https://i.ytimg.com/vi/rFjJs6ZjPe8/default.jpg,https://i.ytimg.com/vi/rFjJs6ZjPe8/mqdefault.jpg,https://i.ytimg.com/vi/rFjJs6ZjPe8/hqdefault.jpg,,,
seU5y5EgIwk,Taylor Swift - We Were Happy (Taylor’s Version) (From The Vault),"Official lyric video for “We Were Happy” (From The Vault) (Taylor’s Version) – off her Fearless (Taylor’s Version) album. Get the album here: https://taylor.lnk.to/fearlesstaylorsversion. 

►Subscribe to Taylor Swift on YouTube: https://ts.lnk.to/subscribe 
 
►Exclusive Merch: http://taylorswift.lnk.to/store

►Follow Taylor Swift online:
Instagram: http://instagram.com/taylorswift  
Facebook: http://facebook.com/taylorswift  
Tumblr: http://taylorswift.tumblr.com  
Twitter: http://twitter.com/taylorswift13  
Snapchat: http://snapchat.com/add/taylorswift
Website: http://www.taylorswift.com  

►Follow Taylor Nation Online
Instagram: http://instagram.com/taylornation  
Tumblr: http://taylornation.tumblr.com  
Twitter: http://twitter.com/taylornation13
TikTok: http://tiktok.com/@taylornation

Official Lyrics:

We used to walk along the streets
 When the porch lights were shining bright 
Before I had somewhere to be 
Back when we had all night 
And we were happy 
I do recall, a good while back 
We snuck into the circus 
You threw your arms around my neck 
Back when I deserved it 
And we were happy 

When it was good, baby 
It was good, baby 
We showed ‘em all up 
No one could touch the way we 
Laughed in the dark 
Talking ‘bout your daddy’s farm 
We were gonna buy someday 
And we were happy 

We used to watch the sun go down 
On the boats in the water 
That’s sorta how I feel right now 
And goodbye’s so much harder 
Cause we were happy 

Repeat chorus 
We were happy 

Oh, I hate those voices 
Telling me I’m not in love anymore 
But they don’t give me choices 
And that’s what these tears are for 
Cause we were happy 
We were happy 

When it was good, baby 
It was good, baby 
We showed ‘em all up 
No one could touch the way we 
Laughed in the dark 
Talking ‘bout your daddy’s farm 
And you were gonna marry me 
And we were happy 
We were happy 
Oh, we were happy

#taylorswift #wewerehappy #fromthevault #fearlesstaylorsversion",2021-04-09 04:00:31+00:00,PT4M4S,2947771,105694,4147,https://i.ytimg.com/vi/seU5y5EgIwk/default.jpg,https://i.ytimg.com/vi/seU5y5EgIwk/mqdefault.jpg,https://i.ytimg.com/vi/seU5y5EgIwk/hqdefault.jpg,,,
aOa6D6ku3dM,That’s When (Taylor’s Version) (From The Vault) (Lyric Video),"Official lyric video for “That’s When” (feat. Keith Urban) (From The Vault) (Taylor’s Version) – off her Fearless (Taylor’s Version) album. Get the album here: https://taylor.lnk.to/fearlesstaylorsversion. 

❤️‍🔥Stream/download ‘The Life of a Showgirl’: https://taylor.lnk.to/TSTheLifeofaShowgirlYD

►Subscribe to Taylor Swift on YouTube: https://ts.lnk.to/subscribe
►Shop Merch: http://taylorswift.lnk.to/store

►Follow Taylor Swift Online: 
TikTok: http://tiktok.com/@taylorswift 
Instagram: http://instagram.com/taylorswift 
Twitter: http://twitter.com/taylorswift13 
Snapchat: http://snapchat.com/add/taylorswift 
Facebook: http://facebook.com/taylorswift 
Tumblr: http://taylorswift.tumblr.com 
Website: http://www.taylorswift.com 

►Follow Taylor Nation Online:
TikTok: http://tiktok.com/@taylornation
Instagram: http://instagram.com/taylornation 
Twitter: http://twitter.com/taylornation13
Tumblr: http://taylornation.tumblr.com

Official Lyrics:

You said, “I know” 
When I said, “I need some time, need some space 
To think about all of this” 
And you watched me go 
And I knew my words were hard to hear 
And harder to ever take back 
And I said, 
“When can I come back?” 
And you said 

That’s when 
When I wake up in the morning 
That’s when 
When it’s sunny or storming 
Laughing, when I’m crying 
And that’s when 
I’ll be waiting at the front gate 
That’s when 
When I see your face 
I’ll let you in 
And baby that’s when 

I said, “I know” 
When you said, “I did you wrong 
Made mistakes, and put you through all of this” 
Then through the phone 
Came all your tears 
And I said, “Leave those all in our past” 
And you said, “When can I come back?”
And I said 

Repeat chorus 

And you said, “Honestly, 
When you were gone 
Did you ever think of me?” 
And I said 
That’s when 
When I woke up in the morning 
That’s when 
It was sunny or storming 
Laughing 
When I was crying 
And that’s when you were waiting at the front gate 
That’s when, when I saw your face 
You let me in, and baby that’s when 

When I’m laughing 
When I’m crying 

That’s when I miss you 
That’s when I want you 
That’s when I love you 
That’s when

#taylorswift #keithurban #thatswhen #fromthevault #fearlesstaylorsversion",2021-04-09 04:00:00+00:00,PT3M12S,5029602,126758,4998,https://i.ytimg.com/vi/aOa6D6ku3dM/default.jpg,https://i.ytimg.com/vi/aOa6D6ku3dM/mqdefault.jpg,https://i.ytimg.com/vi/aOa6D6ku3dM/hqdefault.jpg,,,
dHdAN4FXzmc,Taylor Swift - Don’t You (Taylor’s Version) (From The Vault) (Lyric Video),"Official lyric video for “Don’t You” (From The Vault) (Taylor’s Version) – off her Fearless (Taylor’s Version) album. Get the album here: https://taylor.lnk.to/fearlesstaylorsversion. 

►Subscribe to Taylor Swift on YouTube: https://ts.lnk.to/subscribe 
 
►Exclusive Merch: http://taylorswift.lnk.to/store

►Follow Taylor Swift online:
Instagram: http://instagram.com/taylorswift  
Facebook: http://facebook.com/taylorswift  
Tumblr: http://taylorswift.tumblr.com  
Twitter: http://twitter.com/taylorswift13  
Snapchat: http://snapchat.com/add/taylorswift
Website: http://www.taylorswift.com  

►Follow Taylor Nation Online
Instagram: http://instagram.com/taylornation  
Tumblr: http://taylornation.tumblr.com  
Twitter: http://twitter.com/taylornation13
TikTok: http://tiktok.com/@taylornation

Official Lyrics:

Hey
I knew I’d run into you somewhere 
It’s been a while, I didn’t mean to stare 
I heard she’s nothing like me 
I’m sure she’ll make you happy 

But don’t you 
Don’t you smile at me and ask me how I’ve been 
Don’t you say you’ve missed me if you don’t want me again 
You don’t know how much I feel I love you still 
So why don’t you 
Don’t you 

Sometimes 
I really wish that I could hate you 
I’ve tried 
But that’s just something I can’t do 
My heart knows what the truth is 
I swore I wouldn’t do this 

Repeat chorus 

So I’ll walk out of here tonight 
Tried to go on with my life 
And you can say we’re still friends 
But I don’t want to pretend 
So if I see you again 

Repeat chorus 
Don’t you

#taylorswift #dontyou #fromthevault #fearlesstaylorsversion",2021-04-09 04:00:09+00:00,PT3M32S,3512656,100132,3591,https://i.ytimg.com/vi/dHdAN4FXzmc/default.jpg,https://i.ytimg.com/vi/dHdAN4FXzmc/mqdefault.jpg,https://i.ytimg.com/vi/dHdAN4FXzmc/hqdefault.jpg,,,
yuFuwXd-B9E,Taylor Swift - Bye Bye Baby (Taylor’s Version) (From The Vault) (Lyric Video),"Official lyric video for “Bye Bye Baby” (From The Vault) (Taylor’s Version) – off her Fearless (Taylor’s Version) album. Get the album here: https://taylor.lnk.to/fearlesstaylorsversion.

►Subscribe to Taylor Swift on YouTube: https://ts.lnk.to/subscribe 
 
►Exclusive Merch: http://taylorswift.lnk.to/store

►Follow Taylor Swift online:
Instagram: http://instagram.com/taylorswift  
Facebook: http://facebook.com/taylorswift  
Tumblr: http://taylorswift.tumblr.com  
Twitter: http://twitter.com/taylorswift13  
Snapchat: http://snapchat.com/add/taylorswift
Website: http://www.taylorswift.com  

►Follow Taylor Nation Online
Instagram: http://instagram.com/taylornation  
Tumblr: http://taylornation.tumblr.com  
Twitter: http://twitter.com/taylornation13
TikTok: http://tiktok.com/@taylornation

Official Lyrics:

It wasn’t just like a movie 
The rain didn’t soak through my clothes 
Down to my skin 
I’m driving away and I 
I guess you could say 
This is the last time 
I'll drive this way again 
Lost in the gray and I 
Try to grab at the fray cause I 
I still love you but I can’t 

Bye bye to everything I thought was on my side 
Bye bye baby 
I want you bad but it’s come down to nothing 
And all I have is your sympathy 
Cause you took me home 
But you just couldn’t keep me 
Bye bye baby 
Bye bye baby 

The picture frame is empty 
On the dresser, vacant just like me 
I see your writing on the dash 
Then back to your hesitation 
I was so sure of everything 
Everything I thought we’d always have 

Guess I never doubted it 
Then the here and the now floods in 
Feels like I’m becoming 
A part of your past 

Repeat chorus 

There’s so much that I can’t touch 
You’re all I want but it’s not enough this time 
And all the pages are just slipping through my hands 
And I’m so scared 
Of how this ends 

Bye bye to everything I thought was on my side 
Bye bye baby 
I want you bad but it’s come down to nothing 
And all I have is your sympathy 
Cause you took me home 
But you just couldn’t keep me 
Bye bye to everything I thought was on my side 
Bye bye baby 
I want you bad but it’s come down to nothing 
And all I have is your sympathy 
Cause you took me home 
But you just couldn’t keep me 

Oh, you took me home 
I thought you were gonna keep me 
Bye bye baby 
Bye bye baby

#taylorswift #byebyebaby #fromthevault #fearlesstaylorsversion",2021-04-09 04:00:32+00:00,PT4M5S,3758969,118130,4634,https://i.ytimg.com/vi/yuFuwXd-B9E/default.jpg,https://i.ytimg.com/vi/yuFuwXd-B9E/mqdefault.jpg,https://i.ytimg.com/vi/yuFuwXd-B9E/hqdefault.jpg,,,
FeTHyZJvozc,Taylor Swift - Love Story (Elvira Remix) (Taylor’s Version) (Official Audio),"Official visualizer for “Love Story” (Taylor’s Version) Elvira Remix. Get the song here: http://taylor.lnk.to/LSTVremix. 

Stream/download 'Fearless (Taylor's Version): https://taylor.lnk.to/fearlesstaylorsversion

►Subscribe to Taylor Swift on YouTube: https://ts.lnk.to/subscribe 

►Exclusive Merch: http://taylorswift.lnk.to/store

►Follow Taylor Swift online:
Instagram: http://instagram.com/taylorswift  
Facebook: http://facebook.com/taylorswift  
Tumblr: http://taylorswift.tumblr.com  
Twitter: http://twitter.com/taylorswift13  
Snapchat: http://snapchat.com/add/taylorswift
Website: http://www.taylorswift.com  

►Follow Taylor Nation Online
Instagram: http://instagram.com/taylornation  
Tumblr: http://taylornation.tumblr.com  
Twitter: http://twitter.com/taylornation13

#taylorswift #lovestorytaylorsversion #elviraremix #fearlesstaylorsversion

Music video by Taylor Swift performing Love Story (Taylor's Version) (Elvira Remix). © 2021 Taylor Swift

http://vevo.ly/apuA53",2021-03-26 04:00:02+00:00,PT3M35S,3108312,157291,8579,https://i.ytimg.com/vi/FeTHyZJvozc/default.jpg,https://i.ytimg.com/vi/FeTHyZJvozc/mqdefault.jpg,https://i.ytimg.com/vi/FeTHyZJvozc/hqdefault.jpg,,,
qybUgW7eoZQ,Taylor Swift - willow - [yule log],"Official video by Taylor Swift performing willow [yule log]
Listen to the album here: https://taylor.lnk.to/evermorealbum 

►Subscribe to Taylor Swift on YouTube: https://ts.lnk.to/subscribe  
 
►Exclusive Merch: http://taylorswift.lnk.to/store 

►Follow Taylor Swift online:
Instagram: http://instagram.com/taylorswift   
Facebook: http://facebook.com/taylorswift    
Tumblr: http://taylorswift.tumblr.com   
Twitter: http://twitter.com/taylorswift13   
Snapchat: http://snapchat.com/add/taylorswift 
Website: http://www.taylorswift.com   

►Follow Taylor Nation Online
Instagram: http://instagram.com/taylornation   
Tumblr: http://taylornation.tumblr.com   
Twitter: http://twitter.com/taylornation13

#TaylorSwift #willow #evermore

Music video by Taylor Swift performing willow [yule log]. © 2020 Taylor Swift",2020-12-17 20:00:29+00:00,PT3M35S,829863,48148,3271,https://i.ytimg.com/vi/qybUgW7eoZQ/default.jpg,https://i.ytimg.com/vi/qybUgW7eoZQ/mqdefault.jpg,https://i.ytimg.com/vi/qybUgW7eoZQ/hqdefault.jpg,,,
H9rBt-8jiBE,Taylor Swift - willow (lonely witch version) - [yule log],"Official video by Taylor Swift performing willow (lonely witch version) - [yule log]
Listen to the album here: https://taylor.lnk.to/evermorealbum 

►Subscribe to Taylor Swift on YouTube: https://ts.lnk.to/subscribe  
 
►Exclusive Merch: http://taylorswift.lnk.to/store 

►Follow Taylor Swift online:
Instagram: http://instagram.com/taylorswift   
Facebook: http://facebook.com/taylorswift    
Tumblr: http://taylorswift.tumblr.com   
Twitter: http://twitter.com/taylorswift13   
Snapchat: http://snapchat.com/add/taylorswift 
Website: http://www.taylorswift.com   

►Follow Taylor Nation Online
Instagram: http://instagram.com/taylornation   
Tumblr: http://taylornation.tumblr.com   
Twitter: http://twitter.com/taylornation13

#TaylorSwift #willow #evermore

Music video by Taylor Swift performing willow (lonely witch version) - [yule log]. © 2020 Taylor Swift",2020-12-17 20:45:11+00:00,PT3M8S,715977,26021,1027,https://i.ytimg.com/vi/H9rBt-8jiBE/default.jpg,https://i.ytimg.com/vi/H9rBt-8jiBE/mqdefault.jpg,https://i.ytimg.com/vi/H9rBt-8jiBE/hqdefault.jpg,,,
sViZJopFdYg,Taylor Swift - willow (dancing witch version) - [yule log],"Official video by Taylor Swift performing willow (dancing witch version) - [yule log]
Listen to the album here: https://taylor.lnk.to/evermorealbum 

►Subscribe to Taylor Swift on YouTube: https://ts.lnk.to/subscribe  
 
►Exclusive Merch: http://taylorswift.lnk.to/store 

►Follow Taylor Swift online:
Instagram: http://instagram.com/taylorswift   
Facebook: http://facebook.com/taylorswift    
Tumblr: http://taylorswift.tumblr.com   
Twitter: http://twitter.com/taylorswift13   
Snapchat: http://snapchat.com/add/taylorswift 
Website: http://www.taylorswift.com   

►Follow Taylor Nation Online
Instagram: http://instagram.com/taylornation   
Tumblr: http://taylornation.tumblr.com   
Twitter: http://twitter.com/taylornation13

#TaylorSwift #willow #evermore

Music video by Taylor Swift performing willow (dancing witch version) - [yule log]. © 2020 Taylor Swift",2020-12-17 20:45:06+00:00,PT3M5S,527451,27356,1546,https://i.ytimg.com/vi/sViZJopFdYg/default.jpg,https://i.ytimg.com/vi/sViZJopFdYg/mqdefault.jpg,https://i.ytimg.com/vi/sViZJopFdYg/hqdefault.jpg,,,
iTNZ-OzBoBo,Taylor Swift - willow (moonlit witch version) - [yule log],"Official video by Taylor Swift performing willow (moonlit witch version) - [yule log]
Listen to the album here: https://taylor.lnk.to/evermorealbum 

►Subscribe to Taylor Swift on YouTube: https://ts.lnk.to/subscribe  
 
►Exclusive Merch: http://taylorswift.lnk.to/store 

►Follow Taylor Swift online:
Instagram: http://instagram.com/taylorswift   
Facebook: http://facebook.com/taylorswift    
Tumblr: http://taylorswift.tumblr.com   
Twitter: http://twitter.com/taylorswift13   
Snapchat: http://snapchat.com/add/taylorswift 
Website: http://www.taylorswift.com   

►Follow Taylor Nation Online
Instagram: http://instagram.com/taylornation   
Tumblr: http://taylornation.tumblr.com   
Twitter: http://twitter.com/taylornation13

#TaylorSwift #willow #evermore

Music video by Taylor Swift performing willow (moonlit witch version) - [yule log]. © 2020 Taylor Swift",2020-12-17 21:53:54+00:00,PT3M29S,1003802,34792,1395,https://i.ytimg.com/vi/iTNZ-OzBoBo/default.jpg,https://i.ytimg.com/vi/iTNZ-OzBoBo/mqdefault.jpg,https://i.ytimg.com/vi/iTNZ-OzBoBo/hqdefault.jpg,,,
Uzii44SDYFA,Taylor Swift - cardigan / august / willow (Live From The 63rd GRAMMYs ® / 2021),"“Cardigan / August / Willow” (Live From The 63rd GRAMMYs ® / 2021)

►Subscribe to Taylor Swift on YouTube: https://ts.lnk.to/subscribe ​

►Exclusive Merch: http://taylorswift.lnk.to/store ​

►Follow Taylor Swift online:
Instagram: http://instagram.com/taylorswift ​ 
Facebook: http://facebook.com/taylorswift ​ 
Tumblr: http://taylorswift.tumblr.com ​    
Twitter: http://twitter.com/taylorswift13 ​ 
Snapchat: http://snapchat.com/add/taylorswift  
Website: http://www.taylorswift.com   

►Follow Taylor Nation Online
Instagram: http://instagram.com/taylornation ​ 
Tumblr: http://taylornation.tumblr.com ​   
Twitter: http://twitter.com/taylornation13

#TaylorSwift #folklore #evermore​ #fearlesstaylorsversion

http://vevo.ly/7Qilhu",2021-03-15 23:44:03+00:00,PT5M25S,10895121,584380,27984,https://i.ytimg.com/vi/Uzii44SDYFA/default.jpg,https://i.ytimg.com/vi/Uzii44SDYFA/mqdefault.jpg,https://i.ytimg.com/vi/Uzii44SDYFA/hqdefault.jpg,,,
RsEZmictANA,Taylor Swift - willow (Official Music Video),"Official music video by Taylor Swift performing “willow” – off her evermore album. 
Listen to the album here: https://taylor.lnk.to/evermorealbum

Get tickets to Taylor Swift | The Eras Tour concert film in theaters October 13: http://taylor.lnk.to/TSTheErasTourFilm

►Subscribe to Taylor Swift on YouTube: https://ts.lnk.to/subscribe 
 
►Exclusive Merch: http://taylorswift.lnk.to/store

►Follow Taylor Swift online:
Instagram: http://instagram.com/taylorswift  
Facebook: http://facebook.com/taylorswift  
Tumblr: http://taylorswift.tumblr.com  
Twitter: http://twitter.com/taylorswift13  
Snapchat: http://snapchat.com/add/taylorswift
Website: http://www.taylorswift.com  

►Follow Taylor Nation Online
Instagram: http://instagram.com/taylornation  
Tumblr: http://taylornation.tumblr.com  
Twitter: http://twitter.com/taylornation13 

starring
taylor swift
taeok lee
indiana cheairs
samuel silver
yoe apolinario
maria wada
jazz smith
gracie stewart
jake landgrebe
nolan padilla
mark villaver
robert green
mason cutler
sienna lyons

directed by
taylor swift

director of photography
rodrigo prieto ASC, AMC

producer
jil hardin

editor
chancler haynes

production designers
ethan tobman
regina fernandez

stylists
joseph cassell
sunshine madsen

first ad
joe “oz” osborne

co-first ad
ev salomon

visual effects
ingenuity studios
grant miller 
david lebensfeld
jumanah shaheen
 
executive producer
rebecca skinner

co-producer
kathy palmer

gaffer
manny tapia

key grip
“pie” alexander griffiths

storyboards
vincent lucido

the song

written by taylor swift and aaron dessner
produced by aaron dessner
recorded by jonathan low and aaron dessner
mixed by jonathan low
orchestration by bryce dessner
mastered by greg calbi and steve fallone
drum machine programming, percussion, keyboards, synthesizers, piano and electric, bass and
acoustic guitars by aaron dessner
synthesizers and drum machine programming by james mcalister
percussion and drum machine programming by bryan devendorf
violin by yuki numata resnick
electric guitar by josh kaufman
cello by clarice jensen
glockenspiel by jason treuting
flute by alex sopp
french horn by cj camerieri
keyboard and synthesizers by thomas bartlett

intro music
modular synth by benjamin lanz

A special thank you to our on set medics, COVID-19 compliance personnel and the crew for operating under the strictest guidelines including wearing PPE, practicing thorough sanitization and respecting social distancing during the video shoot.

#taylorswift #willow #evermorealbum",2020-12-11 05:00:10+00:00,PT4M13S,162128218,2489724,118385,https://i.ytimg.com/vi/RsEZmictANA/default.jpg,https://i.ytimg.com/vi/RsEZmictANA/mqdefault.jpg,https://i.ytimg.com/vi/RsEZmictANA/hqdefault.jpg,2020-12-11 05:00:10+00:00,2020-12-11 05:06:19+00:00,2020-12-11 05:00:00+00:00
wMpqCRF7TKg,Taylor Swift - champagne problems (Official Lyric Video),"Official lyric video by Taylor Swift performing “champagne problems” – off her evermore album. 
Listen to the album here: https://taylor.lnk.to/evermorealbum

►Subscribe to Taylor Swift on YouTube: https://ts.lnk.to/subscribe  
 
►Exclusive Merch: http://taylorswift.lnk.to/store 

►Follow Taylor Swift online:
Instagram: http://instagram.com/taylorswift   
Facebook: http://facebook.com/taylorswift    
Tumblr: http://taylorswift.tumblr.com   
Twitter: http://twitter.com/taylorswift13   
Snapchat: http://snapchat.com/add/taylorswift 
Website: http://www.taylorswift.com   

►Follow Taylor Nation Online
Instagram: http://instagram.com/taylornation   
Tumblr: http://taylornation.tumblr.com   
Twitter: http://twitter.com/taylornation13

#TaylorSwift #champagneproblems #evermore

Music video by Taylor Swift performing champagne problems (Lyric Video). © 2020 Taylor Swift

http://vevo.ly/CUmEer",2020-12-11 05:00:30+00:00,PT4M8S,73030902,650439,19081,https://i.ytimg.com/vi/wMpqCRF7TKg/default.jpg,https://i.ytimg.com/vi/wMpqCRF7TKg/mqdefault.jpg,https://i.ytimg.com/vi/wMpqCRF7TKg/hqdefault.jpg,,,
Pz-f9mM3Ms8,Taylor Swift - gold rush (Official Lyric Video),"Official lyric video by Taylor Swift performing “gold rush” – off her evermore album. 
Listen to the album here: https://taylor.lnk.to/evermorealbum 

Get tickets to Taylor Swift | The Eras Tour concert film in theaters October 13: http://taylor.lnk.to/TSTheErasTourFilm

►Subscribe to Taylor Swift on YouTube: https://ts.lnk.to/subscribe  
 
►Exclusive Merch: http://taylorswift.lnk.to/store 

►Follow Taylor Swift online:
Instagram: http://instagram.com/taylorswift   
Facebook: http://facebook.com/taylorswift    
Tumblr: http://taylorswift.tumblr.com   
Twitter: http://twitter.com/taylorswift13   
Snapchat: http://snapchat.com/add/taylorswift 
Website: http://www.taylorswift.com   

►Follow Taylor Nation Online
Instagram: http://instagram.com/taylornation   
Tumblr: http://taylornation.tumblr.com   
Twitter: http://twitter.com/taylornation13

#TaylorSwift #goldrush #evermore

Music video by Taylor Swift performing gold rush (Lyric Video). © 2020 Taylor Swift

http://vevo.ly/JwEnPO",2020-12-11 05:00:03+00:00,PT3M9S,19301117,282846,8910,https://i.ytimg.com/vi/Pz-f9mM3Ms8/default.jpg,https://i.ytimg.com/vi/Pz-f9mM3Ms8/mqdefault.jpg,https://i.ytimg.com/vi/Pz-f9mM3Ms8/hqdefault.jpg,,,
WuvhOD-mP8M,Taylor Swift - ‘tis the damn season (Official Lyric Video),"Official lyric video by Taylor Swift performing “’tis the damn season” – off her evermore album. 
Listen to the album here: https://taylor.lnk.to/evermorealbum 

►Subscribe to Taylor Swift on YouTube: https://ts.lnk.to/subscribe  
 
►Exclusive Merch: http://taylorswift.lnk.to/store 

►Follow Taylor Swift online:
Instagram: http://instagram.com/taylorswift   
Facebook: http://facebook.com/taylorswift    
Tumblr: http://taylorswift.tumblr.com   
Twitter: http://twitter.com/taylorswift13   
Snapchat: http://snapchat.com/add/taylorswift 
Website: http://www.taylorswift.com   

►Follow Taylor Nation Online
Instagram: http://instagram.com/taylornation   
Tumblr: http://taylornation.tumblr.com   
Twitter: http://twitter.com/taylornation13

#TaylorSwift #tisthedamnseason #evermore

Music video by Taylor Swift performing ‘tis the damn season (Lyric Video). © 2020 Taylor Swift

http://vevo.ly/fRB8jD",2020-12-11 05:00:05+00:00,PT3M56S,17784956,233511,6124,https://i.ytimg.com/vi/WuvhOD-mP8M/default.jpg,https://i.ytimg.com/vi/WuvhOD-mP8M/mqdefault.jpg,https://i.ytimg.com/vi/WuvhOD-mP8M/hqdefault.jpg,,,
ukxEKY_7MOc,Taylor Swift - tolerate it (Official Lyric Video),"Official lyric video by Taylor Swift performing “tolerate it” – off her evermore album. 
Listen to the album here: https://taylor.lnk.to/evermorealbum 


►Subscribe to Taylor Swift on YouTube: https://ts.lnk.to/subscribe  
 
►Exclusive Merch: http://taylorswift.lnk.to/store 

►Follow Taylor Swift online:
Instagram: http://instagram.com/taylorswift   
Facebook: http://facebook.com/taylorswift    
Tumblr: http://taylorswift.tumblr.com   
Twitter: http://twitter.com/taylorswift13   
Snapchat: http://snapchat.com/add/taylorswift 
Website: http://www.taylorswift.com   

►Follow Taylor Nation Online
Instagram: http://instagram.com/taylornation   
Tumblr: http://taylornation.tumblr.com   
Twitter: http://twitter.com/taylornation13

#TaylorSwift #tolerateit #evermore

Music video by Taylor Swift performing tolerate it (Lyric Video). © 2020 Taylor Swift",2020-12-11 05:00:26+00:00,PT4M8S,24628590,297792,9026,https://i.ytimg.com/vi/ukxEKY_7MOc/default.jpg,https://i.ytimg.com/vi/ukxEKY_7MOc/mqdefault.jpg,https://i.ytimg.com/vi/ukxEKY_7MOc/hqdefault.jpg,,,
IEPomqor2A8,"Taylor Swift - no body, no crime (Official Lyric Video) ft. HAIM","Official lyric video by Taylor Swift ft. Haim performing “no body, no crime” – off her evermore album. 
Listen to the album here: https://taylor.lnk.to/evermorealbum 

►Subscribe to Taylor Swift on YouTube: https://ts.lnk.to/subscribe  
 
►Exclusive Merch: http://taylorswift.lnk.to/store 

►Follow Taylor Swift online:
Instagram: http://instagram.com/taylorswift   
Facebook: http://facebook.com/taylorswift    
Tumblr: http://taylorswift.tumblr.com   
Twitter: http://twitter.com/taylorswift13   
Snapchat: http://snapchat.com/add/taylorswift 
Website: http://www.taylorswift.com   

►Follow Taylor Nation Online
Instagram: http://instagram.com/taylornation   
Tumblr: http://taylornation.tumblr.com   
Twitter: http://twitter.com/taylornation13

#TaylorSwift #nobodynocrime #evermore

Music video by Taylor Swift performing no body, no crime (Lyric Video). © 2020 Taylor Swift",2020-12-11 05:00:10+00:00,PT3M38S,28663903,444223,14676,https://i.ytimg.com/vi/IEPomqor2A8/default.jpg,https://i.ytimg.com/vi/IEPomqor2A8/mqdefault.jpg,https://i.ytimg.com/vi/IEPomqor2A8/hqdefault.jpg,,,
tP4TTgt4nb0,Taylor Swift - happiness (Official Lyric Video),"Official lyric video by Taylor Swift performing “happiness” – off her evermore album. 
Listen to the album here: https://taylor.lnk.to/evermorealbum 

►Subscribe to Taylor Swift on YouTube: https://ts.lnk.to/subscribe  
 
►Exclusive Merch: http://taylorswift.lnk.to/store 

►Follow Taylor Swift online:
Instagram: http://instagram.com/taylorswift   
Facebook: http://facebook.com/taylorswift    
Tumblr: http://taylorswift.tumblr.com   
Twitter: http://twitter.com/taylorswift13   
Snapchat: http://snapchat.com/add/taylorswift 
Website: http://www.taylorswift.com   

►Follow Taylor Nation Online
Instagram: http://instagram.com/taylornation   
Tumblr: http://taylornation.tumblr.com   
Twitter: http://twitter.com/taylornation13

#TaylorSwift #happiness #evermore

Music video by Taylor Swift performing happiness (Lyric Video). © 2020 Taylor Swift",2020-12-11 05:00:22+00:00,PT5M18S,11615891,211583,6856,https://i.ytimg.com/vi/tP4TTgt4nb0/default.jpg,https://i.ytimg.com/vi/tP4TTgt4nb0/mqdefault.jpg,https://i.ytimg.com/vi/tP4TTgt4nb0/hqdefault.jpg,,,
zI4DS5GmQWE,Taylor Swift - dorothea (Official Lyric Video),"Official lyric video by Taylor Swift performing “dorothea” – off her evermore album. 
Listen to the album here: https://taylor.lnk.to/evermorealbum 

►Subscribe to Taylor Swift on YouTube: https://ts.lnk.to/subscribe  
 
►Exclusive Merch: http://taylorswift.lnk.to/store 

►Follow Taylor Swift online:
Instagram: http://instagram.com/taylorswift   
Facebook: http://facebook.com/taylorswift    
Tumblr: http://taylorswift.tumblr.com   
Twitter: http://twitter.com/taylorswift13   
Snapchat: http://snapchat.com/add/taylorswift 
Website: http://www.taylorswift.com   

►Follow Taylor Nation Online
Instagram: http://instagram.com/taylornation   
Tumblr: http://taylornation.tumblr.com   
Twitter: http://twitter.com/taylornation13

#TaylorSwift #dorothea #evermore

Music video by Taylor Swift performing dorothea (Lyric Video). © 2020 Taylor Swift",2020-12-11 05:00:33+00:00,PT3M45S,13009846,262493,9038,https://i.ytimg.com/vi/zI4DS5GmQWE/default.jpg,https://i.ytimg.com/vi/zI4DS5GmQWE/mqdefault.jpg,https://i.ytimg.com/vi/zI4DS5GmQWE/hqdefault.jpg,,,
c_p_TBaHvos,Taylor Swift - coney island (Lyric Video) ft. The National,"Official lyric video by Taylor Swift ft. The National performing “coney island” – off her evermore album.   Listen to the album here: https://taylor.lnk.to/evermorealbum 

❤️‍🔥Stream/download ‘The Life of a Showgirl’: https://taylor.lnk.to/TSTheLifeofaShowgirlYD

►Subscribe to Taylor Swift on YouTube: https://ts.lnk.to/subscribe
►Shop Merch: http://taylorswift.lnk.to/store

►Follow Taylor Swift Online: 
TikTok: http://tiktok.com/@taylorswift 
Instagram: http://instagram.com/taylorswift 
Twitter: http://twitter.com/taylorswift13 
Snapchat: http://snapchat.com/add/taylorswift 
Facebook: http://facebook.com/taylorswift 
Tumblr: http://taylorswift.tumblr.com 
Website: http://www.taylorswift.com 

►Follow Taylor Nation Online:
TikTok: http://tiktok.com/@taylornation
Instagram: http://instagram.com/taylornation 
Twitter: http://twitter.com/taylornation13
Tumblr: http://taylornation.tumblr.com

#TaylorSwift #coneyisland #evermore

Music video by Taylor Swift performing coney island (Lyric Video). © 2020 Taylor Swift",2020-12-11 05:00:08+00:00,PT4M38S,14411126,183611,6522,https://i.ytimg.com/vi/c_p_TBaHvos/default.jpg,https://i.ytimg.com/vi/c_p_TBaHvos/mqdefault.jpg,https://i.ytimg.com/vi/c_p_TBaHvos/hqdefault.jpg,,,
9nIOx-ezlzA,Taylor Swift - ivy (Official Lyric Video),"Official lyric video by Taylor Swift performing “ivy” – off her evermore album.  Listen to the album here: https://taylor.lnk.to/evermorealbum 

❤️‍🔥Stream/download ‘The Life of a Showgirl’: https://taylor.lnk.to/TSTheLifeofaShowgirlYD

►Subscribe to Taylor Swift on YouTube: https://ts.lnk.to/subscribe
►Shop Merch: http://taylorswift.lnk.to/store

►Follow Taylor Swift Online: 
TikTok: http://tiktok.com/@taylorswift 
Instagram: http://instagram.com/taylorswift 
Twitter: http://twitter.com/taylorswift13 
Snapchat: http://snapchat.com/add/taylorswift 
Facebook: http://facebook.com/taylorswift 
Tumblr: http://taylorswift.tumblr.com 
Website: http://www.taylorswift.com 

►Follow Taylor Nation Online:
TikTok: http://tiktok.com/@taylornation
Instagram: http://instagram.com/taylornation 
Twitter: http://twitter.com/taylornation13
Tumblr: http://taylornation.tumblr.com

#TaylorSwift #ivy #evermorealbum",2020-12-11 05:00:06+00:00,PT4M19S,17603708,222100,7320,https://i.ytimg.com/vi/9nIOx-ezlzA/default.jpg,https://i.ytimg.com/vi/9nIOx-ezlzA/mqdefault.jpg,https://i.ytimg.com/vi/9nIOx-ezlzA/hqdefault.jpg,,,
YPlNBb6I8qU,Taylor Swift - cowboy like me (Official Lyric Video),"Official lyric video by Taylor Swift performing “cowboy like me” – off her evermore album. 
Listen to the album here: https://taylor.lnk.to/evermorealbum 

►Subscribe to Taylor Swift on YouTube: https://ts.lnk.to/subscribe  
 
►Exclusive Merch: http://taylorswift.lnk.to/store 

►Follow Taylor Swift online:
Instagram: http://instagram.com/taylorswift   
Facebook: http://facebook.com/taylorswift    
Tumblr: http://taylorswift.tumblr.com   
Twitter: http://twitter.com/taylorswift13   
Snapchat: http://snapchat.com/add/taylorswift 
Website: http://www.taylorswift.com   

►Follow Taylor Nation Online
Instagram: http://instagram.com/taylornation   
Tumblr: http://taylornation.tumblr.com   
Twitter: http://twitter.com/taylornation13

#TaylorSwift #cowboylikeme #evermore

Music video by Taylor Swift performing cowboy like me (Lyric Video). © 2020 Taylor Swift",2020-12-11 05:00:23+00:00,PT4M40S,14103933,182295,7033,https://i.ytimg.com/vi/YPlNBb6I8qU/default.jpg,https://i.ytimg.com/vi/YPlNBb6I8qU/mqdefault.jpg,https://i.ytimg.com/vi/YPlNBb6I8qU/hqdefault.jpg,,,
rqQHa2HcGtM,Taylor Swift - long story short (Official Lyric Video),"Official lyric video by Taylor Swift performing “long story short” – off her evermore album. 
Listen to the album here: https://taylor.lnk.to/evermorealbum 

Get tickets to Taylor Swift | The Eras Tour concert film in theaters October 13: http://taylor.lnk.to/TSTheErasTourFilm

►Subscribe to Taylor Swift on YouTube: https://ts.lnk.to/subscribe  
 
►Exclusive Merch: http://taylorswift.lnk.to/store 

►Follow Taylor Swift online:
Instagram: http://instagram.com/taylorswift   
Facebook: http://facebook.com/taylorswift    
Tumblr: http://taylorswift.tumblr.com   
Twitter: http://twitter.com/taylorswift13   
Snapchat: http://snapchat.com/add/taylorswift 
Website: http://www.taylorswift.com   

►Follow Taylor Nation Online
Instagram: http://instagram.com/taylornation   
Tumblr: http://taylornation.tumblr.com   
Twitter: http://twitter.com/taylornation13

#TaylorSwift #longstoryshort #evermore

Music video by Taylor Swift performing long story short (Lyric Video). © 2020 Taylor Swift

http://vevo.ly/IG6ZUh",2020-12-11 05:00:11+00:00,PT3M41S,13565674,210893,5210,https://i.ytimg.com/vi/rqQHa2HcGtM/default.jpg,https://i.ytimg.com/vi/rqQHa2HcGtM/mqdefault.jpg,https://i.ytimg.com/vi/rqQHa2HcGtM/hqdefault.jpg,,,
hP6QpMeSG6s,Taylor Swift - marjorie (Official Lyric Video),"Official lyric video by Taylor Swift performing “marjorie” – off her evermore album. 
Listen to the album here: https://taylor.lnk.to/evermorealbum 

►Subscribe to Taylor Swift on YouTube: https://ts.lnk.to/subscribe  
 
►Exclusive Merch: http://taylorswift.lnk.to/store 

►Follow Taylor Swift online:
Instagram: http://instagram.com/taylorswift   
Facebook: http://facebook.com/taylorswift    
Tumblr: http://taylorswift.tumblr.com   
Twitter: http://twitter.com/taylorswift13   
Snapchat: http://snapchat.com/add/taylorswift 
Website: http://www.taylorswift.com   

►Follow Taylor Nation Online
Instagram: http://instagram.com/taylornation   
Tumblr: http://taylornation.tumblr.com   
Twitter: http://twitter.com/taylornation13

#TaylorSwift #marjorie #evermore

Music video by Taylor Swift performing marjorie (Lyric Video). © 2020 Taylor Swift",2020-12-11 05:00:09+00:00,PT4M18S,16611906,342626,12295,https://i.ytimg.com/vi/hP6QpMeSG6s/default.jpg,https://i.ytimg.com/vi/hP6QpMeSG6s/mqdefault.jpg,https://i.ytimg.com/vi/hP6QpMeSG6s/hqdefault.jpg,,,
AIFnKqIeEdY,Taylor Swift - closure (Official Lyric Video),"Official lyric video by Taylor Swift performing “closure” – off her evermore album. 
Listen to the album here: https://taylor.lnk.to/evermorealbum 

❤️‍🔥Stream/download ‘The Life of a Showgirl’: https://taylor.lnk.to/TSTheLifeofaShowgirlYD

►Subscribe to Taylor Swift on YouTube: https://ts.lnk.to/subscribe
►Shop Merch: http://taylorswift.lnk.to/store

►Follow Taylor Swift Online: 
TikTok: http://tiktok.com/@taylorswift 
Instagram: http://instagram.com/taylorswift 
Twitter: http://twitter.com/taylorswift13 
Snapchat: http://snapchat.com/add/taylorswift 
Facebook: http://facebook.com/taylorswift 
Tumblr: http://taylorswift.tumblr.com 
Website: http://www.taylorswift.com 

►Follow Taylor Nation Online:
TikTok: http://tiktok.com/@taylornation
Instagram: http://instagram.com/taylornation 
Twitter: http://twitter.com/taylornation13
Tumblr: http://taylornation.tumblr.com

#TaylorSwift #closure #evermore

Music video by Taylor Swift performing closure (Lyric Video).
© 2020 Taylor Swift",2020-12-11 05:00:01+00:00,PT3M3S,5606109,139968,4680,https://i.ytimg.com/vi/AIFnKqIeEdY/default.jpg,https://i.ytimg.com/vi/AIFnKqIeEdY/mqdefault.jpg,https://i.ytimg.com/vi/AIFnKqIeEdY/hqdefault.jpg,,,
EXLgZZE072g,Taylor Swift - evermore (Official Lyric Video) ft. Bon Iver,"Official lyric video by Taylor Swift ft. Bon Iver performing “evermore” – off her evermore album. 
Listen to the album here: https://taylor.lnk.to/evermorealbum 

Get tickets to Taylor Swift | The Eras Tour concert film in theaters October 13: http://taylor.lnk.to/TSTheErasTourFilm

►Subscribe to Taylor Swift on YouTube: https://ts.lnk.to/subscribe  
 
►Exclusive Merch: http://taylorswift.lnk.to/store 

►Follow Taylor Swift online:
Instagram: http://instagram.com/taylorswift   
Facebook: http://facebook.com/taylorswift    
Tumblr: http://taylorswift.tumblr.com   
Twitter: http://twitter.com/taylorswift13   
Snapchat: http://snapchat.com/add/taylorswift 
Website: http://www.taylorswift.com   

►Follow Taylor Nation Online
Instagram: http://instagram.com/taylornation   
Tumblr: http://taylornation.tumblr.com   
Twitter: http://twitter.com/taylornation13

#TaylorSwift #evermore

Music video by Taylor Swift performing evermore (Lyric Video). © 2020 Taylor Swift

http://vevo.ly/f7vbCh",2020-12-11 05:00:02+00:00,PT5M5S,22816700,367810,11948,https://i.ytimg.com/vi/EXLgZZE072g/default.jpg,https://i.ytimg.com/vi/EXLgZZE072g/mqdefault.jpg,https://i.ytimg.com/vi/EXLgZZE072g/hqdefault.jpg,,,
Ur_wAcYDnuA,Taylor Swift - right where you left me (Official Lyric Video),"Official lyric video by Taylor Swift performing “right where you left me” – off her evermore album (deluxe). Listen to the album here: http://taylor.lnk.to/evermorealbumdlx

►Subscribe to Taylor Swift on YouTube: https://ts.lnk.to/subscribe 
 
►Exclusive Merch: http://taylorswift.lnk.to/store

►Follow Taylor Swift online:
Instagram: http://instagram.com/taylorswift  
Facebook: http://facebook.com/taylorswift  
Tumblr: http://taylorswift.tumblr.com  
Twitter: http://twitter.com/taylorswift13  
Snapchat: http://snapchat.com/add/taylorswift
Website: http://www.taylorswift.com  

►Follow Taylor Nation Online
Instagram: http://instagram.com/taylornation  
Tumblr: http://taylornation.tumblr.com  
Twitter: http://twitter.com/taylornation13 

#taylorswift #rightwhereyouleftme #evermore",2021-01-07 05:00:05+00:00,PT4M9S,36026782,445859,16250,https://i.ytimg.com/vi/Ur_wAcYDnuA/default.jpg,https://i.ytimg.com/vi/Ur_wAcYDnuA/mqdefault.jpg,https://i.ytimg.com/vi/Ur_wAcYDnuA/hqdefault.jpg,,,
1iRbIYkccgw,Taylor Swift - it’s time to go (Official Lyric Video),"Official lyric video by Taylor Swift performing “it’s time to go” – off her evermore album (deluxe). 
Listen to the album here: http://taylor.lnk.to/evermorealbumdlx

Stream/download ‘The Life of a Showgirl’: https://taylor.lnk.to/TSTheLifeofaShowgirlYD

►Subscribe to Taylor Swift on YouTube: https://ts.lnk.to/subscribe 
 
►Exclusive Merch: http://taylorswift.lnk.to/store

►Follow Taylor Swift online:
Instagram: http://instagram.com/taylorswift  
Facebook: http://facebook.com/taylorswift  
Tumblr: http://taylorswift.tumblr.com  
Twitter: http://twitter.com/taylorswift13  
Snapchat: http://snapchat.com/add/taylorswift
Website: http://www.taylorswift.com  

►Follow Taylor Nation Online
Instagram: http://instagram.com/taylornation  
Tumblr: http://taylornation.tumblr.com  
Twitter: http://twitter.com/taylornation13

#taylorswift #itstimetogo #evermorealbum

Music video by Taylor Swift performing it’s time to go (Lyric Video). © 2021 Taylor Swift",2021-01-07 05:00:01+00:00,PT4M18S,12422836,304993,10407,https://i.ytimg.com/vi/1iRbIYkccgw/default.jpg,https://i.ytimg.com/vi/1iRbIYkccgw/mqdefault.jpg,https://i.ytimg.com/vi/1iRbIYkccgw/hqdefault.jpg,,,
CYHt7_RANiY,Taylor Swift - willow (lonely witch version) - music video behind the scenes,"Official video by Taylor Swift performing willow (lonely witch version) featuring behind-the-scenes photos taken on the ""willow"" music video shoot. 

Photography by Max Wanger 

Listen to the album here: https://taylor.lnk.to/evermorealbum 

►Subscribe to Taylor Swift on YouTube: https://ts.lnk.to/subscribe  
 
►Exclusive Merch: http://taylorswift.lnk.to/store 

►Follow Taylor Swift online:
Instagram: http://instagram.com/taylorswift   
Facebook: http://facebook.com/taylorswift    
Tumblr: http://taylorswift.tumblr.com   
Twitter: http://twitter.com/taylorswift13   
Snapchat: http://snapchat.com/add/taylorswift 
Website: http://www.taylorswift.com   

►Follow Taylor Nation Online
Instagram: http://instagram.com/taylornation   
Tumblr: http://taylornation.tumblr.com   
Twitter: http://twitter.com/taylornation13

#TaylorSwift #willow #evermore

Music video by Taylor Swift performing willow - lonely witch version. © 2020 Taylor Swift",2020-12-15 05:52:57+00:00,PT3M35S,2774643,147373,4662,https://i.ytimg.com/vi/CYHt7_RANiY/default.jpg,https://i.ytimg.com/vi/CYHt7_RANiY/mqdefault.jpg,https://i.ytimg.com/vi/CYHt7_RANiY/hqdefault.jpg,,,
3CUM7Z3TSmY,Taylor Swift - willow (dancing witch version) - storyboards from the willow music video,"Official video by Taylor Swift performing willow (dancing witch version) featuring storyboards from the willow music video.  

Listen to the album here: https://taylor.lnk.to/evermorealbum 

Storyboards by Vincent Lucido

►Subscribe to Taylor Swift on YouTube: https://ts.lnk.to/subscribe  
 
►Exclusive Merch: http://taylorswift.lnk.to/store 

►Follow Taylor Swift online:
Instagram: http://instagram.com/taylorswift   
Facebook: http://facebook.com/taylorswift    
Tumblr: http://taylorswift.tumblr.com   
Twitter: http://twitter.com/taylorswift13   
Snapchat: http://snapchat.com/add/taylorswift 
Website: http://www.taylorswift.com   

►Follow Taylor Nation Online
Instagram: http://instagram.com/taylornation   
Tumblr: http://taylornation.tumblr.com   
Twitter: http://twitter.com/taylornation13

#TaylorSwift #willow #evermore

Music video by Taylor Swift performing willow (dancing witch version). © 2020 Taylor Swift",2020-12-15 18:09:59+00:00,PT3M8S,1172647,69445,2654,https://i.ytimg.com/vi/3CUM7Z3TSmY/default.jpg,https://i.ytimg.com/vi/3CUM7Z3TSmY/mqdefault.jpg,https://i.ytimg.com/vi/3CUM7Z3TSmY/hqdefault.jpg,,,
7EvwIw4gIyk,Taylor Swift - willow (Official Lyric Video),"Official lyric video by Taylor Swift performing “willow” – off her evermore album. Listen to the album here: https://taylor.lnk.to/evermorealbum

Stream/download ‘The Life of a Showgirl’: https://taylor.lnk.to/TSTheLifeofaShowgirlYD

►Subscribe to Taylor Swift on YouTube: https://ts.lnk.to/subscribe
►Shop Merch: http://taylorswift.lnk.to/store

►Follow Taylor Swift Online: 
TikTok: http://tiktok.com/@taylorswift 
Instagram: http://instagram.com/taylorswift 
Twitter: http://twitter.com/taylorswift13 
Snapchat: http://snapchat.com/add/taylorswift 
Facebook: http://facebook.com/taylorswift 
Tumblr: http://taylorswift.tumblr.com 
Website: http://www.taylorswift.com 

►Follow Taylor Nation Online 
TikTok: http://tiktok.com/@taylornation
Instagram: http://instagram.com/taylornation 
Twitter: http://twitter.com/taylornation13
Tumblr: http://taylornation.tumblr.com

#TaylorSwift #willow #evermore

Music video by Taylor Swift performing willow (Lyric Video).
© 2020 Taylor Swift",2020-12-11 05:00:01+00:00,PT3M41S,18981942,242857,5013,https://i.ytimg.com/vi/7EvwIw4gIyk/default.jpg,https://i.ytimg.com/vi/7EvwIw4gIyk/mqdefault.jpg,https://i.ytimg.com/vi/7EvwIw4gIyk/hqdefault.jpg,,,
7XLW5CvDQ7E,Taylor Swift - willow (moonlit witch version),"Official video by Taylor Swift performing willow (moonlit witch version)
Listen to the album here: https://taylor.lnk.to/evermorealbum 

►Subscribe to Taylor Swift on YouTube: https://ts.lnk.to/subscribe  
 
►Exclusive Merch: http://taylorswift.lnk.to/store 

►Follow Taylor Swift online:
Instagram: http://instagram.com/taylorswift   
Facebook: http://facebook.com/taylorswift    
Tumblr: http://taylorswift.tumblr.com   
Twitter: http://twitter.com/taylorswift13   
Snapchat: http://snapchat.com/add/taylorswift 
Website: http://www.taylorswift.com   

►Follow Taylor Nation Online
Instagram: http://instagram.com/taylornation   
Tumblr: http://taylornation.tumblr.com   
Twitter: http://twitter.com/taylornation13

#TaylorSwift #willow #evermore

Music video by Taylor Swift performing willow (moonlit witch version). © 2020 Taylor Swift",2020-12-16 01:02:30+00:00,PT3M29S,1659670,89979,3159,https://i.ytimg.com/vi/7XLW5CvDQ7E/default.jpg,https://i.ytimg.com/vi/7XLW5CvDQ7E/mqdefault.jpg,https://i.ytimg.com/vi/7XLW5CvDQ7E/hqdefault.jpg,,,
qAGef4MdPdE,Taylor Swift - willow - dancing witch version (Elvira remix),"Official video by Taylor Swift performing willow - dancing witch version (Elvira remix)
Listen to the album here: https://taylor.lnk.to/evermorealbum 

►Subscribe to Taylor Swift on YouTube: https://ts.lnk.to/subscribe  
 
►Exclusive Merch: http://taylorswift.lnk.to/store 

►Follow Taylor Swift online:
Instagram: http://instagram.com/taylorswift   
Facebook: http://facebook.com/taylorswift    
Tumblr: http://taylorswift.tumblr.com   
Twitter: http://twitter.com/taylorswift13   
Snapchat: http://snapchat.com/add/taylorswift 
Website: http://www.taylorswift.com   

►Follow Taylor Nation Online
Instagram: http://instagram.com/taylornation   
Tumblr: http://taylornation.tumblr.com   
Twitter: http://twitter.com/taylornation13

#TaylorSwift #willow #evermore

Music video by Taylor Swift performing willow - dancing witch version (Elvira remix). © 2020 Taylor Swift",2020-12-15 03:12:53+00:00,PT3M6S,1934916,89384,4261,https://i.ytimg.com/vi/qAGef4MdPdE/default.jpg,https://i.ytimg.com/vi/qAGef4MdPdE/mqdefault.jpg,https://i.ytimg.com/vi/qAGef4MdPdE/hqdefault.jpg,,,
K-a8s8OLBSE,Taylor Swift - cardigan,"Music video by Taylor Swift performing ""cardigan"" off the folklore album. Get the song here: https://taylor.lnk.to/cardiganYD

❤️‍🔥Stream/download ‘The Life of a Showgirl’ - https://taylor.lnk.to/TSTheLifeofaShowgirlYD

►Shop Merch: http://taylor.lnk.to/store
►Subscribe to Taylor Swift on YouTube: https://ts.lnk.to/subscribe

►Follow Taylor Swift Online:
TikTok: http://tiktok.com/@taylorswift
Instagram: http://instagram.com/taylorswift
Twitter: http://twitter.com/taylorswift13
Snapchat: http://snapchat.com/add/taylorswift
Facebook: http://facebook.com/taylorswift
Tumblr: http://taylorswift.tumblr.com
Website: http://www.taylorswift.com

►Follow Taylor Nation Online:
TikTok: http://tiktok.com/@taylornation
Instagram: http://instagram.com/taylornation
YouTube: https://youtube.com/taylornation
Twitter: http://twitter.com/taylornation13
Tumblr: http://taylornation.tumblr.com

#TaylorSwift #cardigan

© 2020 Taylor Swift",2020-07-24 04:00:09+00:00,PT4M35S,216606303,3331755,150040,https://i.ytimg.com/vi/K-a8s8OLBSE/default.jpg,https://i.ytimg.com/vi/K-a8s8OLBSE/mqdefault.jpg,https://i.ytimg.com/vi/K-a8s8OLBSE/hqdefault.jpg,2020-07-24 04:00:09+00:00,2020-07-24 04:06:42+00:00,2020-07-24 04:00:00+00:00
KsZ6tROaVOQ,Taylor Swift - the 1 (Official Lyric Video),"Official lyric video by Taylor Swift performing “the 1” – off her album ‘folklore.’ 
Album available here: https://store.taylorswift.com 

►Subscribe to Taylor Swift on YouTube: https://ts.lnk.to/subscribe 
 
►Exclusive Merch: https://store.taylorswift.com  

►Follow Taylor Swift Online 
Instagram: http://www.instagram.com/taylorswift  
Facebook: http://www.facebook.com/taylorswift   
Tumblr: http://taylorswift.tumblr.com  
Twitter: http://www.twitter.com/taylorswift13  
Website: http://www.taylorswift.com  

►Follow Taylor Nation Online 
Instagram: http://www.instagram.com/taylornation  
Tumblr: http://taylornation.tumblr.com  
Twitter: http://www.twitter.com/taylornation13 

#TaylorSwift #the1 #folklore",2020-07-24 04:00:03+00:00,PT3M32S,64594110,706168,19958,https://i.ytimg.com/vi/KsZ6tROaVOQ/default.jpg,https://i.ytimg.com/vi/KsZ6tROaVOQ/mqdefault.jpg,https://i.ytimg.com/vi/KsZ6tROaVOQ/hqdefault.jpg,,,
zLSUp53y-HQ,Taylor Swift - cardigan (Official Lyric Video),"Official lyric video by Taylor Swift performing “cardigan” – off her album ‘folklore.’ 
Album available here: https://store.taylorswift.com 

►Subscribe to Taylor Swift on YouTube: https://ts.lnk.to/subscribe 
 
►Exclusive Merch: https://store.taylorswift.com  

►Follow Taylor Swift Online 
Instagram: http://www.instagram.com/taylorswift  
Facebook: http://www.facebook.com/taylorswift   
Tumblr: http://taylorswift.tumblr.com  
Twitter: http://www.twitter.com/taylorswift13  
Website: http://www.taylorswift.com  

►Follow Taylor Nation Online 
Instagram: http://www.instagram.com/taylornation  
Tumblr: http://taylornation.tumblr.com  
Twitter: http://www.twitter.com/taylornation13 

#TaylorSwift #cardigan #folklore",2020-07-24 04:00:11+00:00,PT4M1S,43985671,459211,6710,https://i.ytimg.com/vi/zLSUp53y-HQ/default.jpg,https://i.ytimg.com/vi/zLSUp53y-HQ/mqdefault.jpg,https://i.ytimg.com/vi/zLSUp53y-HQ/hqdefault.jpg,,,
2s5xdY6MCeI,Taylor Swift - the last great american dynasty (Official Lyric Video),"Official lyric video by Taylor Swift performing “the last great american dynasty” – off her album ‘folklore.’

Stream/download ‘The Life of a Showgirl’: https://taylor.lnk.to/TSTheLifeofaShowgirlYD

►Subscribe to Taylor Swift on YouTube: https://ts.lnk.to/subscribe
►Shop Merch: http://taylorswift.lnk.to/store

►Follow Taylor Swift Online: 
TikTok: http://tiktok.com/@taylorswift 
Instagram: http://instagram.com/taylorswift 
Twitter: http://twitter.com/taylorswift13 
Snapchat: http://snapchat.com/add/taylorswift 
Facebook: http://facebook.com/taylorswift 
Tumblr: http://taylorswift.tumblr.com 
Website: http://www.taylorswift.com 

►Follow Taylor Nation Online 
TikTok: http://tiktok.com/@taylornation
Instagram: http://instagram.com/taylornation 
Twitter: http://twitter.com/taylornation13
Tumblr: http://taylornation.tumblr.com

#TaylorSwift #thelastgreatamericandynasty #folklore",2020-07-24 04:00:01+00:00,PT3M52S,30795877,367383,11867,https://i.ytimg.com/vi/2s5xdY6MCeI/default.jpg,https://i.ytimg.com/vi/2s5xdY6MCeI/mqdefault.jpg,https://i.ytimg.com/vi/2s5xdY6MCeI/hqdefault.jpg,,,
osdoLjUNFnA,Taylor Swift – exile (feat. Bon Iver) (Official Lyric Video),"Official lyric video by Taylor Swift feat. Bon Iver performing “exile” – off her album ‘folklore.’ 
Album available here: https://store.taylorswift.com 

►Subscribe to Taylor Swift on YouTube: https://ts.lnk.to/subscribe 
 
►Exclusive Merch: https://store.taylorswift.com  

►Follow Taylor Swift Online 
Instagram: http://www.instagram.com/taylorswift  
Facebook: http://www.facebook.com/taylorswift   
Tumblr: http://taylorswift.tumblr.com  
Twitter: http://www.twitter.com/taylorswift13  
Website: http://www.taylorswift.com  

►Follow Taylor Nation Online 
Instagram: http://www.instagram.com/taylornation  
Tumblr: http://taylornation.tumblr.com  
Twitter: http://www.twitter.com/taylornation13 

#TaylorSwift #exile #folklore",2020-07-24 04:00:21+00:00,PT4M47S,129167347,1307009,46387,https://i.ytimg.com/vi/osdoLjUNFnA/default.jpg,https://i.ytimg.com/vi/osdoLjUNFnA/mqdefault.jpg,https://i.ytimg.com/vi/osdoLjUNFnA/hqdefault.jpg,,,
OWbDJFtHl3w,Taylor Swift – my tears ricochet (Official Lyric Video),"Official lyric video by Taylor Swift performing “my tears ricochet” – off her album ‘folklore.’ 
Album available here: https://store.taylorswift.com 

►Subscribe to Taylor Swift on YouTube: https://ts.lnk.to/subscribe 
 
►Exclusive Merch: https://store.taylorswift.com  

►Follow Taylor Swift Online 
Instagram: http://www.instagram.com/taylorswift  
Facebook: http://www.facebook.com/taylorswift   
Tumblr: http://taylorswift.tumblr.com  
Twitter: http://www.twitter.com/taylorswift13  
Website: http://www.taylorswift.com  

►Follow Taylor Nation Online 
Instagram: http://www.instagram.com/taylornation  
Tumblr: http://taylornation.tumblr.com  
Twitter: http://www.twitter.com/taylornation13 

#TaylorSwift #mytearsricochet #folklore",2020-07-24 04:00:06+00:00,PT4M17S,56576985,518543,13404,https://i.ytimg.com/vi/OWbDJFtHl3w/default.jpg,https://i.ytimg.com/vi/OWbDJFtHl3w/mqdefault.jpg,https://i.ytimg.com/vi/OWbDJFtHl3w/hqdefault.jpg,,,
KaM1bCuG4xo,Taylor Swift – mirrorball (Official Lyric Video),"Official lyric video by Taylor Swift performing “mirrorball” – off her album ‘folklore.’ 
Album available here: https://store.taylorswift.com 

►Subscribe to Taylor Swift on YouTube: https://ts.lnk.to/subscribe 
 
►Exclusive Merch: https://store.taylorswift.com  

►Follow Taylor Swift Online 
Instagram: http://www.instagram.com/taylorswift  
Facebook: http://www.facebook.com/taylorswift   
Tumblr: http://taylorswift.tumblr.com  
Twitter: http://www.twitter.com/taylorswift13  
Website: http://www.taylorswift.com  

►Follow Taylor Nation Online 
Instagram: http://www.instagram.com/taylornation  
Tumblr: http://taylornation.tumblr.com  
Twitter: http://www.twitter.com/taylornation13 

#TaylorSwift #mirrorball #folklore",2020-07-24 04:00:04+00:00,PT3M30S,31543129,344586,8910,https://i.ytimg.com/vi/KaM1bCuG4xo/default.jpg,https://i.ytimg.com/vi/KaM1bCuG4xo/mqdefault.jpg,https://i.ytimg.com/vi/KaM1bCuG4xo/hqdefault.jpg,,,
pEY-GPsru_E,Taylor Swift – seven (Official Lyric Video),"Official lyric video by Taylor Swift performing “seven” – off her album ‘folklore.’ 
Album available here: https://store.taylorswift.com 

►Subscribe to Taylor Swift on YouTube: https://ts.lnk.to/subscribe 
 
►Exclusive Merch: https://store.taylorswift.com  

►Follow Taylor Swift Online 
Instagram: http://www.instagram.com/taylorswift  
Facebook: http://www.facebook.com/taylorswift   
Tumblr: http://taylorswift.tumblr.com  
Twitter: http://www.twitter.com/taylorswift13  
Website: http://www.taylorswift.com  

►Follow Taylor Nation Online 
Instagram: http://www.instagram.com/taylornation  
Tumblr: http://taylornation.tumblr.com  
Twitter: http://www.twitter.com/taylornation13 

#TaylorSwift #seven #folklore",2020-07-24 04:00:17+00:00,PT3M30S,24319037,324917,12188,https://i.ytimg.com/vi/pEY-GPsru_E/default.jpg,https://i.ytimg.com/vi/pEY-GPsru_E/mqdefault.jpg,https://i.ytimg.com/vi/pEY-GPsru_E/hqdefault.jpg,,,
nn_0zPAfyo8,Taylor Swift – august (Official Lyric Video),"Official lyric video by Taylor Swift performing “august” – off her album ‘folklore.’ 
Album available here: https://store.taylorswift.com 

►Subscribe to Taylor Swift on YouTube: https://ts.lnk.to/subscribe 
 
►Exclusive Merch: https://store.taylorswift.com  

►Follow Taylor Swift Online 
Instagram: http://www.instagram.com/taylorswift  
Facebook: http://www.facebook.com/taylorswift   
Tumblr: http://taylorswift.tumblr.com  
Twitter: http://www.twitter.com/taylorswift13  
Website: http://www.taylorswift.com  

►Follow Taylor Nation Online 
Instagram: http://www.instagram.com/taylornation  
Tumblr: http://taylornation.tumblr.com  
Twitter: http://www.twitter.com/taylornation13 

#TaylorSwift #august #folklore",2020-07-24 04:00:15+00:00,PT4M24S,131357919,1107679,39577,https://i.ytimg.com/vi/nn_0zPAfyo8/default.jpg,https://i.ytimg.com/vi/nn_0zPAfyo8/mqdefault.jpg,https://i.ytimg.com/vi/nn_0zPAfyo8/hqdefault.jpg,,,
9bdLTPNrlEg,Taylor Swift – this is me trying (Official Lyric Video),"Official lyric video by Taylor Swift performing “this is me trying” – off her album ‘folklore.’ 
Album available here: https://store.taylorswift.com 

❤️‍🔥Stream/download ‘The Life of a Showgirl’: https://taylor.lnk.to/TSTheLifeofaShowgirlYD

►Subscribe to Taylor Swift on YouTube: https://ts.lnk.to/subscribe
►Shop Merch: http://taylorswift.lnk.to/store

►Follow Taylor Swift Online: 
TikTok: http://tiktok.com/@taylorswift 
Instagram: http://instagram.com/taylorswift 
Twitter: http://twitter.com/taylorswift13 
Snapchat: http://snapchat.com/add/taylorswift 
Facebook: http://facebook.com/taylorswift 
Tumblr: http://taylorswift.tumblr.com 
Website: http://www.taylorswift.com 

►Follow Taylor Nation Online:
TikTok: http://tiktok.com/@taylornation
Instagram: http://instagram.com/taylornation 
Twitter: http://twitter.com/taylornation13
Tumblr: http://taylornation.tumblr.com

#TaylorSwift #thisismetrying #folklore",2020-07-24 04:00:04+00:00,PT3M16S,26544076,349208,9557,https://i.ytimg.com/vi/9bdLTPNrlEg/default.jpg,https://i.ytimg.com/vi/9bdLTPNrlEg/mqdefault.jpg,https://i.ytimg.com/vi/9bdLTPNrlEg/hqdefault.jpg,,,
MLV2SJKWk4M,Taylor Swift – illicit affairs (Official Lyric Video),"Official lyric video by Taylor Swift performing “illicit affairs” – off her album ‘folklore.’ 
Album available here: https://store.taylorswift.com 

►Subscribe to Taylor Swift on YouTube: https://ts.lnk.to/subscribe 
 
►Exclusive Merch: https://store.taylorswift.com  

►Follow Taylor Swift Online 
Instagram: http://www.instagram.com/taylorswift  
Facebook: http://www.facebook.com/taylorswift   
Tumblr: http://taylorswift.tumblr.com  
Twitter: http://www.twitter.com/taylorswift13  
Website: http://www.taylorswift.com  

►Follow Taylor Nation Online 
Instagram: http://www.instagram.com/taylornation  
Tumblr: http://taylornation.tumblr.com  
Twitter: http://www.twitter.com/taylornation13 

#TaylorSwift #illicitaffairs #folklore",2020-07-24 04:00:04+00:00,PT3M12S,31645197,321768,7585,https://i.ytimg.com/vi/MLV2SJKWk4M/default.jpg,https://i.ytimg.com/vi/MLV2SJKWk4M/mqdefault.jpg,https://i.ytimg.com/vi/MLV2SJKWk4M/hqdefault.jpg,,,
OuFnpmGwg5k,Taylor Swift – invisible string (Official Lyric Video),"Official lyric video by Taylor Swift performing “invisible string” – off her album ‘folklore.’ 
Album available here: https://store.taylorswift.com 

►Subscribe to Taylor Swift on YouTube: https://ts.lnk.to/subscribe 
 
►Exclusive Merch: https://store.taylorswift.com  

►Follow Taylor Swift Online 
Instagram: http://www.instagram.com/taylorswift  
Facebook: http://www.facebook.com/taylorswift   
Tumblr: http://taylorswift.tumblr.com  
Twitter: http://www.twitter.com/taylorswift13  
Website: http://www.taylorswift.com  

►Follow Taylor Nation Online 
Instagram: http://www.instagram.com/taylornation  
Tumblr: http://taylornation.tumblr.com  
Twitter: http://www.twitter.com/taylornation13 

#TaylorSwift #invisiblestring #folklore",2020-07-24 04:00:04+00:00,PT4M14S,32472826,346642,9638,https://i.ytimg.com/vi/OuFnpmGwg5k/default.jpg,https://i.ytimg.com/vi/OuFnpmGwg5k/mqdefault.jpg,https://i.ytimg.com/vi/OuFnpmGwg5k/hqdefault.jpg,,,
6DP4q_1EgQQ,Taylor Swift – mad woman (Official Lyric Video),"Official lyric video by Taylor Swift performing “mad woman” – off her album ‘folklore.’ 
Album available here: https://store.taylorswift.com 

Stream/download ‘The Life of a Showgirl’: https://taylor.lnk.to/TSTheLifeofaShowgirlYD

►Subscribe to Taylor Swift on YouTube: https://ts.lnk.to/subscribe
►Shop Merch: http://taylorswift.lnk.to/store

►Follow Taylor Swift Online: 
TikTok: http://tiktok.com/@taylorswift 
Instagram: http://instagram.com/taylorswift 
Twitter: http://twitter.com/taylorswift13 
Snapchat: http://snapchat.com/add/taylorswift 
Facebook: http://facebook.com/taylorswift 
Tumblr: http://taylorswift.tumblr.com 
Website: http://www.taylorswift.com 

►Follow Taylor Nation Online 
TikTok: http://tiktok.com/@taylornation
Instagram: http://instagram.com/taylornation 
Twitter: http://twitter.com/taylornation13
Tumblr: http://taylornation.tumblr.com

#TaylorSwift #madwoman #folklore",2020-07-24 04:00:02+00:00,PT3M59S,15006187,262432,8505,https://i.ytimg.com/vi/6DP4q_1EgQQ/default.jpg,https://i.ytimg.com/vi/6DP4q_1EgQQ/mqdefault.jpg,https://i.ytimg.com/vi/6DP4q_1EgQQ/hqdefault.jpg,,,
DUnDkI7l9LQ,Taylor Swift – epiphany (Official Lyric Video),"Official lyric video by Taylor Swift performing “epiphany” – off her album ‘folklore.’ 
Album available here: https://store.taylorswift.com 

►Subscribe to Taylor Swift on YouTube: https://ts.lnk.to/subscribe 
 
►Exclusive Merch: https://store.taylorswift.com  

►Follow Taylor Swift Online 
Instagram: http://www.instagram.com/taylorswift  
Facebook: http://www.facebook.com/taylorswift   
Tumblr: http://taylorswift.tumblr.com  
Twitter: http://www.twitter.com/taylorswift13  
Website: http://www.taylorswift.com  

►Follow Taylor Nation Online 
Instagram: http://www.instagram.com/taylornation  
Tumblr: http://taylornation.tumblr.com  
Twitter: http://www.twitter.com/taylornation13 

#TaylorSwift #epiphany #folklore",2020-07-24 04:00:02+00:00,PT4M51S,13355546,238459,9826,https://i.ytimg.com/vi/DUnDkI7l9LQ/default.jpg,https://i.ytimg.com/vi/DUnDkI7l9LQ/mqdefault.jpg,https://i.ytimg.com/vi/DUnDkI7l9LQ/hqdefault.jpg,,,
6TAPqXkZW_I,Taylor Swift – betty (Official Lyric Video),"Official lyric video by Taylor Swift performing “betty” – off her album ‘folklore.’  Album available here: https://store.taylorswift.com 

Stream/download ‘The Life of a Showgirl’: https://taylor.lnk.to/TSTheLifeofaShowgirlYD

►Subscribe to Taylor Swift on YouTube: https://ts.lnk.to/subscribe
►Shop Merch: http://taylorswift.lnk.to/store

►Follow Taylor Swift Online: 
TikTok: http://tiktok.com/@taylorswift 
Instagram: http://instagram.com/taylorswift 
Twitter: http://twitter.com/taylorswift13 
Snapchat: http://snapchat.com/add/taylorswift 
Facebook: http://facebook.com/taylorswift 
Tumblr: http://taylorswift.tumblr.com 
Website: http://www.taylorswift.com 

►Follow Taylor Nation Online 
TikTok: http://tiktok.com/@taylornation
Instagram: http://instagram.com/taylornation 
Twitter: http://twitter.com/taylornation13
Tumblr: http://taylornation.tumblr.com

#TaylorSwift #betty #folklore",2020-07-24 04:00:03+00:00,PT4M56S,32727406,428110,17377,https://i.ytimg.com/vi/6TAPqXkZW_I/default.jpg,https://i.ytimg.com/vi/6TAPqXkZW_I/mqdefault.jpg,https://i.ytimg.com/vi/6TAPqXkZW_I/hqdefault.jpg,,,
HpxX4ZE4KWE,Taylor Swift – peace (Official Lyric Video),"Official lyric video by Taylor Swift performing “peace” – off her album ‘folklore.’ 
Album available here: https://store.taylorswift.com 

►Subscribe to Taylor Swift on YouTube: https://ts.lnk.to/subscribe 
 
►Exclusive Merch: https://store.taylorswift.com  

►Follow Taylor Swift Online 
Instagram: http://www.instagram.com/taylorswift  
Facebook: http://www.facebook.com/taylorswift   
Tumblr: http://taylorswift.tumblr.com  
Twitter: http://www.twitter.com/taylorswift13  
Website: http://www.taylorswift.com  

►Follow Taylor Nation Online 
Instagram: http://www.instagram.com/taylornation  
Tumblr: http://taylornation.tumblr.com  
Twitter: http://www.twitter.com/taylornation13 

#TaylorSwift #peace #folklore",2020-07-24 04:00:10+00:00,PT3M55S,11170624,205906,6681,https://i.ytimg.com/vi/HpxX4ZE4KWE/default.jpg,https://i.ytimg.com/vi/HpxX4ZE4KWE/mqdefault.jpg,https://i.ytimg.com/vi/HpxX4ZE4KWE/hqdefault.jpg,,,
ryLGxpjwAhM,Taylor Swift – hoax (Official Lyric Video),"Official lyric video by Taylor Swift performing “hoax” – off her album ‘folklore.’ 
Album available here: https://store.taylorswift.com 

►Subscribe to Taylor Swift on YouTube: https://ts.lnk.to/subscribe 
 
►Exclusive Merch: https://store.taylorswift.com  

►Follow Taylor Swift Online 
Instagram: http://www.instagram.com/taylorswift  
Facebook: http://www.facebook.com/taylorswift   
Tumblr: http://taylorswift.tumblr.com  
Twitter: http://www.twitter.com/taylorswift13  
Website: http://www.taylorswift.com  

►Follow Taylor Nation Online 
Instagram: http://www.instagram.com/taylornation  
Tumblr: http://taylornation.tumblr.com  
Twitter: http://www.twitter.com/taylornation13 

#TaylorSwift #hoax #folklore",2020-07-24 04:00:21+00:00,PT3M42S,14519592,280058,8954,https://i.ytimg.com/vi/ryLGxpjwAhM/default.jpg,https://i.ytimg.com/vi/ryLGxpjwAhM/mqdefault.jpg,https://i.ytimg.com/vi/ryLGxpjwAhM/hqdefault.jpg,,,
tOHcAc3r2kw,Taylor Swift - the lakes (Official Lyric Video),"Official lyric video by Taylor Swift performing “the lakes” – off her album ‘folklore.’ 
Album available here: https://store.taylorswift.com  

►Subscribe to Taylor Swift on YouTube: https://ts.lnk.to/subscribe   
 
►Exclusive Merch: https://store.taylorswift.com   

►Follow Taylor Swift Online 
Instagram: http://www.instagram.com/taylorswift    
Facebook: http://www.facebook.com/taylorswift     
Tumblr: http://taylorswift.tumblr.com   
Twitter: http://www.twitter.com/taylorswift13 
Website: http://www.taylorswift.com 

►Follow Taylor Nation Online 
Instagram: http://www.instagram.com/taylornation   
Tumblr: http://taylornation.tumblr.com    
Twitter: http://www.twitter.com/taylornation13  

#TaylorSwift #thelakes #folklore


Music video by Taylor Swift performing the lakes (Lyric Video). © 2020 Taylor Swift",2020-08-18 07:00:15+00:00,PT3M31S,14381669,358988,15957,https://i.ytimg.com/vi/tOHcAc3r2kw/default.jpg,https://i.ytimg.com/vi/tOHcAc3r2kw/mqdefault.jpg,https://i.ytimg.com/vi/tOHcAc3r2kw/hqdefault.jpg,,,
orXAg5dIMa8,Taylor Swift - betty (Live from the 2020 Academy of Country Music Awards),"“betty” Live from the 2020 Academy of Country Music Awards
 
folklore available here: https://store.taylorswift.com
 
►Subscribe to Taylor Swift on YouTube: https://ts.lnk.to/subscribe
 
►Exclusive Merch: https://store.taylorswift.com

►Follow Taylor Swift Online

Instagram: http://www.instagram.com/taylorswift
Facebook: http://www.facebook.com/taylorswift
Tumblr: http://taylorswift.tumblr.com
Twitter: http://www.twitter.com/taylorswift13
Website: http://www.taylorswift.com
 
►Follow Taylor Nation Online
Instagram: http://www.instagram.com/taylornation
Tumblr: http://taylornation.tumblr.com
Twitter: http://www.twitter.com/taylornation13

#TaylorSwift #betty #ACM

http://vevo.ly/pWBe5l",2020-09-17 06:00:03+00:00,PT5M17S,25696823,611929,29245,https://i.ytimg.com/vi/orXAg5dIMa8/default.jpg,https://i.ytimg.com/vi/orXAg5dIMa8/mqdefault.jpg,https://i.ytimg.com/vi/orXAg5dIMa8/hqdefault.jpg,,,
y8tF0yRl8-w,taylor swift - the lakes (original version) [audio],"Download “the lakes (original version)” here: https://taylor.lnk.to/thelakesoriginal

►Subscribe to Taylor Swift: https://ts.lnk.to/subscribe 
 
►Exclusive Merch: http://taylorswift.lnk.to/store

►Follow Taylor Swift online:
Instagram: http://instagram.com/taylorswift  
Facebook: http://facebook.com/taylorswift  
Tumblr: http://taylorswift.tumblr.com  
Twitter: http://twitter.com/taylorswift13  
Snapchat: http://snapchat.com/add/taylorswift
Website: http://www.taylorswift.com  


►Follow Taylor Nation Online
Instagram: http://instagram.com/taylornation  
Tumblr: http://taylornation.tumblr.com  
Twitter: http://twitter.com/taylornation13
TikTok: http://tiktok.com/@taylornation

#taylorswift #thelakes #folklore",2021-07-24 13:00:32+00:00,PT3M48S,3956987,212147,13571,https://i.ytimg.com/vi/y8tF0yRl8-w/default.jpg,https://i.ytimg.com/vi/y8tF0yRl8-w/mqdefault.jpg,https://i.ytimg.com/vi/y8tF0yRl8-w/hqdefault.jpg,,,
GPQdWYNi8Wc,Taylor Swift - The Making of 'cardigan' | Vevo Footnotes,"Taylor Swift - The Making of cardigan - (Vevo Footnotes)

Our 'Footnotes' series fills in fans on the particulars of its videos, and in the best cases, reveals a few secrets, too. That was the case when we connected with Taylor Swift for info regarding the writing and shooting of ""cardigan"" from her new 'folklore' album - she really dug deep to give us the goods. This episode is teeming with narrative details. Watch closely and learn about TS's grandfather, her painting skills, the songs' relationship to each other, and the clever plot device that serves as a very resonant metaphor. Taylor had a lot in mind when she was directing the vid, and there's PLENTY to be absorbed in this edition of Footnotes. Share it with a pal. 

►Subscribe to Taylor Swift on YouTube: https://ts.lnk.to/subscribe

►Exclusive Merch: https://store.taylorswift.com

►Follow Taylor Swift Online
Instagram: http://www.instagram.com/taylorswift
Facebook: http://www.facebook.com/taylorswift
Tumblr: http://taylorswift.tumblr.com
Twitter: http://www.twitter.com/taylorswift13
Website: http://www.taylorswift.com

►Follow Taylor Nation Online
Instagram: http://www.instagram.com/taylornation
Tumblr: http://taylornation.tumblr.com
Twitter: http://www.twitter.com/taylornation13

Vevo Footnotes
Executive Producer: Micah Bickham
Producer: Priya Minhas
Editor: Austin Prahl
Music & Talent: Annie Shapiro & Sam Mackoff

#TaylorSwift  #cardigan  #TheMakingOfcardigan #folklore

Music video by Taylor Swift performing cardigan ((Footnotes) | Vevo). © 2020 Taylor Swift",2020-08-17 16:00:31+00:00,PT4M36S,3044062,127022,4360,https://i.ytimg.com/vi/GPQdWYNi8Wc/default.jpg,https://i.ytimg.com/vi/GPQdWYNi8Wc/mqdefault.jpg,https://i.ytimg.com/vi/GPQdWYNi8Wc/hqdefault.jpg,,,
jgdFUoZzCI0,Taylor Swift – folklore: the long pond studio sessions | Official Trailer | Disney+,"Official trailer for folklore: the long pond studio sessions. An original film streaming now exclusively on #DisneyPlus. #FolkloreOnDisneyPlus 

folklore album available here: https://taylor.lnk.to/folkloredlx
 
►Subscribe to Taylor Swift on YouTube: https://ts.lnk.to/subscribe
 
►Exclusive Merch: https://store.taylorswift.com

►Follow Taylor Swift Online

Instagram: http://www.instagram.com/taylorswift
Facebook: http://www.facebook.com/taylorswift
Tumblr: http://taylorswift.tumblr.com
Twitter: http://www.twitter.com/taylorswift13
Website: http://www.taylorswift.com
 
►Follow Taylor Nation Online
Instagram: http://www.instagram.com/taylornation
Tumblr: http://taylornation.tumblr.com
Twitter: http://www.twitter.com/taylornation13",2020-11-24 13:15:46+00:00,PT1M57S,1574872,155180,11181,https://i.ytimg.com/vi/jgdFUoZzCI0/default.jpg,https://i.ytimg.com/vi/jgdFUoZzCI0/mqdefault.jpg,https://i.ytimg.com/vi/jgdFUoZzCI0/hqdefault.jpg,,,
i50QUXDeC80,Taylor Swift - cardigan (cabin in candlelight version / Visualizer),Music video by Taylor Swift performing cardigan (cabin in candlelight version / Visualizer). © 2020 Taylor Swift,2020-07-30 04:00:12+00:00,PT3M48S,4667512,245381,2980,https://i.ytimg.com/vi/i50QUXDeC80/default.jpg,https://i.ytimg.com/vi/i50QUXDeC80/mqdefault.jpg,https://i.ytimg.com/vi/i50QUXDeC80/hqdefault.jpg,,,
pCH19_8E4Hw,Taylor Swift - Lavender Haze (Behind The Scenes),"Behind the scenes of “Lavender Haze” from the album Midnights. 

Watch ""Lavender Haze"" Official Music Video:  taylor.lnk.to/lavenderhazemusicvideo
Stream/download ""Lavender Haze"" Remixes: taylor.lnk.to/lhremixes  
Stream/download Midnights: taylor.lnk.to/TSMidnights

►Subscribe to Taylor Swift on YouTube: https://ts.lnk.to/subscribe 
 
►Exclusive Merch: http://taylorswift.lnk.to/store

►Follow Taylor Swift online:
Instagram: http://instagram.com/taylorswift  
TikTok: http:/tiktok.com/@taylorswift 
Facebook: http://facebook.com/taylorswift  
Tumblr: http://taylorswift.tumblr.com  
Twitter: http://twitter.com/taylorswift13  
Snapchat: http://snapchat.com/add/taylorswift
Website: http://www.taylorswift.com  

►Follow Taylor Nation Online
Instagram: http://instagram.com/taylornation  
TikTok: http:/tiktok.com/@taylornation
Tumblr: http://taylornation.tumblr.com  
Twitter: http://twitter.com/taylornation13

#TaylorSwift #BTS #LavenderHaze #TSMidnights",2023-03-03 04:56:53+00:00,PT3M32S,2044229,130812,3756,https://i.ytimg.com/vi/pCH19_8E4Hw/default.jpg,https://i.ytimg.com/vi/pCH19_8E4Hw/mqdefault.jpg,https://i.ytimg.com/vi/pCH19_8E4Hw/hqdefault.jpg,,,
M0Ku_op-LXI,Taylor Swift - All Too Well: The Short Film (Behind The Scenes),"Behind the scenes of “All Too Well (10 Minute Version): The Short Film” from the album Red (Taylor’s Version). 

Watch All Too Well: The Short Film:  taylor.lnk.to/ATWshortfilm
Stream/download “All Too Well (10 Minute Version) (Taylor’s Version) (From the Vault)”: taylor.lnk.to/atw-collection   
Stream/download Red (Taylor’s Version):  taylor.lnk.to/redtaylorsversion

►Subscribe to Taylor Swift on YouTube: https://ts.lnk.to/subscribe 
 
►Exclusive Merch: http://taylorswift.lnk.to/store

►Follow Taylor Swift online:
Instagram: http://instagram.com/taylorswift  
TikTok: http:/tiktok.com/@taylorswift 
Facebook: http://facebook.com/taylorswift  
Tumblr: http://taylorswift.tumblr.com  
Twitter: http://twitter.com/taylorswift13  
Snapchat: http://snapchat.com/add/taylorswift
Website: http://www.taylorswift.com  

►Follow Taylor Nation Online
Instagram: http://instagram.com/taylornation  
TikTok: http:/tiktok.com/@taylornation
Tumblr: http://taylornation.tumblr.com  
Twitter: http://twitter.com/taylornation13

#TaylorSwift #BTS #AllTooWell #RedTaylorsVersion",2022-12-08 14:00:09+00:00,PT6M57S,7909405,431575,7497,https://i.ytimg.com/vi/M0Ku_op-LXI/default.jpg,https://i.ytimg.com/vi/M0Ku_op-LXI/mqdefault.jpg,https://i.ytimg.com/vi/M0Ku_op-LXI/hqdefault.jpg,,,
IQL1vIP9sos,Taylor Swift - The Man (Behind The Scenes: The Umpire),"‘folklore’ album out now: https://store.taylorswift.com 

“The Man” – off her album ‘Lover.’ Stream/Download the album here: https://TaylorSwift.lnk.to/Loversu

►Subscribe to Taylor Swift on YouTube: https://ts.lnk.to/subscribe

►Exclusive Merch: https://store.taylorswift.com

►Follow Taylor Swift Online
Instagram: http://www.instagram.com/taylorswift
Facebook: http://www.facebook.com/taylorswift
Tumblr: http://taylorswift.tumblr.com
Twitter: http://www.twitter.com/taylorswift13
Website: http://www.taylorswift.com

►Follow Taylor Nation Online
Instagram: http://www.instagram.com/taylornation
Tumblr: http://taylornation.tumblr.com
Twitter: http://www.twitter.com/taylornation13

#TaylorSwift #TheMan #BTS

Music video by Taylor Swift performing The Man (Behind The Scenes: The Umpire). © 2020 Taylor Swift",2020-03-20 18:01:06+00:00,PT52S,890061,42699,1152,https://i.ytimg.com/vi/IQL1vIP9sos/default.jpg,https://i.ytimg.com/vi/IQL1vIP9sos/mqdefault.jpg,https://i.ytimg.com/vi/IQL1vIP9sos/hqdefault.jpg,,,
mxtUnuldKgc,Taylor Swift - The Man (Behind The Scenes: Directing),"“The Man” – off her album ‘Lover.’ Stream/Download the album here: https://TaylorSwift.lnk.to/Loversu

🕰️ Pre-order the new album Midnights by Taylor Swift available everywhere October 21: 
https://taylor.lnk.to/taylorswiftmidnightsYT

►Subscribe to Taylor Swift on YouTube: https://ts.lnk.to/subscribe

►Exclusive Merch: https://store.taylorswift.com

►Follow Taylor Swift Online
Instagram: http://www.instagram.com/taylorswift
Facebook: http://www.facebook.com/taylorswift
Tumblr: http://taylorswift.tumblr.com
Twitter: http://www.twitter.com/taylorswift13
Website: http://www.taylorswift.com

►Follow Taylor Nation Online
Instagram: http://www.instagram.com/taylornation
Tumblr: http://taylornation.tumblr.com
Twitter: http://www.twitter.com/taylornation13

#TaylorSwift #TheMan #BTS

Music video by Taylor Swift performing The Man (Behind The Scenes: Directing). © 2020 Taylor Swift

http://vevo.ly/MRVQpk",2020-03-10 12:45:00+00:00,PT4M10S,2199193,111437,3354,https://i.ytimg.com/vi/mxtUnuldKgc/default.jpg,https://i.ytimg.com/vi/mxtUnuldKgc/mqdefault.jpg,https://i.ytimg.com/vi/mxtUnuldKgc/hqdefault.jpg,,,
a5gXfaAFPOM,Taylor Swift - The Man (Becoming The Man: Behind The Scenes),"“The Man” – off her album ‘Lover.’ Stream/Download the album here: https://TaylorSwift.lnk.to/Loversu

❤️‍🔥Stream/download ‘The Life of a Showgirl’: https://taylor.lnk.to/TSTheLifeofaShowgirlYD

►Subscribe to Taylor Swift on YouTube: https://ts.lnk.to/subscribe
►Shop Merch: http://taylorswift.lnk.to/store

►Follow Taylor Swift Online: 
TikTok: http://tiktok.com/@taylorswift 
Instagram: http://instagram.com/taylorswift 
Twitter: http://twitter.com/taylorswift13 
Snapchat: http://snapchat.com/add/taylorswift 
Facebook: http://facebook.com/taylorswift 
Tumblr: http://taylorswift.tumblr.com 
Website: http://www.taylorswift.com 

►Follow Taylor Nation Online:
TikTok: http://tiktok.com/@taylornation
Instagram: http://instagram.com/taylornation 
Twitter: http://twitter.com/taylornation13
Tumblr: http://taylornation.tumblr.com

#TaylorSwift #TheMan #BTS

Music video by Taylor Swift performing Becoming The Man (Behind The Scenes). © 2020 Taylor Swift",2020-03-06 13:15:00+00:00,PT3M15S,4314958,206899,6647,https://i.ytimg.com/vi/a5gXfaAFPOM/default.jpg,https://i.ytimg.com/vi/a5gXfaAFPOM/mqdefault.jpg,https://i.ytimg.com/vi/a5gXfaAFPOM/hqdefault.jpg,,,
SYd0pYqOJqA,You Need To Calm Down Behind The Scenes: Friends & Neighbors,"‘folklore’ album out now: https://store.taylorswift.com 

Watch the Official Music Video for You Need To Calm Down: https://taylorswift.lnk.to/YNTCDyd/yo...

►Download “You Need To Calm Down"" here: https://TaylorSwift.lnk.to/YNTCDsu

►Pre-Order ‘Lover’ here: https://TaylorSwift.lnk.to/Loversu

►Shop The Looks From The Video: https://store.taylorswift.com

►Follow Taylor Swift Online
Instagram: http://www.instagram.com/taylorswift
Facebook: http://www.facebook.com/taylorswift
Tumblr: http://taylorswift.tumblr.com
Twitter: http://www.twitter.com/taylorswift13
Website: http://www.taylorswift.com

►Follow Taylor Nation Online
Instagram: http://www.instagram.com/taylornation
Tumblr: http://taylornation.tumblr.com
Twitter: http://www.twitter.com/taylornation13

© 2019 Taylor Swift

#TaylorSwift #YouNeedToCalmDown",2019-07-18 15:50:29+00:00,PT3M2S,2313549,102902,2366,https://i.ytimg.com/vi/SYd0pYqOJqA/default.jpg,https://i.ytimg.com/vi/SYd0pYqOJqA/mqdefault.jpg,https://i.ytimg.com/vi/SYd0pYqOJqA/hqdefault.jpg,,,
s4MN_hGvTCA,You Need To Calm Down Behind The Scenes: Morning Routine,"‘folklore’ album out now: https://store.taylorswift.com 

Watch the Official Music Video for You Need To Calm Down: https://taylorswift.lnk.to/YNTCDyd/yo...

►Download “You Need To Calm Down"" here: https://TaylorSwift.lnk.to/YNTCDsu

►Pre-Order ‘Lover’ here: https://TaylorSwift.lnk.to/Loversu

►Shop The Looks From The Video: https://store.taylorswift.com

►Follow Taylor Swift Online
Instagram: http://www.instagram.com/taylorswift
Facebook: http://www.facebook.com/taylorswift
Tumblr: http://taylorswift.tumblr.com
Twitter: http://www.twitter.com/taylorswift13
Website: http://www.taylorswift.com

►Follow Taylor Nation Online
Instagram: http://www.instagram.com/taylornation
Tumblr: http://taylornation.tumblr.com
Twitter: http://www.twitter.com/taylornation13

© 2019 Taylor Swift

#TaylorSwift #YouNeedToCalmDown",2019-07-09 13:42:45+00:00,PT3M1S,3523276,146241,4347,https://i.ytimg.com/vi/s4MN_hGvTCA/default.jpg,https://i.ytimg.com/vi/s4MN_hGvTCA/mqdefault.jpg,https://i.ytimg.com/vi/s4MN_hGvTCA/hqdefault.jpg,,,
6MLzSp0OJL0,You Need To Calm Down Behind The Scenes: Pop Queen Pageant,"‘folklore’ album out now: https://store.taylorswift.com 

Watch the Official Music Video for You Need To Calm Down: https://taylorswift.lnk.to/YNTCDyd/youtube

►Download “You Need To Calm Down"" here: https://TaylorSwift.lnk.to/YNTCDsu

►Pre-Order ‘Lover’ here: https://TaylorSwift.lnk.to/Loversu

►Shop The Looks From The Video: https://store.taylorswift.com

►Follow Taylor Swift Online
Instagram: http://www.instagram.com/taylorswift
Facebook: http://www.facebook.com/taylorswift
Tumblr: http://taylorswift.tumblr.com
Twitter: http://www.twitter.com/taylorswift13
Website: http://www.taylorswift.com

►Follow Taylor Nation Online
Instagram: http://www.instagram.com/taylornation
Tumblr: http://taylornation.tumblr.com
Twitter: http://www.twitter.com/taylornation13

Featuring appearances by (in alphabetical order):
A'keria Davenport
Adore Delano
Delta Work
Jade Jolie
Riley Knoxx
Tatianna
Todrick Hall
Trinity K Bonet
Trinity Taylor


© 2019 Taylor Swift

#TaylorSwift #YouNeedToCalmDown #TaylorSwiftLover",2019-06-20 15:00:01+00:00,PT2M55S,3230715,166177,4472,https://i.ytimg.com/vi/6MLzSp0OJL0/default.jpg,https://i.ytimg.com/vi/6MLzSp0OJL0/mqdefault.jpg,https://i.ytimg.com/vi/6MLzSp0OJL0/hqdefault.jpg,,,
lj2mZ8zDToY,ME! Behind The Scenes: Je Suis Calme,"‘folklore’ album out now: https://store.taylorswift.com 

Watch the Official Music Video for ME!: https://taylorswift.lnk.to/MEyd/youtube

Download ME! here: https://TaylorSwift.lnk.to/MeYD

Lover out everywhere August 23. Pre-order now: 
https://TaylorSwift.lnk.to/LoverYD


►Exclusive Merch: https://store.taylorswift.com

►Follow Taylor Swift Online
Instagram: http://www.instagram.com/taylorswift
Facebook: http://www.facebook.com/taylorswift
Tumblr: http://taylorswift.tumblr.com
Twitter: http://www.twitter.com/taylorswift13
Website: http://www.taylorswift.com

►Follow Taylor Nation Online
Instagram: http://www.instagram.com/taylornation
Tumblr: http://taylornation.tumblr.com
Twitter: http://www.twitter.com/taylornation13

Video Director: Dave Meyers & Taylor Swift
Executive Producer: Nathan Scherrer
Video Producer: Dawn Rose for Freenjoy, Inc.

© 2019 Taylor Swift",2019-05-01 19:25:22+00:00,PT3M17S,5280228,210676,6088,https://i.ytimg.com/vi/lj2mZ8zDToY/default.jpg,https://i.ytimg.com/vi/lj2mZ8zDToY/mqdefault.jpg,https://i.ytimg.com/vi/lj2mZ8zDToY/hqdefault.jpg,,,
MUf1ili4Zew,ME! Behind The Scenes: The Story of Benjamin Button,"‘folklore’ album out now: https://store.taylorswift.com 

Watch the Official Music Video for ME!: https://taylorswift.lnk.to/MEyd/youtube

Download ME! here: https://TaylorSwift.lnk.to/MeYD

Lover out everywhere August 23. Pre-order now: 
https://TaylorSwift.lnk.to/LoverYD




►Exclusive Merch: https://store.taylorswift.com

►Follow Taylor Swift Online
Instagram: http://www.instagram.com/taylorswift
Facebook: http://www.facebook.com/taylorswift
Tumblr: http://taylorswift.tumblr.com
Twitter: http://www.twitter.com/taylorswift13
Website: http://www.taylorswift.com

►Follow Taylor Nation Online
Instagram: http://www.instagram.com/taylornation
Tumblr: http://taylornation.tumblr.com
Twitter: http://www.twitter.com/taylornation13

Video Director: Dave Meyers & Taylor Swift
Executive Producer: Nathan Scherrer
Video Producer: Dawn Rose for Freenjoy, Inc.

© 2019 Taylor Swift",2019-04-30 10:11:11+00:00,PT3M9S,7209817,314669,10962,https://i.ytimg.com/vi/MUf1ili4Zew/default.jpg,https://i.ytimg.com/vi/MUf1ili4Zew/mqdefault.jpg,https://i.ytimg.com/vi/MUf1ili4Zew/hqdefault.jpg,,,
hKcEdTPOGGw,Lover Album Photoshoot: Behind The Scenes,"‘folklore’ album out now: https://store.taylorswift.com 

Join the live event for an exclusive live performance, Q&A, and a closer look at the new album before the world premiere of the ""Lover"" music video. https://ts.lnk.to/LoverMV


►Pre-Order ‘Lover’ here: https://TaylorSwift.lnk.to/Loversu

►Exclusive Merch: https://store.taylorswift.com

►For more information on Stella x Taylor Swift, go to https://www.stellamccartney.com and https://www.taylorswift.com

►Follow Taylor Swift Online
Instagram: http://www.instagram.com/taylorswift
Facebook: http://www.facebook.com/taylorswift
Tumblr: http://taylorswift.tumblr.com
Twitter: http://www.twitter.com/taylorswift13
Website: http://www.taylorswift.com

►Follow Taylor Nation Online
Instagram: http://www.instagram.com/taylornation
Tumblr: http://taylornation.tumblr.com
Twitter: http://www.twitter.com/taylornation13

#LoversLounge #TaylorSwift",2019-08-23 16:03:43+00:00,PT2M2S,2497042,62435,1764,https://i.ytimg.com/vi/hKcEdTPOGGw/default.jpg,https://i.ytimg.com/vi/hKcEdTPOGGw/mqdefault.jpg,https://i.ytimg.com/vi/hKcEdTPOGGw/hqdefault.jpg,,,
O2Irnn7F1PM,Taylor Swift - The Making Of Christmas Tree Farm,"►Watch the official music video for ""Christmas Tree Farm"" performed by Taylor Swift: https://taylor.lnk.to/XMASTreeFarm/youtube

►Stream / download the song: https://taylor.lnk.to/XMASTreeFarmID

►Subscribe to Taylor Swift on YouTube: https://ts.lnk.to/subscribe

►Exclusive Merch: https://store.taylorswift.com

►Follow Taylor Swift online:
Instagram: http://www.instagram.com/taylorswift
Facebook: http://www.facebook.com/taylorswift
Tumblr: http://taylorswift.tumblr.com
Twitter: http://www.twitter.com/taylorswift13
Website: http://www.taylorswift.com

►Follow Taylor Nation online:
Instagram: http://www.instagram.com/taylornation
Tumblr: http://taylornation.tumblr.com
Twitter: http://www.twitter.com/taylornation13

#TaylorSwift #ChristmasTreeFarm #BehindTheScenes",2019-12-23 14:00:49+00:00,PT4M43S,2791004,133205,5337,https://i.ytimg.com/vi/O2Irnn7F1PM/default.jpg,https://i.ytimg.com/vi/O2Irnn7F1PM/mqdefault.jpg,https://i.ytimg.com/vi/O2Irnn7F1PM/hqdefault.jpg,,,
hNHBVaFueYw,How To Be A Cat,"►Go see CATS in theaters on December 20! Get tickets: https://taylorswift.lnk.to/CATStickets

►Listen to ""Beautiful Ghosts"" written by Taylor Swift and Andrew Lloyd Webber and performed by Taylor Swift for the motion picture CATS: https://taylor.lnk.to/BeautifulGhosts

►Subscribe to Taylor Swift on YouTube: https://ts.lnk.to/subscribe

►Exclusive Merch: https://store.taylorswift.com

►Follow Taylor Swift online:
Instagram: http://www.instagram.com/taylorswift
Facebook: http://www.facebook.com/taylorswift
Tumblr: http://taylorswift.tumblr.com
Twitter: http://www.twitter.com/taylorswift13
Website: http://www.taylorswift.com

►Follow Taylor Nation online:
Instagram: http://www.instagram.com/taylornation
Tumblr: http://taylornation.tumblr.com
Twitter: http://www.twitter.com/taylornation13",2019-12-16 18:43:56+00:00,PT2M34S,1831861,172460,4869,https://i.ytimg.com/vi/hNHBVaFueYw/default.jpg,https://i.ytimg.com/vi/hNHBVaFueYw/mqdefault.jpg,https://i.ytimg.com/vi/hNHBVaFueYw/hqdefault.jpg,,,
iLmI4a7zzL0,ME dancing to ME! By Taylor Swift and Brendon Urie,"Taylor Nation asked us to post our clips of us Dancing to Taylor Swift’s new single ME! 
I love you Taylor💗💗💗💗💗
Instagram: @phillyswiftie
Twitter: @PhillySwiftieee
Tumblr: ForeverAPhillySwiftie
DISCLAIMER: I do not own rights to the song used in the video.",2019-05-02 15:25:29+00:00,PT57S,137285,1697,64,https://i.ytimg.com/vi/iLmI4a7zzL0/default.jpg,https://i.ytimg.com/vi/iLmI4a7zzL0/mqdefault.jpg,https://i.ytimg.com/vi/iLmI4a7zzL0/hqdefault.jpg,,,
TJ0yQUUf6YU,I LOVE ME!!! 🌈🥰🌸,"Here is a little fun video of me dancing to...well...ME! I just love this song and I know I’m not the best dancer or the best looking, but I just love having fun. And this song is so fun!! It totally makes my day brighter when I’m feeling down. Also, it was a little awkward because my neighbors were watching this as I was filming. Don’t try to make fun of me too hard! Lol Spread love and kindness! 💜",2019-05-02 18:33:38+00:00,PT59S,51411,709,35,https://i.ytimg.com/vi/TJ0yQUUf6YU/default.jpg,https://i.ytimg.com/vi/TJ0yQUUf6YU/mqdefault.jpg,https://i.ytimg.com/vi/TJ0yQUUf6YU/hqdefault.jpg,,,
scc4A9wVxyk,ME! Taylor Swift Jam,Jamming out to ME! any Taylor Swift,2019-05-01 19:13:17+00:00,PT30S,46728,617,43,https://i.ytimg.com/vi/scc4A9wVxyk/default.jpg,https://i.ytimg.com/vi/scc4A9wVxyk/mqdefault.jpg,https://i.ytimg.com/vi/scc4A9wVxyk/hqdefault.jpg,,,
70XfmGJj6ns,ME! Dancing to Me! By Taylor Swift,Twitter: Getawaykarsten,2019-05-01 19:15:36+00:00,PT41S,26958,417,,https://i.ytimg.com/vi/70XfmGJj6ns/default.jpg,https://i.ytimg.com/vi/70XfmGJj6ns/mqdefault.jpg,https://i.ytimg.com/vi/70XfmGJj6ns/hqdefault.jpg,,,
mPtQa95Sz5Q,ME! by Kristin!,Thank you so much to Taylor Swift for writing such an inspirational song about loving yourself. This song never ceases to boost my mood! And thank you Brendon for the amazing collaboration and Taylor Nation for all your hard work!!,2019-05-01 19:21:44+00:00,PT39S,16926,233,11,https://i.ytimg.com/vi/mPtQa95Sz5Q/default.jpg,https://i.ytimg.com/vi/mPtQa95Sz5Q/mqdefault.jpg,https://i.ytimg.com/vi/mPtQa95Sz5Q/hqdefault.jpg,,,
1kWJM-7Uzao,Dancing to ME! by Alina / ME! by Taylor Swift feat. Brendon Urie,"Hey, I'm Alina from Germany and I'm not really talented when it comes to dancing but it really makes fun! 

OMG I'M IN TAYLORS PLAYLIST!!!! I DANCE LIKE A CRAZY (but cool) CHICKEN AND THEY LIKE IT WHAT IS HAPPENING!!!!

You also can find me on social media: 

Twitter: @shinytidepods
Tumblr: @proudshinytidepods
Instagram: @proudshinytidepods / @taysafterglow

Lots of Love!!!!",2019-05-02 13:42:06+00:00,PT31S,15055,181,9,https://i.ytimg.com/vi/1kWJM-7Uzao/default.jpg,https://i.ytimg.com/vi/1kWJM-7Uzao/mqdefault.jpg,https://i.ytimg.com/vi/1kWJM-7Uzao/hqdefault.jpg,,,
TygmGaJ79WU,ME! dancing video !!!,"i made this @ 2:30am :0
twitter: @yeehawtaylor13
tumblr: @couldbtrusted",2019-05-02 18:10:01+00:00,PT30S,11791,174,8,https://i.ytimg.com/vi/TygmGaJ79WU/default.jpg,https://i.ytimg.com/vi/TygmGaJ79WU/mqdefault.jpg,https://i.ytimg.com/vi/TygmGaJ79WU/hqdefault.jpg,,,
ESrc4v830QE,ME! Partner Dance | Vinnie Cesarone,"me, jessica, caroline and dayton recreated this scene from the incredible ME! music video!!

FOLLOW ME @dudeswifts",2019-05-01 19:01:23+00:00,PT18S,18979,362,6,https://i.ytimg.com/vi/ESrc4v830QE/default.jpg,https://i.ytimg.com/vi/ESrc4v830QE/mqdefault.jpg,https://i.ytimg.com/vi/ESrc4v830QE/hqdefault.jpg,,,
XWomDXztduw,Me! Dance recreation —Taylor Swift,"We are two best friends, Amanda and Olivia who met through Taylor Swift. When we saw this scene we knew we had to recreate it. Thanks tay bae",2019-05-01 19:46:23+00:00,PT16S,16358,204,6,https://i.ytimg.com/vi/XWomDXztduw/default.jpg,https://i.ytimg.com/vi/XWomDXztduw/mqdefault.jpg,https://i.ytimg.com/vi/XWomDXztduw/hqdefault.jpg,,,
y7CGfYAWFdA,ME! by Caroline Dillon🦋 tumblr @joes-deli • instagram @getawaycaroline • twitter@getawaycaroline,"tumblr @joes-deli
instagram @getawaycaroline
twitter @getawaycaroline
Been a Swiftie since Our Song! I love Taylor so much, she has given me some of my best friends! Enjoy my recreation of ME! I absolutely love this song so I had to learn this dance💛💛💛",2019-05-01 19:47:42+00:00,PT22S,17855,316,4,https://i.ytimg.com/vi/y7CGfYAWFdA/default.jpg,https://i.ytimg.com/vi/y7CGfYAWFdA/mqdefault.jpg,https://i.ytimg.com/vi/y7CGfYAWFdA/hqdefault.jpg,,,
5zUsup8YNDI,Taylor Swift - ME! Dance scene cover,Hope you all like this video !!!!!!! - Maca y Cande,2019-05-01 19:32:50+00:00,PT25S,11871,144,,https://i.ytimg.com/vi/5zUsup8YNDI/default.jpg,https://i.ytimg.com/vi/5zUsup8YNDI/mqdefault.jpg,https://i.ytimg.com/vi/5zUsup8YNDI/hqdefault.jpg,,,
QrTtuk4zWyg,Recreating ME! dance steps (Hearts scene),"Recreating the hearts scene; 60’s vibes. I love Taylor Swift so much!!!

LIKE • SUBSCRIBE • COMMENT

S O C I A L M E D I A
Twitter: https://twitter.com/ureallyknowsme 
               https://twitter.com/rchllshr
Instagram: https://instagram.com/rchllshr

*NO COPYRIGHT INFRINGEMENT INTENDED*
*NOT SPONSORED / NOT AN AD*

#MeOutNow #MEmusicvideo #taylorswift",2019-05-01 19:24:32+00:00,PT31S,9464,144,5,https://i.ytimg.com/vi/QrTtuk4zWyg/default.jpg,https://i.ytimg.com/vi/QrTtuk4zWyg/mqdefault.jpg,https://i.ytimg.com/vi/QrTtuk4zWyg/hqdefault.jpg,,,
Nu9q7Re4hHw,:),,2019-05-01 19:02:35+00:00,PT16S,6896,154,4,https://i.ytimg.com/vi/Nu9q7Re4hHw/default.jpg,https://i.ytimg.com/vi/Nu9q7Re4hHw/mqdefault.jpg,https://i.ytimg.com/vi/Nu9q7Re4hHw/hqdefault.jpg,,,
KcBqpCu6bhA,I know that I’m a handful baby,,2019-05-01 19:02:51+00:00,PT14S,8196,111,14,https://i.ytimg.com/vi/KcBqpCu6bhA/default.jpg,https://i.ytimg.com/vi/KcBqpCu6bhA/mqdefault.jpg,https://i.ytimg.com/vi/KcBqpCu6bhA/hqdefault.jpg,,,
Ozp74uf-VYc,Dancing to Me! By Taylor Swift,Dancing in party city!! I love this song so much,2019-05-01 19:01:09+00:00,PT12S,9083,126,4,https://i.ytimg.com/vi/Ozp74uf-VYc/default.jpg,https://i.ytimg.com/vi/Ozp74uf-VYc/mqdefault.jpg,https://i.ytimg.com/vi/Ozp74uf-VYc/hqdefault.jpg,,,
E8KcZZq4vao,Me! by Taylor Swift ft. Brendon Urie dance,"Taylor Nation asked and they shall recieve

Edit: I LOVE YOU TAYLOR",2019-05-01 19:04:06+00:00,PT27S,17884,287,,https://i.ytimg.com/vi/E8KcZZq4vao/default.jpg,https://i.ytimg.com/vi/E8KcZZq4vao/mqdefault.jpg,https://i.ytimg.com/vi/E8KcZZq4vao/hqdefault.jpg,,,
_2JRpEnNLLI,Taylor Swift - ME! (Feat. Brendon Urie of Panic! At The Disco) | Cardio Party Mashup,"For Sponsorship Opportunities → Serious inquiries at CardioPartyMashup@Gmail.com
Become a Patron! → https://bit.ly/3j1bsYQ
Try our ONE WEEK CHALLENGE → https://bit.ly/31d28e7
Try our 7 DAY SLAY → https://bit.ly/2Ixpip7 Try our routine to Me! By Taylor Swift featuring Brendon Urie from Panic! At The Disco. This is a perfect warm up/Cool down or beginner routine. Cardio Party Mashup combines dance and traditional athletic moves to create the most fun and intense fitness routines! 


Want more? Check us out below!

Facebook: https://www.facebook.com/cardiopartymashup/


**This video is used for exercise purposes only. We do not own any rights to Taylor Swift or Brendon Urie music.",2019-04-27 17:52:13+00:00,PT3M7S,17845,393,14,https://i.ytimg.com/vi/_2JRpEnNLLI/default.jpg,https://i.ytimg.com/vi/_2JRpEnNLLI/mqdefault.jpg,https://i.ytimg.com/vi/_2JRpEnNLLI/hqdefault.jpg,,,
QiCXWZjzi3M,Dancing momma is back again!,Mom is a huge Swiftie & loving ME!,2019-05-02 18:10:15+00:00,PT23S,5261,107,2,https://i.ytimg.com/vi/QiCXWZjzi3M/default.jpg,https://i.ytimg.com/vi/QiCXWZjzi3M/mqdefault.jpg,https://i.ytimg.com/vi/QiCXWZjzi3M/hqdefault.jpg,,,
ulmCtaqGaFk,Recreating Taylor Swift Me! Music Video,My husband and I recreated Taylor Swift and Brandon Uries dance from her new music video Me!,2019-04-27 23:14:16+00:00,PT19S,4952,86,2,https://i.ytimg.com/vi/ulmCtaqGaFk/default.jpg,https://i.ytimg.com/vi/ulmCtaqGaFk/mqdefault.jpg,https://i.ytimg.com/vi/ulmCtaqGaFk/hqdefault.jpg,,,
2VPVh0a6t5c,ME! by Taylor Swift Dance Video - @darwisyswift_,"I LOVE YOU SO MUCH TAYLOR // @darwisyswift_ on twitter!!


OMG THEY ADDED IT ON THE PLAYLIST ON TAYLORS YOUTUBE ACCOUNT IM CRYING",2019-05-02 18:13:12+00:00,PT16S,6650,104,3,https://i.ytimg.com/vi/2VPVh0a6t5c/default.jpg,https://i.ytimg.com/vi/2VPVh0a6t5c/mqdefault.jpg,https://i.ytimg.com/vi/2VPVh0a6t5c/hqdefault.jpg,,,
hFxtb0gnZyk,DANCING TO ME! TAYLOR SWIFT,,2019-05-02 18:27:29+00:00,PT10S,4253,65,3,https://i.ytimg.com/vi/hFxtb0gnZyk/default.jpg,https://i.ytimg.com/vi/hFxtb0gnZyk/mqdefault.jpg,https://i.ytimg.com/vi/hFxtb0gnZyk/hqdefault.jpg,,,
pkeLErsdCUE,ME! Dance- Taylor Swift,,2019-05-02 13:19:38+00:00,PT35S,5565,92,,https://i.ytimg.com/vi/pkeLErsdCUE/default.jpg,https://i.ytimg.com/vi/pkeLErsdCUE/mqdefault.jpg,https://i.ytimg.com/vi/pkeLErsdCUE/hqdefault.jpg,,,
UH03EY5_mDE,Dancing To ME! by Taylor Swift,,2019-05-02 18:13:47+00:00,PT46S,4374,68,,https://i.ytimg.com/vi/UH03EY5_mDE/default.jpg,https://i.ytimg.com/vi/UH03EY5_mDE/mqdefault.jpg,https://i.ytimg.com/vi/UH03EY5_mDE/hqdefault.jpg,,,
qGVxCYAkat0,dancing to ME!,"i am in LOVE WITH THIS SONG AHHHDKAK it makes me so Happy 😎🤘
twitter: @yeehawtaylor13
tumblr: @couldbtrusted",2019-05-02 18:24:11+00:00,PT15S,4018,73,,https://i.ytimg.com/vi/qGVxCYAkat0/default.jpg,https://i.ytimg.com/vi/qGVxCYAkat0/mqdefault.jpg,https://i.ytimg.com/vi/qGVxCYAkat0/hqdefault.jpg,,,
viqT99yGJ84,Dancing to ME! by Taylor Swift and Brendon Urie (Recreating their choreo),"Jess and I made a short video remaking Taylor and Brendon's choreography :D LOVE YOU TAYLOR
twitter - https://twitter.com/swiftunext
tumblr - https://journeytofearless.tumblr.com/",2019-05-01 22:25:23+00:00,PT23S,4780,100,2,https://i.ytimg.com/vi/viqT99yGJ84/default.jpg,https://i.ytimg.com/vi/viqT99yGJ84/mqdefault.jpg,https://i.ytimg.com/vi/viqT99yGJ84/hqdefault.jpg,,,
LY9ttAFMBXw,Dancing to Taylor Swift’s ME!,,2019-05-02 18:38:43+00:00,PT15S,6735,86,6,https://i.ytimg.com/vi/LY9ttAFMBXw/default.jpg,https://i.ytimg.com/vi/LY9ttAFMBXw/mqdefault.jpg,https://i.ytimg.com/vi/LY9ttAFMBXw/hqdefault.jpg,,,
VXRVjx_MQEs,#AnotherLikeMe Challenge!,our instagrams are @kayadoyle13 and @megan.callanan :),2019-05-02 18:15:33+00:00,PT16S,7679,130,,https://i.ytimg.com/vi/VXRVjx_MQEs/default.jpg,https://i.ytimg.com/vi/VXRVjx_MQEs/mqdefault.jpg,https://i.ytimg.com/vi/VXRVjx_MQEs/hqdefault.jpg,,,
AqAJLh9wuZ0,Taylor Swift - The Man (Official Video),"Official music video by Taylor Swift performing “The Man” – off her album ‘Lover.’ Stream/Download the album here: https://TaylorSwift.lnk.to/Loversu

Get the album Midnights here: https://taylor.lnk.to/taylorswiftmidnightsYT

❤️‍🔥Stream/download ‘The Life of a Showgirl’: https://taylor.lnk.to/TSTheLifeofaShowgirlYD

►Subscribe to Taylor Swift on YouTube: https://ts.lnk.to/subscribe
►Shop Merch: http://taylorswift.lnk.to/store

►Follow Taylor Swift Online: 
TikTok: http://tiktok.com/@taylorswift 
Instagram: http://instagram.com/taylorswift 
Twitter: http://twitter.com/taylorswift13 
Snapchat: http://snapchat.com/add/taylorswift 
Facebook: http://facebook.com/taylorswift 
Tumblr: http://taylorswift.tumblr.com 
Website: http://www.taylorswift.com 

►Follow Taylor Nation Online:
TikTok: http://tiktok.com/@taylornation
Instagram: http://instagram.com/taylornation 
Twitter: http://twitter.com/taylornation13
Tumblr: http://taylornation.tumblr.com

Director: Taylor Swift
DP: Rodrigo Prieto
Producer: Jil Hardin
Editor: Chancler Haynes
Production Designer: Ethan Tobman
1st AD: Joe ""Oz"" Osborne
David Lebensfeld and Grant Miller for Ingenuity Studios
Production Company: SuperPrime Films
Executive Producer: Rebecca Skinner

►Official ‘The Man’ Lyrics
Written by Taylor Swift & Joel Little

I would be complex 
I would be cool
They’d say I played the ﬁeld before I found someone to commit to 
And that would be ok
For me to do
Every conquest I had made would make me more of a boss to you 
I’d be a fearless leader
I’d be an alpha type
When everyone believes ya 
What’s that like? I’m so sick of running as fast I can 
Wondering if I’d get there quicker 
If I was a man
And I’m so sick of them coming at me again 
‘Cause if I was a man...
Then I’d be the man 
I’d be the man
I’d be the man They’d say I hustled 
Put in the work
They wouldn’t shake their heads and question how much of this I deserve 
What I was wearing
If I was rude
Could all be separated from my good ideas and power moves
And they would toast to me, oh
Let the players play
I’d be just like Leo
In Saint-Tropez Chorus What’s it like to brag about 
Raking in dollars
And getting bitches and models 
And it’s all good if you’re bad 
And it’s okay if you’re mad If I was out ﬂashing my dollars 
I’d be a bitch, not a baller 
They paint me out to be bad 
So it’s okay that I’m mad I’m so sick of running as fast I can 
Wondering if I’d get there quicker 
If I was a man
I’m so sick of them coming at me again 
‘Cause if I was a man...
Then I’d be the man 
I’d be the man
I’m so sick of running as fast I can 
Wondering if I’d get there quicker 
If I was a man
And I’m so sick of them coming at me again 
‘Cause if I was a man...
Then I’d be the man 
I’d be the man
I’d be the man
I’d be the man
I’d be the man
I’d be the man
If I was a man
I’d be the man

#TaylorSwift #TheMan

Music video by Taylor Swift performing The Man. © 2020 Taylor Swift",2020-02-27 12:00:11+00:00,PT4M15S,113057697,2237275,113719,https://i.ytimg.com/vi/AqAJLh9wuZ0/default.jpg,https://i.ytimg.com/vi/AqAJLh9wuZ0/mqdefault.jpg,https://i.ytimg.com/vi/AqAJLh9wuZ0/hqdefault.jpg,2020-02-27 12:00:11+00:00,2020-02-27 12:06:20+00:00,2020-02-27 12:00:00+00:00
-BjZmE2gtdo,Taylor Swift - Lover (Official Music Video),"Official music video by Taylor Swift performing “Lover” – off her new album ‘Lover.’ Get the album here: https://TaylorSwift.lnk.to/Loversu

❤️‍🔥Stream/download ‘The Life of a Showgirl’ - https://taylor.lnk.to/TSTheLifeofaShowgirlYD

►Subscribe to Taylor Swift on YouTube: https://ts.lnk.to/subscribe

►Exclusive Merch: https://store.taylorswift.com

►Follow Taylor Swift Online:
TikTok: http://tiktok.com/@taylorswift
Instagram: http://instagram.com/taylorswift
Twitter: http://twitter.com/taylorswift13
Snapchat: http://snapchat.com/add/taylorswift
Facebook: http://facebook.com/taylorswift
Tumblr: http://taylorswift.tumblr.com
Website: http://www.taylorswift.com

►Follow Taylor Nation Online:
TikTok: http://tiktok.com/@taylornation
Instagram: http://instagram.com/taylornation
YouTube: https://youtube.com/taylornation
Twitter: http://twitter.com/taylornation13
Tumblr: http://taylornation.tumblr.com

Director: Drew Kirsch & Taylor Swift
Producers: Tara Razavi & Megan Gutman for Happy Place, Inc.
© 2019 Taylor Swift

Official “Lover” Lyrics
Written by Taylor Swift

We could leave the Christmas lights up 
‘Til January
This is our place, we make the rules 
And there’s a dazzling haze
A mysterious way about you, dear
Have I known you 20 seconds or 20 years?
Can I go where you go?
Can we always be this close? 
Forever and ever
Take me out
And take me home
You’re my, my, my, my... 
Lover
We could let our friends crash 
In the living room
This is our place, we make the call 
And I’m highly suspicious
That everyone who sees you wants you 
I’ve loved you 3 summers now, honey 
But I want them all
Chorus
Ladies and gentlemen
Will you please stand
With every guitar string scar on my hand 
I take this magnetic force of a man
To be my lover
My heart’s been borrowed 
And yours has been blue 
All’s well that ends well 
To end up with you
Swear to be overdramatic and true 
To my lover
And you’ll save all your dirtiest jokes 
For me
And at every table, I’ll save you a seat 
Lover...
Can I go where you go?
Can we always be this close?
Forever and ever
Take me out
And take me home
You’re my, my, my, my... 
Oh you’re my, my, my, my... 
Darling you’re my, my, my, my...
Lover

© 2019 Sony/ATV Tree Publishing / Taylor Swift Music (BMI). All Rights Reserved. Used By Permission",2019-08-22 21:30:09+00:00,PT3M59S,343022290,3942463,108336,https://i.ytimg.com/vi/-BjZmE2gtdo/default.jpg,https://i.ytimg.com/vi/-BjZmE2gtdo/mqdefault.jpg,https://i.ytimg.com/vi/-BjZmE2gtdo/hqdefault.jpg,2019-08-22 21:30:09+00:00,2019-08-22 21:36:04+00:00,2019-08-22 21:30:00+00:00
Dkk9gvTmCXY,Taylor Swift - You Need To Calm Down,"Music video by Taylor Swift performing “You Need To Calm Down”.

Support the Equality Act: https://taylorswift.lnk.to/petition


►Download “You Need To Calm Down"" here: https://TaylorSwift.lnk.to/YNTCDsu
►Pre-Order ‘Lover’ here: https://TaylorSwift.lnk.to/Loversu

►Exclusive Merch: https://store.taylorswift.com

►Follow Taylor Swift Online
Instagram: http://www.instagram.com/taylorswift
Facebook: http://www.facebook.com/taylorswift
Tumblr: http://taylorswift.tumblr.com
Twitter: http://www.twitter.com/taylorswift13
Website: http://www.taylorswift.com

►Follow Taylor Nation Online
Instagram: http://www.instagram.com/taylornation
Tumblr: http://taylornation.tumblr.com
Twitter: http://www.twitter.com/taylornation13

Featuring appearances by (in alphabetical order):
A'keria Davenport
Adam Lambert
Adam Rippon
Adore Delano
Antoni Porowski
Billy Porter
Bobby Berk
Chester Lockhart
Ciara
Delta Work
Dexter Mayfield
Ellen Degeneres
Hannah Hart
Hayley Kiyoko
Jade Jolie
Jesse Tyler Ferguson
Jonathan Van Ness
Justin Mikita
Karamo Brown
Katy Perry
Laverne Cox
Riley Knoxx
Rupaul
Ryan Reynolds
Tan France
Tatianna
Todrick Hall
Trinity K Bonet
Trinity Taylor

Director: Drew Kirsch & Taylor Swift
Executive Producers: Todrick Hall & Taylor Swift 
Producers: Tara Razavi & Fuliane Petikyan for Happy Place, Inc.

© 2019 Taylor Swift

#TaylorSwift #YouNeedToCalmDown #TaylorSwiftLover",2019-06-17 12:13:12+00:00,PT3M31S,379101596,4807079,251791,https://i.ytimg.com/vi/Dkk9gvTmCXY/default.jpg,https://i.ytimg.com/vi/Dkk9gvTmCXY/mqdefault.jpg,https://i.ytimg.com/vi/Dkk9gvTmCXY/hqdefault.jpg,2019-06-17 12:15:09+00:00,2019-06-17 12:20:36+00:00,2019-06-17 12:15:00+00:00
FuXNumBwDOM,Taylor Swift - ME! (feat. Brendon Urie of Panic! At The Disco) ft. Brendon Urie,"Music video by Taylor Swift performing ME! (feat. Brendon Urie of Panic! At The Disco).Download here: https://TaylorSwift.lnk.to/MeYD

🕰️ Pre-order the new album Midnights by Taylor Swift available everywhere October 21: 
https://taylor.lnk.to/taylorswiftmidnightsYT

►Exclusive Merch: https://store.taylorswift.com

►Follow Taylor Swift Online
Instagram: http://www.instagram.com/taylorswift
Facebook: http://www.facebook.com/taylorswift
Tumblr: http://taylorswift.tumblr.com
Twitter: http://www.twitter.com/taylorswift13
Website: http://www.taylorswift.com

►Follow Taylor Nation Online
Instagram: http://www.instagram.com/taylornation
Tumblr: http://taylornation.tumblr.com
Twitter: http://www.twitter.com/taylornation13

Video Director: Dave Meyers & Taylor Swift
Executive Producer: Nathan Scherrer
Video Producer: Dawn Rose for Freenjoy, Inc.

© 2019 Taylor Swift

Music video by Taylor Swift performing ME! (feat. Brendon Urie of Panic! At The Disco). © 2019 Taylor Swift Productions, Inc. All rights Reserved.

http://vevo.ly/Qomy3S",2019-04-26 03:58:13+00:00,PT4M9S,451713932,6413118,438296,https://i.ytimg.com/vi/FuXNumBwDOM/default.jpg,https://i.ytimg.com/vi/FuXNumBwDOM/mqdefault.jpg,https://i.ytimg.com/vi/FuXNumBwDOM/hqdefault.jpg,2019-04-26 04:00:13+00:00,2019-04-26 04:06:22+00:00,2019-04-26 04:00:00+00:00
Vgt1d3eAm7A,Taylor Swift - Cornelia Street (Live From Paris),"►Subscribe to Taylor Swift on YouTube: https://ts.lnk.to/subscribe

🕰️ Pre-order the new album Midnights by Taylor Swift available everywhere October 21: 
https://taylor.lnk.to/taylorswiftmidnightsYT

►Exclusive Merch: https://store.taylorswift.com

►Follow Taylor Swift Online
Instagram: http://www.instagram.com/taylorswift
Facebook: http://www.facebook.com/taylorswift
Tumblr: http://taylorswift.tumblr.com
Twitter: http://www.twitter.com/taylorswift13
Website: http://www.taylorswift.com

►Follow Taylor Nation Online
Instagram: http://www.instagram.com/taylornation
Tumblr: http://taylornation.tumblr.com
Twitter: http://www.twitter.com/taylornation13

Official ‘Cornelia Street’ Lyrics
Written by Taylor Swift

We were in the backseat
drunk on something stronger
than the drinks in the bar
I rent a place on Cornelia Street,
I say casually in the car
We were a fresh page on the desk
ﬁlling in the blanks as we go
As if the streetlights pointed in an arrowhead
leading us home And I hope I never lose you
Hope it never ends
I’d never walk Cornelia Street again
That’s the kind of heartbreak
Time could never mend
I’d never walk Cornelia Street again
And baby I get mystiﬁed by how
this city screams your name
And baby I’m so terriﬁed of if you ever walk away
I’d never walk Cornelia Street again
I’d never walk Cornelia Street again Windows ﬂung right open
Autumn air, jacket round my shoulders is yours
We bless the rains on Cornelia Street
Memorize the creaks in the ﬂoor
Back when we were card sharks
Playing games
I thought you were leading me on
I packed my bags, left Cornelia Street
Before you even knew I was gone
But then you called
Showed your hand
I turned around before I hit the tunnel
Sat on the roof, you and I Chorus You hold my hand
On the street
Walk me back to that apartment
Years ago we were just inside
Barefoot in the kitchen
Sacred new beginnings
That became my religion
Listen... I hope I never lose you 
I’d never walk Cornelia Street again 
Never again
And baby I get mystiﬁed by how
this city screams your name
And baby I’m so terriﬁed of if you ever walk away
I’d never walk Cornelia Street again
I’d never walk Cornelia Street again
I’d never walk Cornelia Street again
I rent a place on Cornelia Street,
I say casually in the car

#TaylorSwift #LiveFromParis #CorneliaStreet

Music video by Taylor Swift performing Cornelia Street (Live From Paris). © 2020 Taylor Swift",2020-06-22 10:00:21+00:00,PT5M2S,14422793,289774,11224,https://i.ytimg.com/vi/Vgt1d3eAm7A/default.jpg,https://i.ytimg.com/vi/Vgt1d3eAm7A/mqdefault.jpg,https://i.ytimg.com/vi/Vgt1d3eAm7A/hqdefault.jpg,,,
F3aXpa1rQEY,Taylor Swift - The Man (Live From Paris),"Official live video by Taylor Swift performing “The Man” – off her album ‘Lover.’ Stream/Download the album here: https://TaylorSwift.lnk.to/Loversu

►Subscribe to Taylor Swift on YouTube: https://ts.lnk.to/subscribe

►Exclusive Merch: https://store.taylorswift.com

►Follow Taylor Swift Online
Instagram: http://www.instagram.com/taylorswift
Facebook: http://www.facebook.com/taylorswift
Tumblr: http://taylorswift.tumblr.com
Twitter: http://www.twitter.com/taylorswift13
Website: http://www.taylorswift.com

►Follow Taylor Nation Online
Instagram: http://www.instagram.com/taylornation
Tumblr: http://taylornation.tumblr.com
Twitter: http://www.twitter.com/taylornation13

Official ‘The Man’ Lyrics
Written by Taylor Swift & Joel Little

I would be complex 
I would be cool
They’d say I played the ﬁeld before I found someone to commit to 
And that would be ok
For me to do
Every conquest I had made would make me more of a boss to you 
I’d be a fearless leader
I’d be an alpha type
When everyone believes ya 
What’s that like? I’m so sick of running as fast I can 
Wondering if I’d get there quicker 
If I was a man
And I’m so sick of them coming at me again 
‘Cause if I was a man...
Then I’d be the man 
I’d be the man
I’d be the man They’d say I hustled 
Put in the work
They wouldn’t shake their heads and question how much of this I deserve 
What I was wearing
If I was rude
Could all be separated from my good ideas and power moves
And they would toast to me, oh
Let the players play
I’d be just like Leo
In Saint-Tropez Chorus What’s it like to brag about 
Raking in dollars
And getting bitches and models 
And it’s all good if you’re bad 
And it’s okay if you’re mad If I was out ﬂashing my dollars 
I’d be a bitch, not a baller 
They paint me out to be bad 
So it’s okay that I’m mad I’m so sick of running as fast I can 
Wondering if I’d get there quicker 
If I was a man
I’m so sick of them coming at me again 
‘Cause if I was a man...
Then I’d be the man 
I’d be the man
I’m so sick of running as fast I can 
Wondering if I’d get there quicker 
If I was a man
And I’m so sick of them coming at me again 
‘Cause if I was a man...
Then I’d be the man 
I’d be the man
I’d be the man
I’d be the man
I’d be the man
I’d be the man
If I was a man
I’d be the man

#TaylorSwift #TheMan #Live

Music video by Taylor Swift performing The Man (Live From Paris / 2019). © 2020 Taylor Swift

http://vevo.ly/URX6NK",2020-02-18 05:00:02+00:00,PT3M44S,9001746,326104,9401,https://i.ytimg.com/vi/F3aXpa1rQEY/default.jpg,https://i.ytimg.com/vi/F3aXpa1rQEY/mqdefault.jpg,https://i.ytimg.com/vi/F3aXpa1rQEY/hqdefault.jpg,,,
40RsbcFRwNA,Miss Americana | Official Trailer,"From Emmy Winning Director Lana Wilson and Academy Award Winning Filmmakers Behind 20 Feet From Stardom. The Netflix Original Documentary is out now in select theaters and on Netflix.

Watch Miss Americana: https://taylorswift.lnk.to/MissAmericana 

►Download/Stream ‘Lover’ here: https://TaylorSwift.lnk.to/Loversu

►Exclusive Merch: https://store.taylorswift.com

►Follow Taylor Swift Online
Instagram: http://www.instagram.com/taylorswift
Facebook: http://www.facebook.com/taylorswift
Tumblr: http://taylorswift.tumblr.com
Twitter: http://www.twitter.com/taylorswift13
Website: http://www.taylorswift.com

►Follow Taylor Nation Online
Instagram: http://www.instagram.com/taylornation
Tumblr: http://taylornation.tumblr.com
Twitter: http://www.twitter.com/taylornation13",2020-01-22 15:45:12+00:00,PT2M3S,8198081,393507,14439,https://i.ytimg.com/vi/40RsbcFRwNA/default.jpg,https://i.ytimg.com/vi/40RsbcFRwNA/mqdefault.jpg,https://i.ytimg.com/vi/40RsbcFRwNA/hqdefault.jpg,,,
GJU-S1t2r1M,Taylor Swift - Only The Young (Featured in Miss Americana / Lyric Video),Music video by Taylor Swift performing Only The Young (Lyric Video). © 2020 Taylor Swift,2020-01-31 09:00:06+00:00,PT2M39S,14414979,401882,16555,https://i.ytimg.com/vi/GJU-S1t2r1M/default.jpg,https://i.ytimg.com/vi/GJU-S1t2r1M/mqdefault.jpg,https://i.ytimg.com/vi/GJU-S1t2r1M/hqdefault.jpg,,,
tbEekLA7J3Y,Taylor Swift - The Man (Lyric Video),"Official lyric video by Taylor Swift performing “The Man” – off her album ‘Lover.’ Stream/Download the album here: https://TaylorSwift.lnk.to/Loversu

►Subscribe to Taylor Swift on YouTube: https://ts.lnk.to/subscribe

►Exclusive Merch: https://store.taylorswift.com

►Follow Taylor Swift Online
Instagram: http://www.instagram.com/taylorswift
Facebook: http://www.facebook.com/taylorswift
Tumblr: http://taylorswift.tumblr.com
Twitter: http://www.twitter.com/taylorswift13
Website: http://www.taylorswift.com

►Follow Taylor Nation Online
Instagram: http://www.instagram.com/taylornation
Tumblr: http://taylornation.tumblr.com
Twitter: http://www.twitter.com/taylornation13

Official ‘The Man’ Lyrics
Written by Taylor Swift & Joel Little

I would be complex 
I would be cool
They’d say I played the ﬁeld before I found someone to commit to 
And that would be ok
For me to do
Every conquest I had made would make me more of a boss to you 
I’d be a fearless leader
I’d be an alpha type
When everyone believes ya 
What’s that like? I’m so sick of running as fast I can 
Wondering if I’d get there quicker 
If I was a man
And I’m so sick of them coming at me again 
‘Cause if I was a man...
Then I’d be the man 
I’d be the man
I’d be the man They’d say I hustled 
Put in the work
They wouldn’t shake their heads and question how much of this I deserve 
What I was wearing
If I was rude
Could all be separated from my good ideas and power moves
And they would toast to me, oh
Let the players play
I’d be just like Leo
In Saint-Tropez Chorus What’s it like to brag about 
Raking in dollars
And getting bitches and models 
And it’s all good if you’re bad 
And it’s okay if you’re mad If I was out ﬂashing my dollars 
I’d be a bitch, not a baller 
They paint me out to be bad 
So it’s okay that I’m mad I’m so sick of running as fast I can 
Wondering if I’d get there quicker 
If I was a man
I’m so sick of them coming at me again 
‘Cause if I was a man...
Then I’d be the man 
I’d be the man
I’m so sick of running as fast I can 
Wondering if I’d get there quicker 
If I was a man
And I’m so sick of them coming at me again 
‘Cause if I was a man...
Then I’d be the man 
I’d be the man
I’d be the man
I’d be the man
I’d be the man
I’d be the man
If I was a man
I’d be the man

#TaylorSwift #TheMan

Music video by Taylor Swift performing The Man (Lyric Video). © 2020 Taylor Swift",2020-02-07 17:00:20+00:00,PT3M20S,34753745,689324,19961,https://i.ytimg.com/vi/tbEekLA7J3Y/default.jpg,https://i.ytimg.com/vi/tbEekLA7J3Y/mqdefault.jpg,https://i.ytimg.com/vi/tbEekLA7J3Y/hqdefault.jpg,,,
SVY8I46dkb0,Taylor Swift - Live at the 2019 American Music Awards,"Taylor Swift performs at the 2019 American Music Awards (November 24th, 2019)

🕰️ Pre-order the new album Midnights by Taylor Swift available everywhere October 21: 
https://taylor.lnk.to/taylorswiftmidnightsYT

►Stream/Download “Lover” here: https://TaylorSwift.lnk.to/Loversu

►Subscribe to Taylor Swift on YouTube: https://ts.lnk.to/subscribe

►Exclusive Merch: https://store.taylorswift.com


►Follow Taylor Swift online:
Instagram: http://www.instagram.com/taylorswift
Facebook: http://www.facebook.com/taylorswift
Tumblr: http://taylorswift.tumblr.com
Twitter: http://www.twitter.com/taylorswift13
Website: http://www.taylorswift.com

►Follow Taylor Nation online:
Instagram: http://www.instagram.com/taylornation
Tumblr: http://taylornation.tumblr.com
Twitter: http://www.twitter.com/taylornation13

#TaylorSwift #AMAs #ArtistofTheDecade",2019-11-27 04:39:20+00:00,PT11M40S,118158723,2220756,75564,https://i.ytimg.com/vi/SVY8I46dkb0/default.jpg,https://i.ytimg.com/vi/SVY8I46dkb0/mqdefault.jpg,https://i.ytimg.com/vi/SVY8I46dkb0/hqdefault.jpg,,,
KmT4Y8w1nho,Taylor Swift - Lover (First Dance Remix),"‘folklore’ album out now: https://store.taylorswift.com 

Official audio for the Lover FIRST DANCE REMIX performed by Taylor Swift. Grab the song here: https://taylor.lnk.to/firstdanceYD. Stream/Download the album here: https://TaylorSwift.lnk.to/Loversu

►Subscribe to Taylor Swift on YouTube: https://ts.lnk.to/subscribe

►Exclusive Merch: https://store.taylorswift.com

►Follow Taylor Swift online:
Instagram: http://www.instagram.com/taylorswift
Facebook: http://www.facebook.com/taylorswift
Tumblr: http://taylorswift.tumblr.com
Twitter: http://www.twitter.com/taylorswift13
Website: http://www.taylorswift.com

►Follow Taylor Nation online:
Instagram: http://www.instagram.com/taylornation
Tumblr: http://taylornation.tumblr.com
Twitter: http://www.twitter.com/taylornation13

#TaylorSwift #LoverFirstDance #LoverRemix

© 2019 Taylor Swift",2019-11-26 05:02:00+00:00,PT3M54S,4321894,170950,6761,https://i.ytimg.com/vi/KmT4Y8w1nho/default.jpg,https://i.ytimg.com/vi/KmT4Y8w1nho/mqdefault.jpg,https://i.ytimg.com/vi/KmT4Y8w1nho/hqdefault.jpg,,,
kjD3LoXp-Pw,"Taylor Swift - ""False God"" (Live on Saturday Night Live / 2019)","“False God” Live on Saturday Night Live / 2019 – off her new album ‘Lover.’ Stream/Download the album here: https://TaylorSwift.lnk.to/Loversu

 🕰️ Pre-order the new album Midnights by Taylor Swift available everywhere October 21: 
https://taylor.lnk.to/taylorswiftmidnightsYT

►Subscribe to Taylor Swift on YouTube: https://ts.lnk.to/subscribe

►Exclusive Merch: https://store.taylorswift.com

►Follow Taylor Swift Online

Instagram: http://www.instagram.com/taylorswift
Facebook: http://www.facebook.com/taylorswift
Tumblr: http://taylorswift.tumblr.com
Twitter: http://www.twitter.com/taylorswift13
Website: http://www.taylorswift.com

►Follow Taylor Nation Online
Instagram: http://www.instagram.com/taylornation
Tumblr: http://taylornation.tumblr.com
Twitter: http://www.twitter.com/taylornation13

Official “False God” Lyrics

Written by Taylor Swift & Jack Antonoff

We were crazy to think

Crazy to think that this could work

Remember how I said I’d die for you

We were stupid to jump

In the ocean separating us

Remember how I’d ﬂy to you

And I can’t talk to you when you’re like this

Staring out the window like I’m not your favorite town - I’m New York City

I still do it for you babe

They all warned us about times like this

They say the road gets hard and you

get lost when you’re led by blind faith

Blind faith But we might just get away with it

Religion’s in your lips

Even if it’s a false god

We’d still worship

We might just get away with it

The altar is my hips

Even if it’s a false god

We’d still worship this love

We’d still worship this love

We’d still worship this love I know heaven’s a thing

I go there when you touch me

honey, hell is when I ﬁght with you

But we can patch it up good

Make confessions and

we’re begging for forgiveness,

got the wine for you

And you can’t talk to me when I’m like this

Daring you to leave me

just so I can try and scare you,

you’re the West Village

You still do it for me babe

They all warned us about times like this

They say the road gets hard and you

get lost when you’re led by blind faith

Blind faith

Still worship this love

Even if it’s a false god

Even if it’s a false god

Still worship this love

http://vevo.ly/nM0VZi",2019-10-07 20:54:40+00:00,PT4M3S,6325517,215926,5398,https://i.ytimg.com/vi/kjD3LoXp-Pw/default.jpg,https://i.ytimg.com/vi/kjD3LoXp-Pw/mqdefault.jpg,https://i.ytimg.com/vi/kjD3LoXp-Pw/hqdefault.jpg,,,
RGJFqm1BnP4,Taylor Swift - Lover Remix Feat. Shawn Mendes (Snow Globe Lyric Video),"Official audio for the Lover REMIX performed by Taylor Swift and featuring Shawn Mendes. 

🕰️ Pre-order the new album Midnights by Taylor Swift available everywhere October 21: 
https://taylor.lnk.to/taylorswiftmidnightsYT

Get the song here: https://taylor.lnk.to/Lover-SMsu. 

Stream/Download the album here: https://TaylorSwift.lnk.to/Loversu

►Subscribe to Taylor Swift on YouTube: https://ts.lnk.to/subscribe

►Exclusive Merch: https://store.taylorswift.com

►Follow Taylor Swift online:
Instagram: http://www.instagram.com/taylorswift
Facebook: http://www.facebook.com/taylorswift
Tumblr: http://taylorswift.tumblr.com
Twitter: http://www.twitter.com/taylorswift13
Website: http://www.taylorswift.com

►Follow Taylor Nation online:
Instagram: http://www.instagram.com/taylornation
Tumblr: http://taylornation.tumblr.com
Twitter: http://www.twitter.com/taylornation13

►Follow Shawn Mendes online:
Twitter: https://twitter.com/shawnmendes
Instagram: https://instagram.com/shawnmendes
Facebook: https://facebook.com/ShawnMendesOfficial
Website: https://www.shawnmendesofficial.com

►Official Lover REMIX feat. Shawn Mendes Lyrics:

We could leave the Christmas lights up 
‘Til January
This is our place, we make the rules 
And there’s a dazzling haze
A mysterious way about you, dear
Have I known you 20 seconds or 20 years?

Can I go where you go?
Can we always be this close? 
Forever and ever
Take me out
And take me home
You’re my, my, my, my... 
Lover

We could light a bunch of candles and dance around the kitchen, baby
Pictures of when we were young 
Would hang on the wall
We would sit on the stoop 
I’ll sing love songs to you when we’re eighty
See I finally got you now, honey
I won’t let you fall

Can I go where you go?
Can we always be this close? 
Forever and ever
Take me out
And take me home
You’re my, my, my, my... 
Lover

Ladies and gentlemen
Will you please stand
With every guitar string scar on my hand 
I take this magnetic force of a man
To be my lover

Look in my eyes, they will tell you the truth 
The girl in my story, has always been you
I’d go down with the Titanic, it’s true 
For you… 
Lover

And you’ll save all your dirtiest jokes 
For me
And at every table, I’ll save you a seat 
Lover…

Can I go where you go?
Can we always be this close?
Forever and ever
Take me out
And take me home
You’re my, my, my, my... 
Oh you’re my, my, my, my... 
Darling you’re my, my, my, my...
Lover

#TaylorSwift #ShawnMendes #LoverRemix

Music video by Taylor Swift performing Lover (Remix / Snow Globe Lyric Video). © 2019 Taylor Swift

http://vevo.ly/Om6C9y",2019-11-22 22:35:17+00:00,PT3M50S,2690396,113879,2456,https://i.ytimg.com/vi/RGJFqm1BnP4/default.jpg,https://i.ytimg.com/vi/RGJFqm1BnP4/mqdefault.jpg,https://i.ytimg.com/vi/RGJFqm1BnP4/hqdefault.jpg,,,
dmipFjOtMA8,"Taylor Swift - ""Lover"" (Live on Saturday Night Live / 2019)","“Lover” Live on Saturday Night Live / 2019 – off her new album ‘Lover.’ Stream/Download the album here: 
https://TaylorSwift.lnk.to/Loversu

 🕰️ Pre-order the new album Midnights by Taylor Swift available everywhere October 21: 
https://taylor.lnk.to/taylorswiftmidnightsYT

►Subscribe to Taylor Swift on YouTube: https://ts.lnk.to/subscribe


►Exclusive Merch: https://store.taylorswift.com

 

►Follow Taylor Swift Online

Instagram: http://www.instagram.com/taylorswift

Facebook: http://www.facebook.com/taylorswift

Tumblr: http://taylorswift.tumblr.com

Twitter: http://www.twitter.com/taylorswift13

Website: http://www.taylorswift.com

 

►Follow Taylor Nation Online

Instagram: http://www.instagram.com/taylornation

Tumblr: http://taylornation.tumblr.com

Twitter: http://www.twitter.com/taylornation13

 

Official “Lover” Lyrics

Written by Taylor Swift

 

We could leave the Christmas lights up

‘Til January

This is our place, we make the rules

And there’s a dazzling haze

A mysterious way about you, dear

Have I known you 20 seconds or 20 years?

Can I go where you go?

Can we always be this close?

Forever and ever

Take me out

And take me home

You’re my, my, my, my...

Lover

We could let our friends crash

In the living room

This is our place, we make the call

And I’m highly suspicious

That everyone who sees you wants you

I’ve loved you 3 summers now, honey

But I want them all

Chorus

Ladies and gentlemen

Will you please stand

With every guitar string scar on my hand

I take this magnetic force of a man

To be my lover

My heart’s been borrowed

And yours has been blue

All’s well that ends well

To end up with you

Swear to be overdramatic and true

To my lover

And you’ll save all your dirtiest jokes

For me

And at every table, I’ll save you a seat

Lover...

Can I go where you go?

Can we always be this close?

Forever and ever

Take me out

And take me home

You’re my, my, my, my...

Oh you’re my, my, my, my...

Darling you’re my, my, my, my...

Lover

http://vevo.ly/ylmivV",2019-10-07 20:51:29+00:00,PT4M2S,4912260,176468,4668,https://i.ytimg.com/vi/dmipFjOtMA8/default.jpg,https://i.ytimg.com/vi/dmipFjOtMA8/mqdefault.jpg,https://i.ytimg.com/vi/dmipFjOtMA8/hqdefault.jpg,,,
mN3rDTAdM2o,Taylor Swift - Christmas Tree Farm,"Official music video for ""Christmas Tree Farm"" performed by Taylor Swift. Stream / download the song: https://taylor.lnk.to/XMASTreeFarmID 

🕰️ Pre-order the new album Midnights by Taylor Swift available everywhere October 21: https://taylor.lnk.to/taylorswiftmidnightsYT

►Subscribe to Taylor Swift on YouTube: https://ts.lnk.to/subscribe

►Exclusive Merch: https://store.taylorswift.com

►Follow Taylor Swift online:
Instagram: http://www.instagram.com/taylorswift
Facebook: http://www.facebook.com/taylorswift
Tumblr: http://taylorswift.tumblr.com
Twitter: http://www.twitter.com/taylorswift13
Website: http://www.taylorswift.com

►Follow Taylor Nation online:
Instagram: http://www.instagram.com/taylornation
Tumblr: http://taylornation.tumblr.com
Twitter: http://www.twitter.com/taylornation13

Directed and produced by Taylor Swift

""Christmas Tree Farm"" Lyrics by Taylor Swift:

My winter nights are taken up by static, stress and holiday shopping traffic 
But I close my eyes and I’m somewhere else - just like magic...

In my heart is a Christmas tree farm
Where the people would come
To dance under sparkling lights
Bundled up in their mittens and coats
And the cider would flow 
And I just wanna be there tonight 
Sweet dreams 
Of holly and ribbon 
Mistakes are forgiven
And everything is icy and blue
And you would be there, too 
Under the mistletoe 
Watching the fire glow
And telling me, I love you 
Just being in your arms
Takes me back to that little farm
Where every wish comes true

In my heart is a Christmas tree farm 
There’s a light in the barn 
We’d run inside out from the cold 
In the town kids are dreaming of sleighs
And they’re warm and they’re safe 
They wake to see a blanket of snow 
Sweet dreams 
Of holly and ribbon
Mistakes are forgiven
And everything is icy and blue
And you would be there, too
Under the mistletoe 
Watching the fire glow
And telling me, I love you 
Just being in your arms 
Takes me back to that little farm 
Where every wish comes true
Oh baby, yeah
And when I’m feeling alone
You remind me of home
Baby, baby, Merry Christmas
And when the world isn’t fair
I pretend that we’re there
Baby, baby, Merry Christmas…to you
Under the mistletoe…to you
Watching the fire glow
And telling me, I love you 

Baby, baby, Merry Christmas
Baby, baby, Merry Christmas
Baby, baby, Merry Christmas
I love you
Baby, baby, Merry Christmas
Baby, baby, Merry Christmas
Baby, baby, Merry Christmas
May your every wish come true

I love you

#TaylorSwift #ChristmasTreeFarm

Music video by Taylor Swift performing Christmas Tree Farm. © 2019 Taylor Swift",2019-12-06 05:00:10+00:00,PT3M45S,24253457,712138,27980,https://i.ytimg.com/vi/mN3rDTAdM2o/default.jpg,https://i.ytimg.com/vi/mN3rDTAdM2o/mqdefault.jpg,https://i.ytimg.com/vi/mN3rDTAdM2o/hqdefault.jpg,2019-12-06 05:00:10+00:00,2019-12-06 05:05:51+00:00,2019-12-06 05:00:00+00:00
p1cEvNn88jM,Taylor Swift - I Forgot That You Existed (Official Audio),"Official audio for ‘I Forgot That You Existed’ performed by Taylor Swift. Off her new album ‘Lover.’ Stream/Download the album here: https://TaylorSwift.lnk.to/Loversu

🕰️ Pre-order the new album Midnights by Taylor Swift available everywhere October 21: 
https://taylor.lnk.to/taylorswiftmidnightsYT

►Subscribe to Taylor Swift on YouTube: https://ts.lnk.to/subscribe

►Exclusive Merch: https://store.taylorswift.com

►Follow Taylor Swift online:
Instagram: http://www.instagram.com/taylorswift
Facebook: http://www.facebook.com/taylorswift
Tumblr: http://taylorswift.tumblr.com
Twitter: http://www.twitter.com/taylorswift13
Website: http://www.taylorswift.com

►Follow Taylor Nation online:
Instagram: http://www.instagram.com/taylornation
Tumblr: http://taylornation.tumblr.com
Twitter: http://www.twitter.com/taylornation13

Official ‘I Forgot That You Existed’ Lyrics
Written by Taylor Swift, Louis Bell & Adam King Feeney

How many days did I spend thinking
‘Bout how you did me wrong, wrong, wrong 
Lived in the shade you were throwing
‘Til all of my sunshine was gone, gone, gone 
And I couldn’t get away from ya
In my feelings more than Drake so yeah 
Your name on my lips, tongue tied
Free rent living in my mind
But then something happened one magical night... I forgot that you existed 
And I thought that it 
would kill me
But it didn’t
And it was so nice 
So peaceful and quiet
I forgot that you existed 
It isn’t love it isn’t hate 
It’s just indifference
I forgot that you... Got out some popcorn as soon as my rep started going down, down, down 
Laughed on the schoolyard as soon as I tripped up and hit the ground, ground, ground
And I would’ve stuck around for ya 
Would’ve fought the whole town, so yeah 
Would’ve been right there front row
Even if nobody came to your show 
But you showed who you are 
Then one magical night... Chorus Sent me a clear message 
Taught me some hard lessons 
I just forget what they were... 
It’s all just a blur I forgot that you existed 
And I thought that it 
would kill me
But it didn’t
And it was so nice 
So peaceful and quiet
I forgot that you existed 
I did, I did, I did
It isn’t hate it’s just indifference
It isn’t love it isn’t hate 
It’s just indifference
So yeah...

#TaylorSwift #Lover #TaylorSwiftLover

© 2019 Taylor Swift",2019-08-23 04:00:06+00:00,PT2M52S,30852121,341638,8329,https://i.ytimg.com/vi/p1cEvNn88jM/default.jpg,https://i.ytimg.com/vi/p1cEvNn88jM/mqdefault.jpg,https://i.ytimg.com/vi/p1cEvNn88jM/hqdefault.jpg,,,
ic8j13piAhQ,Taylor Swift - Cruel Summer (Official Audio),Music video by Taylor Swift performing Cruel Summer (Visualizer).© 2019 Taylor Swift,2019-08-23 04:00:06+00:00,PT3M,274241727,1630309,42496,https://i.ytimg.com/vi/ic8j13piAhQ/default.jpg,https://i.ytimg.com/vi/ic8j13piAhQ/mqdefault.jpg,https://i.ytimg.com/vi/ic8j13piAhQ/hqdefault.jpg,,,
pHoHDNxay3A,Taylor Swift - The Man (Official Audio),"Official audio for ‘The Man’ performed by Taylor Swift. Off her new album ‘Lover.’ Stream/Download the album here: https://TaylorSwift.lnk.to/Loversu

🕰️ Pre-order the new album Midnights by Taylor Swift available everywhere October 21: 
https://taylor.lnk.to/taylorswiftmidnightsYT

►Subscribe to Taylor Swift on YouTube: https://ts.lnk.to/subscribe

►Exclusive Merch: https://store.taylorswift.com

►Follow Taylor Swift online:
Instagram: http://www.instagram.com/taylorswift
Facebook: http://www.facebook.com/taylorswift
Tumblr: http://taylorswift.tumblr.com
Twitter: http://www.twitter.com/taylorswift13
Website: http://www.taylorswift.com

►Follow Taylor Nation online:
Instagram: http://www.instagram.com/taylornation
Tumblr: http://taylornation.tumblr.com
Twitter: http://www.twitter.com/taylornation13

Official ‘The Man’ Lyrics
Written by Taylor Swift & Joel Little

I would be complex 
I would be cool
They’d say I played the ﬁeld before I found someone to commit to 
And that would be ok
For me to do
Every conquest I had made would make me more of a boss to you 
I’d be a fearless leader
I’d be an alpha type
When everyone believes ya 
What’s that like? I’m so sick of running as fast I can 
Wondering if I’d get there quicker 
If I was a man
And I’m so sick of them coming at me again 
‘Cause if I was a man...
Then I’d be the man 
I’d be the man
I’d be the man They’d say I hustled 
Put in the work
They wouldn’t shake their heads and question how much of this I deserve 
What I was wearing
If I was rude
Could all be separated from my good ideas and power moves
And they would toast to me, oh
Let the players play
I’d be just like Leo
In Saint-Tropez Chorus What’s it like to brag about 
Raking in dollars
And getting bitches and models 
And it’s all good if you’re bad 
And it’s okay if you’re mad If I was out ﬂashing my dollars 
I’d be a bitch, not a baller 
They paint me out to be bad 
So it’s okay that I’m mad I’m so sick of running as fast I can 
Wondering if I’d get there quicker 
If I was a man
I’m so sick of them coming at me again 
‘Cause if I was a man...
Then I’d be the man 
I’d be the man
I’m so sick of running as fast I can 
Wondering if I’d get there quicker 
If I was a man
And I’m so sick of them coming at me again 
‘Cause if I was a man...
Then I’d be the man 
I’d be the man
I’d be the man
I’d be the man
I’d be the man
I’d be the man
If I was a man
I’d be the man

#TaylorSwift #Lover #TaylorSwiftLover

© 2019 Taylor Swift

Music video by Taylor Swift performing The Man (Visualizer). © 2019 Taylor Swift

http://vevo.ly/A6GAmy",2019-08-23 04:00:11+00:00,PT3M12S,24309702,250470,7316,https://i.ytimg.com/vi/pHoHDNxay3A/default.jpg,https://i.ytimg.com/vi/pHoHDNxay3A/mqdefault.jpg,https://i.ytimg.com/vi/pHoHDNxay3A/hqdefault.jpg,,,
8KpKc3C9V3w,Taylor Swift - The Archer (Lyric Video),"The official lyric video for “The Archer” by Taylor Swift. Off her upcoming album
‘Loverʼ. Get the track here: https://TaylorSwift.lnk.to/TheArchersu

❤️‍🔥Stream/download ‘The Life of a Showgirl’: https://taylor.lnk.to/TSTheLifeofaShowgirlYD

►Subscribe to Taylor Swift on YouTube: https://ts.lnk.to/subscribe
►Shop Merch: http://taylorswift.lnk.to/store

►Follow Taylor Swift Online: 
TikTok: http://tiktok.com/@taylorswift 
Instagram: http://instagram.com/taylorswift 
Twitter: http://twitter.com/taylorswift13 
Snapchat: http://snapchat.com/add/taylorswift 
Facebook: http://facebook.com/taylorswift 
Tumblr: http://taylorswift.tumblr.com 
Website: http://www.taylorswift.com 

►Follow Taylor Nation Online:
TikTok: http://tiktok.com/@taylornation
Instagram: http://instagram.com/taylornation 
Twitter: http://twitter.com/taylornation13
Tumblr: http://taylornation.tumblr.com

Official lyrics for ""The Archer"" written by Taylor Swift:

Combat
I'm ready for combat
I saw I don't want that
But what if I do?
'Cause cruelty wins in the movies
I've got a hundred thrown out speeches I almost said to you
Easy they come, easy they go
I jump from the train
I ride off alone
I never grew up,
It's getting so old
Help me hold onto you
I've been the archer
I've been the prey
Who could ever leave me darling...
But who could stay?
Dark side
I search for your dark side
But what if I'm all right, right, right, right here?
And i cut off my nose just to spite my face
Then hate my reflection for years and years
I wake in the night
I pace like a ghost
The room is on fire
Invisible smoke
And all my heroes
Die all alone
Help me hold onto you
I've been the archer
I've been the prey
Screaming who could ever leave me darling...
But who could stay?

'Cause they see right through me
They see right through me
They see right through me
Can you see right through me?
They see right through
They see right through me
I see right through me
I see right through me
All the king's horses, all the king's men
Couldn't put me together again
'Cause all of my enemies
Started out friends
Help me hold onto you
I've been the archer
I've been the prey
Who could ever leave me darling...
But who could stay?
Who could stay?
Who could stay?
You could stay
You could stay
Combat
I'm ready for combat

© 2019 Taylor Swift

#TaylorSwift #TheArcher #TaylorSwiftLyrics",2019-07-23 21:15:00+00:00,PT3M40S,44594510,745098,39049,https://i.ytimg.com/vi/8KpKc3C9V3w/default.jpg,https://i.ytimg.com/vi/8KpKc3C9V3w/mqdefault.jpg,https://i.ytimg.com/vi/8KpKc3C9V3w/hqdefault.jpg,,,
2d1wKn-oJnA,Taylor Swift - I Think He Knows (Official Audio),"Official audio for ‘I Think He Knows’ performed by Taylor Swift. Off her new album ‘Lover.’ Stream/Download the album here: https://TaylorSwift.lnk.to/Loversu

Stream/download ‘The Life of a Showgirl’: https://taylor.lnk.to/TSTheLifeofaShowgirlYD

►Subscribe to Taylor Swift on YouTube: https://ts.lnk.to/subscribe

►Exclusive Merch: https://store.taylorswift.com

►Follow Taylor Swift online:
Instagram: http://www.instagram.com/taylorswift
Facebook: http://www.facebook.com/taylorswift
Tumblr: http://taylorswift.tumblr.com
Twitter: http://www.twitter.com/taylorswift13
Website: http://www.taylorswift.com

►Follow Taylor Nation online:
Instagram: http://www.instagram.com/taylornation
Tumblr: http://taylornation.tumblr.com
Twitter: http://www.twitter.com/taylornation13

Official ‘I Think He Knows’ Lyrics
Written by Taylor Swift & Jack Antonoff

I think he knows
His footprints on the sidewalk
Lead to where I can’t stop
Go there every night
I think he knows his
Hands around a cold glass
Make me wanna know that
Body like it’s mine
He got that boyish look that I like in a man
I am an architect, I’m drawing up the plans
It’s like I’m seventeen
Nobody understands 
No one understands He got my heartbeat
Skipping down 16th Avenue
I got that uhh, I mean
Want to see what’s under that attitude
I want you
Bless my soul
But I ain’t gotta tell him 
I think he knows
I think he knows I think he knows
When we get all alone
I’ll make myself at home
And he’ll want me to stay
I think he knows
He’d better lock it down
Or I won’t stick around
‘Cause good ones never wait
He got that boyish look that I like in a man
I am an architect, I’m drawing up the plans
He’s so obsessed with me and boy 
I understand 
Boy I understand Chorus I want you
Bless my 
I want you
Bless my 
I want you
Bless my 
I want you
Bless my soul Lyrical smile
Indigo eyes
Hand on my thigh
We could follow the sparks I’ll drive
Lyrical smile
Indigo eyes
Hand on my thigh
We could follow the sparks
I’ll drive
So where we gonna go? 
I whisper in the dark
Where we gonna go?
I think he knows Chorus I think he
I want you
Bless my
I want you
Bless my soul
I want you
Bless my 
I want you
Bless my soul
I want you
Bless my
I want you
Bless my soul
I want you
Bless my soul
But I ain’t gotta tell him 
I think he knows

#TaylorSwift #Lover #TaylorSwiftLover

Music video by Taylor Swift performing I Think He Knows (Visualizer). © 2019 Taylor Swift",2019-08-23 04:00:01+00:00,PT2M55S,20625050,218858,5820,https://i.ytimg.com/vi/2d1wKn-oJnA/default.jpg,https://i.ytimg.com/vi/2d1wKn-oJnA/mqdefault.jpg,https://i.ytimg.com/vi/2d1wKn-oJnA/hqdefault.jpg,,,
Kwf7P2GNAVw,Taylor Swift - Miss Americana & The Heartbreak Prince (Official Audio),"Official audio for ‘Miss Americana & The Heartbreak Prince’ performed by Taylor Swift. Off her new album ‘Lover.’ Stream/Download the album here: https://TaylorSwift.lnk.to/Loversu

►Subscribe to Taylor Swift on YouTube: https://ts.lnk.to/subscribe

►Exclusive Merch: https://store.taylorswift.com

►Follow Taylor Swift online:
Instagram: http://www.instagram.com/taylorswift
Facebook: http://www.facebook.com/taylorswift
Tumblr: http://taylorswift.tumblr.com
Twitter: http://www.twitter.com/taylorswift13
Website: http://www.taylorswift.com

►Follow Taylor Nation online:
Instagram: http://www.instagram.com/taylornation
Tumblr: http://taylornation.tumblr.com
Twitter: http://www.twitter.com/taylornation13

Official ‘Miss Americana & The Heartbreak Prince’ Lyrics
Written by Taylor Swift & Joel Little

You know I adore you
I’m crazier for you
Than I was at sixteen
Lost in a ﬁlm scene
Waving homecoming queens
Marching band playing
I’m lost in the lights
American glory
Faded before me
Now I’m feeling hopeless
Ripped up my prom dress
Running through rose thorns
I saw the scoreboard
And ran for my life
No cameras catch my pageant smile
I counted days, I counted miles
To see you there, to see you there
It’s been a long time coming but It’s you and me
That’s my whole world 
They whisper in the hallway 
She’s a bad bad girl
The whole school is rolling fake dice 
You play stupid games 
You win stupid prizes
It’s you and me
There’s nothing like this
Miss Americana and the Heartbreak Prince
We’re so sad, we paint the town blue 
Voted most likely to run away with you My team is losing
Battered and bruising
I see the high ﬁves
Between the bad guys
Leave with my head hung
You are the only one
Who seems to care
American stories
Burning before me
I’m feeling helpless
The damsels are depressed
Boys will be boys then
Where are the wise men?
Darling I’m scared
No cameras catch my mufﬂed cries
I counted days, I counted miles
To see you there, to see you there And now the storm is coming but Chorus And I don’t want you to GO!
I don’t really wanna FIGHT!
‘Cause nobody’s gonna WIN! I think you should come home 
And I don’t want you to GO!
I don’t really wanna FIGHT!
‘Cause nobody’s gonna WIN! I think you should come home
And I don’t want you to GO!
I don’t really wanna FIGHT!
‘Cause nobody’s gonna WIN! I just thought you should know
And I’ll never let you GO!
‘Cause I know this is a FIGHT!
That someday we’re gonna WIN! It’s you and me
That’s my whole world 
They whisper in the hallway
She’s a bad bad girl
I just thought you should know
It’s you and me
There’s nothing like this
Miss Americana and the Heartbreak Prince
We’re so sad, we paint the town blue 
Voted most likely to run away with you And I don’t want you to GO!
I don’t really wanna FIGHT!
‘Cause nobody’s gonna WIN!
I think you should come home 
And I’ll never let you GO!
‘Cause I know this is a FIGHT!
That someday we’re gonna WIN!
I just thought you should know It’s you and me
That’s my whole world
They whisper in the hallway 
She’s a bad bad girl
She’s a bad bad girl

#TaylorSwift #Lover #TaylorSwiftLover

© 2019 Taylor Swift

Music video by Taylor Swift performing Miss Americana & The Heartbreak Prince (Visualizer). © 2019 Taylor Swift",2019-08-23 04:00:05+00:00,PT3M56S,43110867,345295,9590,https://i.ytimg.com/vi/Kwf7P2GNAVw/default.jpg,https://i.ytimg.com/vi/Kwf7P2GNAVw/mqdefault.jpg,https://i.ytimg.com/vi/Kwf7P2GNAVw/hqdefault.jpg,,,
8zdg-pDF10g,Taylor Swift - Paper Rings (Official Audio),"Official audio for ‘Paper Rings’ performed by Taylor Swift. Off her new album ‘Lover.’ Stream/Download the album here: https://TaylorSwift.lnk.to/Loversu

❤️‍🔥Stream/download ‘The Life of a Showgirl’: https://taylor.lnk.to/TSTheLifeofaShowgirlYD

►Subscribe to Taylor Swift on YouTube: https://ts.lnk.to/subscribe
►Shop Merch: http://taylorswift.lnk.to/store

►Follow Taylor Swift Online: 
TikTok: http://tiktok.com/@taylorswift 
Instagram: http://instagram.com/taylorswift 
Twitter: http://twitter.com/taylorswift13 
Snapchat: http://snapchat.com/add/taylorswift 
Facebook: http://facebook.com/taylorswift 
Tumblr: http://taylorswift.tumblr.com 
Website: http://www.taylorswift.com 

►Follow Taylor Nation Online:
TikTok: http://tiktok.com/@taylornation
Instagram: http://instagram.com/taylornation 
Twitter: http://twitter.com/taylornation13
Tumblr: http://taylornation.tumblr.com

Official ‘Paper Rings’ Lyrics
Written by Taylor Swift & Jack Antonoff

The moon is high like your friends were
the night that we ﬁrst met 
Went home and tried to stalk you on the Internet
Now I’ve read all of the books beside your bed
The wine is cold like the shoulder
that I gave you in the street
Cat and mouse for a month or two or three
Now I wake up in the night and watch you breathe
Kiss me once ‘cause you know I had a long night
Kiss me twice ‘cause it’s gonna be all right
Three times ‘cause I waited my whole life I like shiny things
But I’d marry you with paper rings
Uh huh,
That’s right, darling
You’re the one I want and
I hate accidents
Except when we went from friends to this
Uh huh,
That’s right, darling
You’re the one I want
In paper rings
In picture frames
In dirty dreams
You’re the one I want

In the winter in the icy outdoor pool
When you jumped in ﬁrst, I went in too 
I’m with you even if it makes me blue
Which takes me back to the color
that we painted your brother’s wall
Honey without all the exes, ﬁghts, and ﬂaws
We wouldn’t be standing here so tall so
Kiss you once ‘cause you know I had a long night
Kiss you twice ‘cause it’s gonna be all right
Three times ‘cause you waited your whole life Chorus I want to drive away with you
I want your complications too
I want your dreary Mondays
Wrap your arms around me baby boy
I want to drive away with you
I want your complications too
I want your dreary Mondays
Wrap your arms around me baby boy I like shiny things
But I’d marry you with paper rings
Uh huh, that’s right
You’re the one I want 
I hate accidents
Except when we went from friends to this
Uh huh, darling
You’re the one I want I like shiny things
But I’d marry you with paper rings
Uh huh,
That’s right, darling
You’re the one I want and
I hate accidents
Except when we went from friends to this
Uh huh, 
That’s right, darling 
You’re the one I want In paper rings
In picture frames
In all my dreams
You’re the one I want
In paper rings
In picture frames
In all my dreams
You’re the one I want

#TaylorSwift #Lover #TaylorSwiftLover

© 2019 Taylor Swift",2019-08-23 04:00:02+00:00,PT3M44S,53573650,515005,9867,https://i.ytimg.com/vi/8zdg-pDF10g/default.jpg,https://i.ytimg.com/vi/8zdg-pDF10g/mqdefault.jpg,https://i.ytimg.com/vi/8zdg-pDF10g/hqdefault.jpg,,,
VikHHWrgb4Y,Taylor Swift - Cornelia Street (Official Audio),"Official audio for ‘Cornelia Street’ performed by Taylor Swift. Off her new album ‘Lover.’ Stream/Download the album here: https://TaylorSwift.lnk.to/Loversu

►Subscribe to Taylor Swift on YouTube: https://ts.lnk.to/subscribe

►Exclusive Merch: https://store.taylorswift.com

►Follow Taylor Swift online:
Instagram: http://www.instagram.com/taylorswift
Facebook: http://www.facebook.com/taylorswift
Tumblr: http://taylorswift.tumblr.com
Twitter: http://www.twitter.com/taylorswift13
Website: http://www.taylorswift.com

►Follow Taylor Nation online:
Instagram: http://www.instagram.com/taylornation
Tumblr: http://taylornation.tumblr.com
Twitter: http://www.twitter.com/taylornation13

Official ‘Cornelia Street’ Lyrics
Written by Taylor Swift

We were in the backseat
drunk on something stronger
than the drinks in the bar
I rent a place on Cornelia Street,
I say casually in the car
We were a fresh page on the desk
ﬁlling in the blanks as we go
As if the streetlights pointed in an arrowhead
leading us home And I hope I never lose you
Hope it never ends
I’d never walk Cornelia Street again
That’s the kind of heartbreak
Time could never mend
I’d never walk Cornelia Street again
And baby I get mystiﬁed by how
this city screams your name
And baby I’m so terriﬁed of if you ever walk away
I’d never walk Cornelia Street again
I’d never walk Cornelia Street again Windows ﬂung right open
Autumn air, jacket round my shoulders is yours
We bless the rains on Cornelia Street
Memorize the creaks in the ﬂoor
Back when we were card sharks
Playing games
I thought you were leading me on
I packed my bags, left Cornelia Street
Before you even knew I was gone
But then you called
Showed your hand
I turned around before I hit the tunnel
Sat on the roof, you and I Chorus You hold my hand
On the street
Walk me back to that apartment
Years ago we were just inside
Barefoot in the kitchen
Sacred new beginnings
That became my religion
Listen... I hope I never lose you 
I’d never walk Cornelia Street again 
Never again
And baby I get mystiﬁed by how
this city screams your name
And baby I’m so terriﬁed of if you ever walk away
I’d never walk Cornelia Street again
I’d never walk Cornelia Street again
I’d never walk Cornelia Street again
I rent a place on Cornelia Street,
I say casually in the car

#TaylorSwift #Lover #TaylorSwiftLover

© 2019 Taylor Swift",2019-08-23 04:00:03+00:00,PT4M49S,59734334,332474,8991,https://i.ytimg.com/vi/VikHHWrgb4Y/default.jpg,https://i.ytimg.com/vi/VikHHWrgb4Y/mqdefault.jpg,https://i.ytimg.com/vi/VikHHWrgb4Y/hqdefault.jpg,,,
GTEFSuFfgnU,Taylor Swift - Death By A Thousand Cuts (Official Audio),"Official audio for ‘Death By A Thousand Cuts’ performed by Taylor Swift. Off her new album ‘Lover.’ Stream/Download the album here: https://TaylorSwift.lnk.to/Loversu

🕰️ Pre-order the new album Midnights by Taylor Swift available everywhere October 21: 
https://taylor.lnk.to/taylorswiftmidnightsYT

►Subscribe to Taylor Swift on YouTube: https://ts.lnk.to/subscribe

►Exclusive Merch: https://store.taylorswift.com

►Follow Taylor Swift online:
Instagram: http://www.instagram.com/taylorswift
Facebook: http://www.facebook.com/taylorswift
Tumblr: http://taylorswift.tumblr.com
Twitter: http://www.twitter.com/taylorswift13
Website: http://www.taylorswift.com

►Follow Taylor Nation online:
Instagram: http://www.instagram.com/taylornation
Tumblr: http://taylornation.tumblr.com
Twitter: http://www.twitter.com/taylornation13

Official ‘Death By A Thousand Cuts’ Lyrics
Written by Taylor Swift & Jack Antonoff

Saying goodbye is death by a thousand cuts
Flashbacks waking me up
I get drunk but it’s not enough ‘cause
The morning comes and
You’re not my baby
I look through the windows of this love
Even though we boarded them up
Chandelier’s still flickering here
‘Cause I can’t pretend it’s ok when it’s not
It’s death by a thousand cuts I dress to kill my time
I take the long way home
I ask the traffic lights if it’ll be all right
They say ‘I don’t know’
And what once was ours
Is no one’s now
I see you everywhere
The only thing we share
is this small town
You said it was a great love
One for the ages
If the story’s over
Why am I still writing pages? Chorus My heart, my hips, my body, my love
Trying to find a part of me that you didn’t touch
Gave up on me like I was a bad drug
Now I’m searching for signs in a haunted club
Our songs, our films, United we stand
Our country
Guess it was a lawless land
Quiet my fears with the touch of your hand
Paper cut stings from our paper thin plans
My time, my wine, my spirit, my trust
Trying to find a part of me you didn’t take up
Gave you too much but it wasn’t enough
But I’ll be all right
It’s just a thousand cuts I get drunk but it’s not enough ‘cause
You’re not my baby
I look through the windows of this love
Even though we boarded them up
Chandelier’s still flickering here
‘Cause I can’t pretend it’s ok when it’s not
No it’s not
It’s death by a thousand cuts
Trying to find a part of me that you didn’t touch
My body, my love
But it wasn’t enough, it wasn’t enough, no, no I take the long way home
I ask the traffic lights if it’ll be all right
They say ‘I don’t know’

#TaylorSwift #Lover #TaylorSwiftLover

© 2019 Taylor Swift",2019-08-23 04:00:03+00:00,PT3M20S,18769637,186369,4389,https://i.ytimg.com/vi/GTEFSuFfgnU/default.jpg,https://i.ytimg.com/vi/GTEFSuFfgnU/mqdefault.jpg,https://i.ytimg.com/vi/GTEFSuFfgnU/hqdefault.jpg,,,
VsKoOH6DVys,Taylor Swift - London Boy (Official Audio),"Official audio for ‘London Boy’ performed by Taylor Swift. Off her new album ‘Lover.’ Stream/Download the album here: https://TaylorSwift.lnk.to/Loversu

►Subscribe to Taylor Swift on YouTube: https://ts.lnk.to/subscribe

►Exclusive Merch: https://store.taylorswift.com

►Follow Taylor Swift online:
Instagram: http://www.instagram.com/taylorswift
Facebook: http://www.facebook.com/taylorswift
Tumblr: http://taylorswift.tumblr.com
Twitter: http://www.twitter.com/taylorswift13
Website: http://www.taylorswift.com

►Follow Taylor Nation online:
Instagram: http://www.instagram.com/taylornation
Tumblr: http://taylornation.tumblr.com
Twitter: http://www.twitter.com/taylornation13

Official ‘London Boy’ Lyrics
Written by Taylor Swift, Jack Antonoff, Cautious Clay & Mark Anthony Spears

Idris Elba: We can go driving in, on my scooter, ah you know, just round London
James Corden: Oh I love my hometown
As much as Motown
I love SoCal
And you know I love Springsteen
Faded blue jeans
Tennessee whiskey
But something happened
I heard him laughing
I saw the dimples ﬁrst and
then I heard the accent
They say home is where the heart is
But that’s not where mine lives You know I love a London boy
I enjoy walking Camden Market
in the afternoon 
He likes my American smile
Like a child when our eyes meet 
Darling, I fancy you
Took me back to Highgate
Met all of his best mates
So I guess
All the rumors are true
You know I love a London boy
Boy, I fancy you Now I love high tea
Stories from uni and the West End
You can ﬁnd me in the pub, we
Are watchin’ rugby
With his school friends
Show me a gray sky
A rainy cab ride
Babes, don’t threaten me with a good time
They say home is where the heart is
But God I love the English... You know I love a London boy
I enjoy nights in Brixton,
Shoreditch in the afternoon
He likes my American smile
Like a child when our eyes meet 
Darling I fancy you
Took me back to Highgate
Met all of his best mates
So I guess
All the rumors are true
You know I love a London boy
Boy, I fancy you So please show me Hackney
Doesn’t have to be Louis V
Up on Bond Street
Just wanna be with you, wanna be with you
Stick with me, I’m your queen
Like a Tennessee Stella McCartney
On the Heath
Just wanna be with you, wanna be with you, wanna be with you You know I love a London boy, I enjoy walking Soho drinking in the afternoon 
He likes my American smile
Like a child when our eyes meet
Darling I fancy you
Took me back to Highgate
Met all of his best mates
So I guess
All the rumors are true
You know I love a London boy
Boy, I fancy you So please show me Hackney
Doesn’t have to be Louis V
Up on Bond Street
Just wanna be with you, wanna be with you
Stick with me, I’m your queen
Like a Tennessee Stella McCartney
On the Heath
Just wanna be with you, wanna be with you, wanna be with you

#TaylorSwift #Lover #TaylorSwiftLover

© 2019 Taylor Swift

Music video by Taylor Swift performing London Boy (Visualizer). © 2019 Taylor Swift

http://vevo.ly/LiveDV",2019-08-23 04:00:03+00:00,PT3M12S,43000536,328765,12813,https://i.ytimg.com/vi/VsKoOH6DVys/default.jpg,https://i.ytimg.com/vi/VsKoOH6DVys/mqdefault.jpg,https://i.ytimg.com/vi/VsKoOH6DVys/hqdefault.jpg,,,
tMoW5G5LU08,Taylor Swift - Soon You’ll Get Better (Official Audio) ft. The Chicks,"Official audio for ‘Soon You’ll Get Better' performed by Taylor Swift ft. The Chicks. Off her new album ‘Lover.’ Stream/Download the album here: https://TaylorSwift.lnk.to/Loversu


►Subscribe to Taylor Swift on YouTube: https://ts.lnk.to/subscribe

►Exclusive Merch: https://store.taylorswift.com

►Follow Taylor Swift online:
Instagram: http://www.instagram.com/taylorswift
Facebook: http://www.facebook.com/taylorswift
Tumblr: http://taylorswift.tumblr.com
Twitter: http://www.twitter.com/taylorswift13
Website: http://www.taylorswift.com

►Follow Taylor Nation online:
Instagram: http://www.instagram.com/taylornation
Tumblr: http://taylornation.tumblr.com
Twitter: http://www.twitter.com/taylornation13

Official ‘Soon You’ll Get Better’ Lyrics
Written by Taylor Swift & Jack Antonoff

The buttons of my coat were tangled in my hair
In doctor’s ofﬁce lighting
I didn’t tell you I was scared
That was the ﬁrst time we were there
Holy orange bottles
Each night I pray to you
Desperate people ﬁnd faith
So now I pray to Jesus too
And I say to you Ooh, soon you’ll get better
Ooh, soon you’ll get better
Ooh, you’ll get better soon
‘Cause you have to I know delusion when I see it in the mirror
You like the nicer nurses
You make the best of a bad deal
I just pretend it isn’t real
I’ll paint the kitchen neon
I’ll brighten up the sky
I know I’ll never get it
There’s not a day that I won’t try
And I’ll say to you Chorus And I hate to make this all about me
But who am I supposed to talk to?
What am I supposed to do?
If there’s no you This won’t go back to normal
If it ever was
It’s been years of hoping
And I keep saying it because 
‘Cause I have to... Ooh, you’ll get better
Ooh, soon you’ll get better
Ooh, you’ll get better soon Ooh, soon you’ll get better
Ooh, soon you’ll get better
Ooh, you’ll get better soon 
‘Cause you have to

#TaylorSwift #Lover #TaylorSwiftLover

`Music video by Taylor Swift performing Soon You’ll Get Better (Visualizer). © 2019 Taylor Swift",2019-08-23 04:00:05+00:00,PT3M23S,10613759,171573,6711,https://i.ytimg.com/vi/tMoW5G5LU08/default.jpg,https://i.ytimg.com/vi/tMoW5G5LU08/mqdefault.jpg,https://i.ytimg.com/vi/tMoW5G5LU08/hqdefault.jpg,,,
acQXa5ArHIk,Taylor Swift - False God (Official Audio),"Official audio for ‘False God’ performed by Taylor Swift. Off her new album ‘Lover.’ Stream/Download the album here: https://TaylorSwift.lnk.to/Loversu

❤️‍🔥Stream/download ‘The Life of a Showgirl’: https://taylor.lnk.to/TSTheLifeofaShowgirlYD

►Subscribe to Taylor Swift on YouTube: https://ts.lnk.to/subscribe
►Shop Merch: http://taylorswift.lnk.to/store

►Follow Taylor Swift Online: 
TikTok: http://tiktok.com/@taylorswift 
Instagram: http://instagram.com/taylorswift 
Twitter: http://twitter.com/taylorswift13 
Snapchat: http://snapchat.com/add/taylorswift 
Facebook: http://facebook.com/taylorswift 
Tumblr: http://taylorswift.tumblr.com 
Website: http://www.taylorswift.com 

►Follow Taylor Nation Online:
TikTok: http://tiktok.com/@taylornation
Instagram: http://instagram.com/taylornation 
Twitter: http://twitter.com/taylornation13
Tumblr: http://taylornation.tumblr.com

Official ‘False God’ Lyrics
Written by Taylor Swift & Jack Antonoff

We were crazy to think
Crazy to think that this could work
Remember how I said I’d die for you
We were stupid to jump
In the ocean separating us
Remember how I’d ﬂy to you
And I can’t talk to you when you’re like this
Staring out the window like I’m not your favorite town - I’m New York City
I still do it for you babe
They all warned us about times like this
They say the road gets hard and you
get lost when you’re led by blind faith
Blind faith But we might just get away with it
Religion’s in your lips
Even if it’s a false god
We’d still worship
We might just get away with it
The altar is my hips
Even if it’s a false god
We’d still worship this love
We’d still worship this love
We’d still worship this love I know heaven’s a thing
I go there when you touch me
honey, hell is when I ﬁght with you
But we can patch it up good
Make confessions and
we’re begging for forgiveness,
got the wine for you
And you can’t talk to me when I’m like this
Daring you to leave me
just so I can try and scare you,
you’re the West Village
You still do it for me babe
They all warned us about times like this
They say the road gets hard and you
get lost when you’re led by blind faith
Blind faith 
Still worship this love
Even if it’s a false god
Even if it’s a false god
Still worship this love

#TaylorSwift #Lover #TaylorSwiftLover
© 2019 Taylor Swift",2019-08-23 04:00:01+00:00,PT3M22S,17949090,178321,4479,https://i.ytimg.com/vi/acQXa5ArHIk/default.jpg,https://i.ytimg.com/vi/acQXa5ArHIk/mqdefault.jpg,https://i.ytimg.com/vi/acQXa5ArHIk/hqdefault.jpg,,,
8HxbqAsppwU,Taylor Swift - Afterglow (Official Audio),"Official audio for ‘Afterglow’ performed by Taylor Swift. Off her new album ‘Lover.’ Stream/Download the album here: https://TaylorSwift.lnk.to/Loversu

❤️‍🔥Stream/download ‘The Life of a Showgirl’: https://taylor.lnk.to/TSTheLifeofaShowgirlYD

►Subscribe to Taylor Swift on YouTube: https://ts.lnk.to/subscribe
►Shop Merch: http://taylorswift.lnk.to/store

►Follow Taylor Swift Online: 
TikTok: http://tiktok.com/@taylorswift 
Instagram: http://instagram.com/taylorswift 
Twitter: http://twitter.com/taylorswift13 
Snapchat: http://snapchat.com/add/taylorswift 
Facebook: http://facebook.com/taylorswift 
Tumblr: http://taylorswift.tumblr.com 
Website: http://www.taylorswift.com 

►Follow Taylor Nation Online:
TikTok: http://tiktok.com/@taylornation
Instagram: http://instagram.com/taylornation 
Twitter: http://twitter.com/taylornation13
Tumblr: http://taylornation.tumblr.com

Official ‘Afterglow’ Lyrics
Written by Taylor Swift, Louis Bell & Adam King Feeney

I blew things out of proportion
Now you’re blue
Put you in jail for something you didn’t do
I pinned your hands behind your back, oh
Thought I had reason to attack, but no
Fighting with a true love
Is boxing with no gloves
Chemistry ‘til it blows up, ‘til there’s no us 
Why’d I have to break what I love so much?
It’s on your face
And I’m to blame
I need to say Hey, it’s all me, in my head
I’m the one who burned us down
But it’s not what I meant
Sorry that I hurt you 
I don’t wanna do
I don’t wanna do this to you 
I don’t wanna lose
I don’t wanna lose this with you
I need to say
Hey it’s all me, just don’t go
Meet me in the afterglow It’s so excruciating to see you low
Just want to lift you up and not let you go
This ultraviolet morning light below
Tells me this love is worth the ﬁght, oh
I lived like an island
Punished you with silence
Went off like sirens, just crying
Why’d I have to break what I love so much
It’s on your face
Don’t walk away I need to say Chorus Tell me that you’re still mine
Tell me that we’ll be just ﬁne
Even when I lose my mind
I need to say
Tell me that it’s not my fault
Tell me that I’m all you want
Even when I break your heart
I need to say
Chorus

#TaylorSwift #Lover #TaylorSwiftLover
© 2019 Taylor Swift",2019-08-23 04:00:00+00:00,PT3M45S,33792407,314871,6882,https://i.ytimg.com/vi/8HxbqAsppwU/default.jpg,https://i.ytimg.com/vi/8HxbqAsppwU/mqdefault.jpg,https://i.ytimg.com/vi/8HxbqAsppwU/hqdefault.jpg,,,
eaP1VswBF28,Taylor Swift - It’s Nice To Have A Friend (Official Audio),"Official audio for ‘It’s Nice To Have A Friend’ performed by Taylor Swift. 

Stream/Download Lover here: https://TaylorSwift.lnk.to/Loversu

►Subscribe to Taylor Swift on YouTube: https://ts.lnk.to/subscribe

►Exclusive Merch: https://store.taylorswift.com

►Follow Taylor Swift online:
Instagram: http://www.instagram.com/taylorswift
Facebook: http://www.facebook.com/taylorswift
Tumblr: http://taylorswift.tumblr.com
Twitter: http://www.twitter.com/taylorswift13
Website: http://www.taylorswift.com

►Follow Taylor Nation online:
Instagram: http://www.instagram.com/taylornation
Tumblr: http://taylornation.tumblr.com
Twitter: http://www.twitter.com/taylornation13

Official ‘It’s Nice To Have A Friend’ Lyrics
Written by Taylor Swift, Louis Bell & Adam King Feeney

School bell rings 
Walk me home 
Sidewalk chalk 
Covered in snow 
Lost my gloves 
You give me one 
Wanna hang out
Yeah sounds like fun 
Video games
You pass me a note 
Sleeping in tents
It’s nice to have a friend 
It’s nice to have a friend Light pink sky 
Up on the roof 
Sun sinks down 
No curfew
20 questions 
We tell the truth
You been stressed out lately 
Yeah me too
Something gave 
you the nerve
To touch my hand
It’s nice to have a friend
It’s nice to have a friend Church bells ring 
Carry me home 
Rice on the ground 
Looks like snow 
Call my bluff
Call you babe 
Have my back, yeah 
Every day
Feels like home 
Stay in bed
The whole weekend
It’s nice to have a friend 
It’s nice to have a friend
It’s nice to have a friend

#TaylorSwift #Lover #TaylorSwiftLover

© 2019 Taylor Swift

Music video by Taylor Swift performing It’s Nice To Have A Friend (Visualizer). © 2019 Taylor Swift

http://vevo.ly/oPFKQc",2019-08-23 04:00:06+00:00,PT2M32S,8295509,142976,6046,https://i.ytimg.com/vi/eaP1VswBF28/default.jpg,https://i.ytimg.com/vi/eaP1VswBF28/mqdefault.jpg,https://i.ytimg.com/vi/eaP1VswBF28/hqdefault.jpg,,,
u9raS7-NisU,Taylor Swift - Daylight (Official Audio),"Official audio for ‘Daylight’ performed by Taylor Swift. Off her new album ‘Lover.’ Stream/Download the album here: https://TaylorSwift.lnk.to/Loversu


►Subscribe to Taylor Swift on YouTube: https://ts.lnk.to/subscribe

►Exclusive Merch: https://store.taylorswift.com

►Follow Taylor Swift online:
Instagram: http://www.instagram.com/taylorswift
Facebook: http://www.facebook.com/taylorswift
Tumblr: http://taylorswift.tumblr.com
Twitter: http://www.twitter.com/taylorswift13
Website: http://www.taylorswift.com

►Follow Taylor Nation online:
Instagram: http://www.instagram.com/taylornation
Tumblr: http://taylornation.tumblr.com
Twitter: http://www.twitter.com/taylornation13

Official ‘Daylight’ Lyrics
Written by Taylor Swift 

My love was as cruel as the cities I lived in
Everyone looked worse in the light
There are so many lines that I’ve crossed unforgiven
I’ll tell you the truth but never goodbye I don’t wanna look at anything else now that I saw you
I don’t wanna think of anything else now that I thought of you
I’ve been sleeping so long in a twenty year dark night
And now I see daylight
I only see daylight Luck of the draw only draws the unlucky
And so I became the butt of the joke
I wounded the good and I trusted the wicked
Clearing the air, I breathed in the smoke
Maybe you ran with the wolves and refused to settle down
Maybe I stormed out of every single room in this town
Threw out our cloaks and our daggers because it’s morning now
It’s brighter now, now Chorus And I can still see it all in my mind
All of you, all of me intertwined
I once believed love would be black and white
But it’s golden And I can still see it all in my head
Back and forth from New York
Sneaking in your bed
I once believed love would be burning red
But it’s golden
Like daylight I don’t wanna look at anything else now that I saw you
I could never look away
I don’t wanna think of anything else now that I thought of you
Things will never be the same
I’ve been sleeping so long in a twenty year dark night
And now I see daylight
I only see daylight
I only see daylight
I only see daylight
Like daylight
It’s golden
Like daylight
You gotta step into the daylight
And let it go
Just let it go
Let it go Spoken: 
“I want to be defined by the things that I love. Not the things I hate, not the things I’m afraid of, the things that haunt me in the middle of the night. I just think that... you are what you love.”

#TaylorSwift #Lover #TaylorSwiftLover

© 2019 Taylor Swift",2019-08-23 04:00:07+00:00,PT4M55S,105088371,736277,14694,https://i.ytimg.com/vi/u9raS7-NisU/default.jpg,https://i.ytimg.com/vi/u9raS7-NisU/mqdefault.jpg,https://i.ytimg.com/vi/u9raS7-NisU/hqdefault.jpg,,,
dDO6HnY7h24,Taylor Swift - Lover's Lounge (Live),"‘folklore’ album out now: https://store.taylorswift.com 

Join the live event for an exclusive live performance, Q&A, and a closer look at the new album before the world premiere of the ""Lover"" music video. https://ts.lnk.to/LoverMV


►‘Lover’ out now: https://TaylorSwift.lnk.to/Loversu

►Exclusive Merch: https://store.taylorswift.com

►For more information on Stella x Taylor Swift, go to https://www.stellamccartney.com and https://www.taylorswift.com

►Follow Taylor Swift Online
Instagram: http://www.instagram.com/taylorswift
Facebook: http://www.facebook.com/taylorswift
Tumblr: http://taylorswift.tumblr.com
Twitter: http://www.twitter.com/taylorswift13
Website: http://www.taylorswift.com

►Follow Taylor Nation Online
Instagram: http://www.instagram.com/taylornation
Tumblr: http://taylornation.tumblr.com
Twitter: http://www.twitter.com/taylornation13

#TaylorSwift #LoversLounge

0:00 Taylor Introduces Lover
5:12 Taylor’s Diaries
9:46 Taylor’s Q&A
16:19 Stella McCartney
19:27 Taylor & Stella’s Pop Up Shop
25:17 Album Photoshoot
26:21 Performance
30:20 Lover Intro",2019-08-22 21:47:44+00:00,PT33M43S,16359007,,4592,https://i.ytimg.com/vi/dDO6HnY7h24/default.jpg,https://i.ytimg.com/vi/dDO6HnY7h24/mqdefault.jpg,https://i.ytimg.com/vi/dDO6HnY7h24/hqdefault.jpg,2019-08-22 20:56:58+00:00,2019-08-22 21:40:16+00:00,2019-08-22 21:00:00+00:00
Ozk8xq0Lp1g,Taylor Swift - Christmas Tree Farm (Lyric Video),"Official lyric video for ""Christmas Tree Farm"" performed by Taylor Swift. Stream / download the song now: https://taylor.lnk.to/XMASTreeFarmID 

🕰️ Pre-order the new album Midnights by Taylor Swift available everywhere October 21: https://taylor.lnk.to/taylorswiftmidnightsYT

►Subscribe to Taylor Swift on YouTube: https://ts.lnk.to/subscribe

►Exclusive Merch: https://store.taylorswift.com

►Follow Taylor Swift online:
Instagram: http://www.instagram.com/taylorswift
Facebook: http://www.facebook.com/taylorswift
Tumblr: http://taylorswift.tumblr.com
Twitter: http://www.twitter.com/taylorswift13
Website: http://www.taylorswift.com

►Follow Taylor Nation online:
Instagram: http://www.instagram.com/taylornation
Tumblr: http://taylornation.tumblr.com
Twitter: http://www.twitter.com/taylornation13

""Christmas Tree Farm"" Lyrics by Taylor Swift:

My winter nights are taken up by static, stress and holiday shopping traffic 
But I close my eyes and I’m somewhere else - just like magic...

In my heart is a Christmas tree farm
Where the people would come
To dance under sparkling lights
Bundled up in their mittens and coats
And the cider would flow 
And I just wanna be there tonight 
Sweet dreams 
Of holly and ribbon 
Mistakes are forgiven
And everything is icy and blue
And you would be there, too 
Under the mistletoe 
Watching the fire glow
And telling me, I love you 
Just being in your arms
Takes me back to that little farm
Where every wish comes true

In my heart is a Christmas tree farm 
There’s a light in the barn 
We’d run inside out from the cold 
In the town kids are dreaming of sleighs
And they’re warm and they’re safe 
They wake to see a blanket of snow 
Sweet dreams 
Of holly and ribbon
Mistakes are forgiven
And everything is icy and blue
And you would be there, too
Under the mistletoe 
Watching the fire glow
And telling me, I love you 
Just being in your arms 
Takes me back to that little farm 
Where every wish comes true
Oh baby, yeah
And when I’m feeling alone
You remind me of home
Baby, baby, Merry Christmas
And when the world isn’t fair
I pretend that we’re there
Baby, baby, Merry Christmas…to you
Under the mistletoe…to you
Watching the fire glow
And telling me, I love you 

Baby, baby, Merry Christmas
Baby, baby, Merry Christmas
Baby, baby, Merry Christmas
I love you
Baby, baby, Merry Christmas
Baby, baby, Merry Christmas
Baby, baby, Merry Christmas
May your every wish come true

I love you

#TaylorSwift #ChristmasTreeFarm

Music video by Taylor Swift performing Christmas Tree Farm (Lyric Video). © 2019 Taylor Swift",2019-12-06 05:00:06+00:00,PT3M48S,4632983,138631,4342,https://i.ytimg.com/vi/Ozk8xq0Lp1g/default.jpg,https://i.ytimg.com/vi/Ozk8xq0Lp1g/mqdefault.jpg,https://i.ytimg.com/vi/Ozk8xq0Lp1g/hqdefault.jpg,,,
cvUAzpn48xA,Taylor Swift - Lover (Official Lyric Video),"Music video by Taylor Swift performing Lover (Lyric Video).

►Listen to “Lover"" (Song) here: https://TaylorSwift.lnk.to/lover-song
►Pre-Order ‘Lover’ (Album) here: https://TaylorSwift.lnk.to/Loversu
 
►Exclusive Merch: https://store.taylorswift.com
 
►Follow Taylor Swift Online
Instagram: http://www.instagram.com/taylorswift
Facebook: http://www.facebook.com/taylorswift
Tumblr: http://taylorswift.tumblr.com
Twitter: http://www.twitter.com/taylorswift13
Website: http://www.taylorswift.com
 
►Follow Taylor Nation Online
Instagram: http://www.instagram.com/taylornation
Tumblr: http://taylornation.tumblr.com
Twitter: http://www.twitter.com/taylornation13
 
© 2019 Taylor Swift",2019-08-16 04:00:05+00:00,PT3M50S,53825370,910508,42249,https://i.ytimg.com/vi/cvUAzpn48xA/default.jpg,https://i.ytimg.com/vi/cvUAzpn48xA/mqdefault.jpg,https://i.ytimg.com/vi/cvUAzpn48xA/hqdefault.jpg,,,
GWtfOHBF1_w,Taylor Swift - You Need To Calm Down (Lyric Video),"'Lover', the album, here: https://TaylorSwift.lnk.to/Lover

Music video by Taylor Swift performing You Need To Calm Down (Lyric Video). © 2019 Republic Records, a division of UMG Recordings, Inc.",2019-06-14 04:00:04+00:00,PT2M58S,35540920,828221,50820,https://i.ytimg.com/vi/GWtfOHBF1_w/default.jpg,https://i.ytimg.com/vi/GWtfOHBF1_w/mqdefault.jpg,https://i.ytimg.com/vi/GWtfOHBF1_w/hqdefault.jpg,,,
trIjpVH8h88,"Taylor Swift - Beautiful Ghosts (From The Motion Picture ""Cats"" / Lyric Video)","Lyric video for ‘Beautiful Ghosts’ performed by Taylor Swift from the motion picture CATS. 

Written by Taylor Swift & Andrew Lloyd Webber

🕰️ Pre-order the new album Midnights by Taylor Swift available everywhere October 21: https://taylor.lnk.to/taylorswiftmidnightsYT

Listen/ Download - https://TaylorSwift.lnk.to/BeautifulGhostsID 
Cats coming soon to theaters everywhere

#BeautifulGhosts

Music video by Taylor Swift performing Beautiful Ghosts (From The Motion Picture ""Cats"" / Lyric Video). © 2019 Universal Pictures, a division of Universal City Studios LLC, The Really Useful Group Limited and Taylor Swift, under exclusive licence to Polydor Records, a division of Universal Music Operations Limited",2019-11-15 05:00:10+00:00,PT4M22S,8101765,324447,14706,https://i.ytimg.com/vi/trIjpVH8h88/default.jpg,https://i.ytimg.com/vi/trIjpVH8h88/mqdefault.jpg,https://i.ytimg.com/vi/trIjpVH8h88/hqdefault.jpg,,,
MA0HQG9J9Yk,Taylor Swift - ME! (Live on The Graham Norton Show),"‘folklore’ album out now: https://store.taylorswift.com 

ME! Live on The Graham Norton Show
Download here: https://TaylorSwift.lnk.to/MeYD

Lover out everywhere August 23. Pre-order now: 
https://TaylorSwift.lnk.to/LoverYD

 

►Exclusive Merch: https://store.taylorswift.com
 
►Follow Taylor Swift Online 
Instagram: http://www.instagram.com/taylorswift 
Facebook: http://www.facebook.com/taylorswift 
Tumblr: http://taylorswift.tumblr.com 
Twitter: http://www.twitter.com/taylorswift13 
Website: http://www.taylorswift.com
 
►Follow Taylor Nation Online 
Instagram: http://www.instagram.com/taylornation 
Tumblr: http://taylornation.tumblr.com 
Twitter: http://www.twitter.com/taylornation13",2019-05-24 22:40:37+00:00,PT3M23S,5959965,167033,6799,https://i.ytimg.com/vi/MA0HQG9J9Yk/default.jpg,https://i.ytimg.com/vi/MA0HQG9J9Yk/mqdefault.jpg,https://i.ytimg.com/vi/MA0HQG9J9Yk/hqdefault.jpg,,,
_zUCMfYkgj0,Taylor Swift - ME! (Live on The Voice / 2019) ft. Brendon Urie,"ME! (feat. Brendon Urie of Panic! At The Disco) Live On The Voice / 2019

🕰️ Pre-order the new album Midnights by Taylor Swift available everywhere October 21: 
https://taylor.lnk.to/taylorswiftmidnightsYT
 
Download here: https://TaylorSwift.lnk.to/MeYD
 
►Exclusive Merch: https://store.taylorswift.com
 
►Follow Taylor Swift Online 
Instagram: http://www.instagram.com/taylorswift 
Facebook: http://www.facebook.com/taylorswift 
Tumblr: http://taylorswift.tumblr.com 
Twitter: http://www.twitter.com/taylorswift13 
Website: http://www.taylorswift.com
 
►Follow Taylor Nation Online 
Instagram: http://www.instagram.com/taylornation 
Tumblr: http://taylornation.tumblr.com 
Twitter: http://www.twitter.com/taylornation13

http://vevo.ly/XESuHJ",2019-05-22 03:00:05+00:00,PT3M24S,13336676,417466,11999,https://i.ytimg.com/vi/_zUCMfYkgj0/default.jpg,https://i.ytimg.com/vi/_zUCMfYkgj0/mqdefault.jpg,https://i.ytimg.com/vi/_zUCMfYkgj0/hqdefault.jpg,,,
bqOfdv9i4sE,ME! (feat. Brendon Urie of Panic! At The Disco) (Live From The Billboard Music Awards / 2019),"ME! (feat. Brendon Urie of Panic! At The Disco) available now. Download here: https://TaylorSwift.lnk.to/MeYD

Get the album Midnights by Taylor Swift here: https://taylor.lnk.to/taylorswiftmidnightsYT

❤️‍🔥Stream/download ‘The Life of a Showgirl’: https://taylor.lnk.to/TSTheLifeofaShowgirlYD

►Subscribe to Taylor Swift on YouTube: https://ts.lnk.to/subscribe
►Shop Merch: http://taylorswift.lnk.to/store

►Follow Taylor Swift Online: 
TikTok: http://tiktok.com/@taylorswift 
Instagram: http://instagram.com/taylorswift 
Twitter: http://twitter.com/taylorswift13 
Snapchat: http://snapchat.com/add/taylorswift 
Facebook: http://facebook.com/taylorswift 
Tumblr: http://taylorswift.tumblr.com 
Website: http://www.taylorswift.com 

►Follow Taylor Nation Online:
TikTok: http://tiktok.com/@taylornation
Instagram: http://instagram.com/taylornation 
Twitter: http://twitter.com/taylornation13
Tumblr: http://taylornation.tumblr.com

#TaylorSwift #ME! #BrendonUrie",2019-05-02 05:32:27+00:00,PT4M17S,78681194,1627127,54815,https://i.ytimg.com/vi/bqOfdv9i4sE/default.jpg,https://i.ytimg.com/vi/bqOfdv9i4sE/mqdefault.jpg,https://i.ytimg.com/vi/bqOfdv9i4sE/hqdefault.jpg,,,
S--WI8PUVVo,Taylor Swift - ME! (feat. Brendon Urie of Panic! At The Disco) (Lyric Video) ft. Brendon Urie,"►Exclusive Merch: https://store.taylorswift.com
 
►Follow Taylor Swift Online
Instagram: http://www.instagram.com/taylorswift
Facebook: http://www.facebook.com/taylorswift
Tumblr: http://taylorswift.tumblr.com
Twitter: http://www.twitter.com/taylorswift13
Website: http://www.taylorswift.com
 
►Follow Taylor Nation Online
Instagram: http://www.instagram.com/taylornation
Tumblr: http://taylornation.tumblr.com
Twitter: http://www.twitter.com/taylornation13",2019-05-01 20:25:01+00:00,PT3M15S,10890083,254882,7455,https://i.ytimg.com/vi/S--WI8PUVVo/default.jpg,https://i.ytimg.com/vi/S--WI8PUVVo/mqdefault.jpg,https://i.ytimg.com/vi/S--WI8PUVVo/hqdefault.jpg,,,
PWdT2ONbJbc,Taylor Swift - Livestream Announcement (8/22/19 @ 5pm EST),"‘folklore’ album out now: https://store.taylorswift.com 

Join the live event for an exclusive live performance, Q&A, and a closer look at the new album before the world premiere of the ""Lover"" music video. http://taylorswift.lnk.to/LoversLounge


►Pre-Order ‘Lover’ here: https://TaylorSwift.lnk.to/Loversu

►Exclusive Merch: https://store.taylorswift.com

►Follow Taylor Swift Online
Instagram: http://www.instagram.com/taylorswift
Facebook: http://www.facebook.com/taylorswift
Tumblr: http://taylorswift.tumblr.com
Twitter: http://www.twitter.com/taylorswift13
Website: http://www.taylorswift.com

►Follow Taylor Nation Online
Instagram: http://www.instagram.com/taylornation
Tumblr: http://taylornation.tumblr.com
Twitter: http://www.twitter.com/taylornation13

#TaylorSwift #LoversLounge",2019-08-15 18:06:59+00:00,PT40S,13836498,78898,4722,https://i.ytimg.com/vi/PWdT2ONbJbc/default.jpg,https://i.ytimg.com/vi/PWdT2ONbJbc/mqdefault.jpg,https://i.ytimg.com/vi/PWdT2ONbJbc/hqdefault.jpg,,,
k73EBmeJ950,Camila Cabello - Consequences (orchestra),"""Consequences (orchestra)"" available at Spotify: http://smarturl.it/ConsequencesCC/spotify
Apple Music: http://smarturl.it/ConsequencesCC/applemusic
iTunes: http://smarturl.it/ConsequencesCC/itunes
Google Play: http://smarturl.it/ConsequencesCC/googleplay
Amazon: http://smarturl.it/ConsequencesCC/az
 
Find Camila Here: 
Twitter: @camila_cabello
IG: @camila_cabello 
Facebook: @97camilacabello 
Website: www.camilacabello.com 
 
#RealFriends
#Camila
#CamilaCabello 
#CamilaTheAlbum 
 
(C) 2018 Simco Ltd. under exclusive license to Epic Records, a division of Sony Music Entertainment

http://vevo.ly/qigZ3w",2018-10-10 12:58:00+00:00,PT3M8S,64154074,1432808,51259,https://i.ytimg.com/vi/k73EBmeJ950/default.jpg,https://i.ytimg.com/vi/k73EBmeJ950/mqdefault.jpg,https://i.ytimg.com/vi/k73EBmeJ950/hqdefault.jpg,,,
6-v1b9waHWY,Charli XCX & Troye Sivan - 1999 [Official Video],"The official music video for Charli XCX & @troyesivan - 1999

Taken from the third studio album Charli released in 2019, which featured the singles 1999, Blame It On Your Love, Gone and White Mercedes

Pre-order BRAT: https://charlixcx.lnk.to/StoreID
Pre-save BRAT: https://charlixcx.lnk.to/BRATID

Text 1-310-861-2831

https://charlixcx.com/
https://www.tiktok.com/@charlixcx 
https://www.instagram.com/charli_xcx
https://twitter.com/charli_xcx
https://www.youtube.com/@officialcharlixcx
https://facebook.com/charlixcxmusic

See more official videos from Charli XCX here: https://XCX.lnk.to/youtube-complete

Listen to more from the album Charli here: 
https://XCX.lnk.to/Charli-YT 

Directed by Ryan Staake & Charli XCX

Production Company: Pomp&Clout
Creative Direction: WP&A
Executive Producer: Ryen Bartlett
Head of Production: Kevin Staake
Producer: Rich Salamone
Production Manager: Wojtek Stypko
Associate Producer: Eric Margulies
Director of Photography: Santiago Gonzalez
Production Designer: Miles Ford Mullin

Wardrobe Stylist: Rebecca Grice
Makeup Artist: Danielle Kahlani
Hair Stylist: Nicole Kahlani
HMU (Troye): Carla Rosso and Steph Ruiz de Chávez

Choreographer: Erin Murray

Editor: Ryan Staake
Online Editor: Ryosuke Tanzawa

VFX by Pomp&Clout
VFX Artists: Pete Puskas, Aaron Vinton & Ryan Staake
Machine Learning: Andrew Pouliot

Colourist: David Torcivia
About Charli XCX:
Charli XCX is an iconic figure in the arts, having helped expand the landscape of popular music over the last decade by seamlessly traversing the underground and the mainstream with her artistic output. A singer, songwriter, documentary maker, radio host and record label boss, Charli’s story is one of an artist who continues to succeed without compromise, earning critical acclaim for her forward-thinking music style and entrepreneurial spirit.

Her incredible catalogue includes the studio albums True Romance, SUCKER, Charli, and how i'm feeling now. These have spawned hit singles such as Boom Clap, Break The Rules, Doing It, After The Afterparty, 1999, Blame It On Your Love , Gone, Good Ones and has seen Charli collaborate with global superstars such as BTS, Lizzo, Troye Sivan and HAIM as well as future game changers such as Kim Petras, Christine and the Queens, Yaeji and Clairo.

#CharliXCX #TroyeSivan #1999 #Charli #InTheCity",2018-10-11 16:58:16+00:00,PT3M29S,54775370,999421,37407,https://i.ytimg.com/vi/6-v1b9waHWY/default.jpg,https://i.ytimg.com/vi/6-v1b9waHWY/mqdefault.jpg,https://i.ytimg.com/vi/6-v1b9waHWY/hqdefault.jpg,2018-10-11 17:00:10+00:00,2018-10-11 17:05:40+00:00,2018-10-11 17:00:00+00:00
Eiht451O8fM,Broods - Peach (Official Video),"""Peach"" Out Now: https://Atlantic.lnk.to/DFTPMID
From BROODS' new album ""Don't Feed The Pop Monster"" available everywhere!
Download/Stream the album: https://Atlantic.lnk.to/DFTPMID
Listen to more: https://BROODS.lnk.to/MusicID  
Subscribe to my YouTube: https://BROODS.lnk.to/YouTubeID   
Sign-up to our newsletter: https://BROODS.lnk.to/SignUpID  

Follow us -
Website: https://BROODS.lnk.to/MusicID/WebsiteGeneral 
Instagram: https://BROODS.lnk.to/MusicID/Instagram  
Facebook: https://BROODS.lnk.to/MusicID/Facebook  
Twitter: https://BROODS.lnk.to/MusicID/Twitter  
Spotify: https://BROODS.lnk.to/MusicID/Spotify 
Apple Music: https://BROODS.lnk.to/MusicID/AppleMusic 
Amazon Music: https://BROODS.lnk.to/MusicID/AmazonMusic  
YouTube Music: https://BROODS.lnk.to/MusicID/YouTubeMusic  

#BROODS #Peach #Alternative #Electronic #Pop",2018-09-05 14:12:42+00:00,PT5M1S,1593608,23769,1476,https://i.ytimg.com/vi/Eiht451O8fM/default.jpg,https://i.ytimg.com/vi/Eiht451O8fM/mqdefault.jpg,https://i.ytimg.com/vi/Eiht451O8fM/hqdefault.jpg,,,
FMlcn-_jpWY,Selena Gomez - Hands To Myself,"Get Selena's new album 'Rare', out now: http://smarturl.it/RARESG

Get Revival, out now: http://smarturl.it/SGRevival 

Sign up for updates: https://www.selenagomez.com/mailing-list

Music video by Selena Gomez performing Hands To Myself. (C) 2015 Interscope Records

http://vevo.ly/IV9c7y",2016-01-20 08:00:00+00:00,PT3M48S,486746239,3493691,138793,https://i.ytimg.com/vi/FMlcn-_jpWY/default.jpg,https://i.ytimg.com/vi/FMlcn-_jpWY/mqdefault.jpg,https://i.ytimg.com/vi/FMlcn-_jpWY/hqdefault.jpg,,,
8xg3vE8Ie_E,Taylor Swift - Love Story,"Music video by Taylor Swift performing Love Story.

❤️‍🔥Stream/download ‘The Life of a Showgirl’ - https://taylor.lnk.to/TSTheLifeofaShowgirlYD

►Shop Merch: http://taylor.lnk.to/store
►Subscribe to Taylor Swift on YouTube: https://ts.lnk.to/subscribe

►Follow Taylor Swift Online:
TikTok: http://tiktok.com/@taylorswift
Instagram: http://instagram.com/taylorswift
Twitter: http://twitter.com/taylorswift13
Snapchat: http://snapchat.com/add/taylorswift
Facebook: http://facebook.com/taylorswift
Tumblr: http://taylorswift.tumblr.com
Website: http://www.taylorswift.com

►Follow Taylor Nation Online:
TikTok: http://tiktok.com/@taylornation
Instagram: http://instagram.com/taylornation
YouTube: https://youtube.com/taylornation
Twitter: http://twitter.com/taylornation13
Tumblr: http://taylornation.tumblr.com

#TaylorSwift #LoveStory

© 2008 Taylor Swift",2009-06-16 21:56:20+00:00,PT3M57S,804829960,5709507,230032,https://i.ytimg.com/vi/8xg3vE8Ie_E/default.jpg,https://i.ytimg.com/vi/8xg3vE8Ie_E/mqdefault.jpg,https://i.ytimg.com/vi/8xg3vE8Ie_E/hqdefault.jpg,,,
VuNIsY6JdUw,Taylor Swift - You Belong With Me,"Music video by Taylor Swift performing You Belong With Me. (C) 2009 Taylor Swift.

Stream/download ‘The Life of a Showgirl’ - https://taylor.lnk.to/TSTheLifeofaShowgirlYD

►Shop Merch: http://taylor.lnk.to/store
►Subscribe to Taylor Swift on YouTube: https://ts.lnk.to/subscribe

►Follow Taylor Swift Online:
TikTok: http://tiktok.com/@taylorswift
Instagram: http://instagram.com/taylorswift
Twitter: http://twitter.com/taylorswift13
Snapchat: http://snapchat.com/add/taylorswift
Facebook: http://facebook.com/taylorswift
Tumblr: http://taylorswift.tumblr.com
Website: http://www.taylorswift.com

►Follow Taylor Nation Online:
TikTok: http://tiktok.com/@taylornation
Instagram: http://instagram.com/taylornation
YouTube: https://youtube.com/taylornation
Twitter: http://twitter.com/taylornation13
Tumblr: http://taylornation.tumblr.com

#TaylorSwift #YouBelongWithMe",2009-06-16 22:02:30+00:00,PT3M49S,1724700126,10636137,464692,https://i.ytimg.com/vi/VuNIsY6JdUw/default.jpg,https://i.ytimg.com/vi/VuNIsY6JdUw/mqdefault.jpg,https://i.ytimg.com/vi/VuNIsY6JdUw/hqdefault.jpg,,,
dT2owtxkU8k,Shawn Mendes - There's Nothing Holdin' Me Back (Official Music Video),"New album WONDER available now
Listen here: https://wonder.lnk.to/OutNow

Follow Shawn Mendes
Instagram | https://www.instagram.com/shawnmendes/
Twitter | https://twitter.com/ShawnMendes
Facebook | https://www.facebook.com/ShawnMendesOfficial
Snap | https://www.snapchat.com/add/shawnmendes1
TikTok | https://www.tiktok.com/@shawnmendes
Website | http://www.shawnmendesofficial.com/

Subscribe to YouTube
https://ShawnMendes.lnk.to/Subscribe-OnYouTube",2017-06-21 04:00:01+00:00,PT3M58S,1402471049,10077792,227247,https://i.ytimg.com/vi/dT2owtxkU8k/default.jpg,https://i.ytimg.com/vi/dT2owtxkU8k/mqdefault.jpg,https://i.ytimg.com/vi/dT2owtxkU8k/hqdefault.jpg,,,
3tmd-ClpJxA,Taylor Swift - Look What You Made Me Do,"Music video by Taylor Swift performing Look What You Made Me Do.

❤️‍🔥Stream/download ‘The Life of a Showgirl’ - https://taylor.lnk.to/TSTheLifeofaShowgirlYD

►Shop Merch: http://taylor.lnk.to/store
►Subscribe to Taylor Swift on YouTube: https://ts.lnk.to/subscribe

►Follow Taylor Swift Online:
TikTok: http://tiktok.com/@taylorswift
Instagram: http://instagram.com/taylorswift
Twitter: http://twitter.com/taylorswift13
Snapchat: http://snapchat.com/add/taylorswift
Facebook: http://facebook.com/taylorswift
Tumblr: http://taylorswift.tumblr.com
Website: http://www.taylorswift.com

►Follow Taylor Nation Online:
TikTok: http://tiktok.com/@taylornation
Instagram: http://instagram.com/taylornation
YouTube: https://youtube.com/taylornation
Twitter: http://twitter.com/taylornation13
Tumblr: http://taylornation.tumblr.com

#TaylorSwift #lookwhatyoumademedo 
© 2014 Taylor Swift",2017-08-28 00:30:22+00:00,PT4M16S,1557270810,13709052,761360,https://i.ytimg.com/vi/3tmd-ClpJxA/default.jpg,https://i.ytimg.com/vi/3tmd-ClpJxA/mqdefault.jpg,https://i.ytimg.com/vi/3tmd-ClpJxA/hqdefault.jpg,,,
k5TqNsr6YuQ,Troye Sivan - My My My!,"Get the album ‘Something To Give Each Other’ by Troye Sivan here: https://troyesivan.lnk.to/SomethingToGiveEachOtherID

Stream Troye’s Music: https://troyesivan.lnk.to/Complete
Watch Troye’s Official Music Videos: https://www.youtube.com/playlist?list=PLCruzMXby65nwW7AcuE8Zh84ZPrEdTFDv

Buy, Download or Stream My My My! By Troye Sivan https://TroyeSivan.lnk.to/MyMyMyID
Subscribe to the official Troye Sivan YouTube channel: https://www.youtube.com/user/TroyeSiv...

Follow Troye on...
Official Website: http://www.troyesivan.com/
Facebook: https://www.facebook.com/troyesivan
Twitter: https://twitter.com/troyesivan
Instagram: https://www.instagram.com/troyesivan/
Tumblr: http://www.troyesivan.tumblr.com
Official Website: http://www.troyesivan.com/

Lyrics:
[Verse 1]
Shine on, diamond
Don't make me wait another day
'Cause passion is passion
You know it just as well as me
[Pre-Chorus]
Now, let's stop running from love
Running from love
Let's stop, my baby
Let's stop running from us
Running from us
Let's stop, my baby
[Chorus]
Oh my, my, my
I die every night with you
Oh my, my, my
Living for your every move
[Verse 2]
Spark up, buzz cut
I got my tongue between your teeth
Go slow, no, no, go fast
You like it just as much as me
[Pre-Chorus]
Now, let's stop running from love
Running from love
Let's stop, my baby
Let's stop running from us
Running from us
Let's stop, my baby
[Chorus]
Oh my, my, my
I die every night with you
Oh my, my, my
Living for your every move
Oh my, my, my
I die every night with you
Oh my, my, my
Living for your every move
Oh my, my, my
[Bridge]
Should be the last night ever
Should be the last night we're apart
Got my name on this treasure
On this treasure
[Chorus]
Oh my, my, my
(Oh my, my)
I die every night with you
(I die, I die, I die, I die, yeah, yeah)
Oh my, my, my
(Oh my, my, my
Oh my, my, my)
Living for your every move
(Living for, living for, yeah)
Oh my, my, my
I die every night with you
(Oh my, my, my
Oh my, my, my, oh)
Oh my, my, my
Living for your every move
(Living for your every move)
Oh my, my, my
Artist: Troye Sivan
Released: 2018
Songwriter(s): Troye Sivan Mellet; Brett McLaughlin; Oscar Görres; James Alan Ghaleb
Genre: Pop
Label: Universal Australia
Producer(s): Oscar Görres
Length: 3:24
DIRECTOR – Grant Singer
PRODUCER – Saul Germaine
EXECUTIVE PRODUCER – Nina Soriano
EDITOR – Nick Rondeau
PRODUCTION COMPANY – Anonymous Content

© 2018 Universal Music Australia Pty Ltd.",2018-01-11 05:00:01+00:00,PT3M34S,66830757,1039101,49002,https://i.ytimg.com/vi/k5TqNsr6YuQ/default.jpg,https://i.ytimg.com/vi/k5TqNsr6YuQ/mqdefault.jpg,https://i.ytimg.com/vi/k5TqNsr6YuQ/hqdefault.jpg,,,
nBmNcLBaPUE,Niall Horan - Slow Hands (Official Lyric Video),"8 years of Flicker! Get the Blue-Eyed Swirl vinyl + more here: https://Niall.lnk.to/Flicker8  

Stay Updated with Niall:
https://www.tiktok.com/@niallhoran  
https://www.instagram.com/niallhoran  
https://x.com/NiallOfficial 
https://www.facebook.com/Niallofficial 

#NiallHoran #Flicker #8Years

Music video by Niall Horan performing Slow Hands. (C) 2017 Neon Haze Music Ltd under exclusive license to Capitol Records

http://vevo.ly/eeoGg1",2017-05-15 16:00:06+00:00,PT3M19S,254948037,2120757,47550,https://i.ytimg.com/vi/nBmNcLBaPUE/default.jpg,https://i.ytimg.com/vi/nBmNcLBaPUE/mqdefault.jpg,https://i.ytimg.com/vi/nBmNcLBaPUE/hqdefault.jpg,,,
luwAMFcc2f8,Robbie Williams - Angels,"Angels (Official Music Video)

The fourth single from 'Life Thru A Lens', and the first song that Robbie wrote with Guy Chambers. Released as a single at the beginning of December 1997, it spent twelve consecutive weeks on the UK Top 10 and peaked at No. 4. It has returned to the chart on numerous occasions in the intervening years, with streaming figures now in excess of 380 million. 

A public vote for the 2005 BRIT Awards, where Robbie performed the song as a duet with Joss Stone, named 'Angels' the best song in the previous twenty-five years. In June 2018, his chosen duet partner was Taylor Swift, when the pair performed 'Angels' onstage at Wembley Stadium in London.

The promo video for 'Angels' was filmed at Staunton Sands, a beach on the North Devon Coast in England, and directed by Vaughan Arnell. Vaughan had directed videos for the Spice Girls and George Michael, and would work with Robbie again on multiple projects.

Follow Robbie online:
 
Sign up: http://RobbieWilliams.lnk.to/signup
YouTube: http://RobbieWilliams.lnk.to/Watch
Instagram: http://RobbieWilliams.lnk.to/Instagram
Twitter: http://RobbieWilliams.lnk.to/Twitter
Facebook: https://RobbieWilliams.lnk.to/Facebook
 
Listen to more from Robbie: http://RobbieWilliams.lnk.to/ListenNow",2011-01-07 16:24:40+00:00,PT3M56S,332102347,1466839,37394,https://i.ytimg.com/vi/luwAMFcc2f8/default.jpg,https://i.ytimg.com/vi/luwAMFcc2f8/mqdefault.jpg,https://i.ytimg.com/vi/luwAMFcc2f8/hqdefault.jpg,,,
YXTzMOmmEfE,Hayley Kiyoko - Curious [Official Music Video],"Official music video for Hayley Kiyoko's ""Curious""
Download/Stream: https://Atlantic.lnk.to/curiousID

""For The Girls"" Out Now! https://hayleykiyoko.lnk.to/ForTheGirlsID

Pre-save/add the new album 'Panorama' available July 29th
https://hayleykiyoko.lnk.to/PANORAMAID

Subscribe for the latest official music videos, performances, behind the scenes and more Hayley: https://Atlantic.lnk.to/HKYouTubeID

Follow Hayley Kiyoko
http://facebook.com/hayleykiyoko
http://twitter.com/hayleykiyoko
http://instagram.com/hayleykiyoko
https://www.tiktok.com/@hayleykiyoko
https://www.hayleykiyokoofficial.com

Join My Mailing List: https://atlanti.cr/join

Lyrics:
I need a drink, whiskey ain't my thing
But shit is all good
I can handle things—like I wish that you would

You’ve been out of reach, could you explain?
I think that you should
What you been up to—who’s been loving you good?
 
I'm just on the floor, I’m like a model
Been looking through the texts and all the photos
But don't you worry, I can handle it
No don't you worry, I can handle it
 
If you let him
Touch ya touch ya touch ya touch ya touch ya touch ya (yeah)
The way I
used to used to used to used to used to used to (yeah)
 
Did you take him to the pier in Santa Monica?
Forget to bring your jacket wrap up in him cuz you wanted to?
 
I’m just curious, is it serious?
I’m just curious, is it serious?
 
Calling me up, so late at night
Are we just friends?
You say you wanted me—but you’re sleeping with him

You think of me, I’m what you see
When you look at the sky
I don’t believe you—you ain’t been loving me right (yeah)

I'm just on the floor, I’m like a model
Been looking through the texts and all the photos
But don't you worry, I can handle it
No don't you worry, I can handle it
  
If you let him
Touch ya touch ya touch ya touch ya touch ya touch ya (yeah)
The way I
used to used to used to used to used to used to (yeah)

Did you take him to the pier in Santa Monica?
Forget to bring your jacket wrap up in him cuz you wanted to?
 
I’m just curious, is it serious?
I’m just curious, is it serious?

If you let him
Touch ya touch ya touch ya touch ya touch ya touch ya (yeah)
The way I
used to used to used to used to used to used to (yeah)
 
Did you take him to the pier in Santa Monica?
Forget to bring your jacket wrap up in him cuz you wanted to?
 
I’m just curious, is it serious?
I’m just curious, is it serious?

The official YouTube channel of Atlantic Records artist Hayley Kiyoko. Subscribe for the latest music videos, performances, and more.

#HayleyKiyoko #Curious #OfficialVideo",2018-01-11 21:28:39+00:00,PT4M18S,37052127,584066,18355,https://i.ytimg.com/vi/YXTzMOmmEfE/default.jpg,https://i.ytimg.com/vi/YXTzMOmmEfE/mqdefault.jpg,https://i.ytimg.com/vi/YXTzMOmmEfE/hqdefault.jpg,,,
FNEoPctNIUE,Dress,"Provided to YouTube by Universal Music Group

Dress · Taylor Swift

reputation

℗ 2017 Taylor Swift

Released on: 2017-11-10

Producer, Composer Lyricist: Jack Antonoff
Producer, Composer Lyricist: Taylor Swift

Auto-generated by YouTube.",2018-08-15 22:13:56+00:00,PT3M51S,67939674,336720,2810,https://i.ytimg.com/vi/FNEoPctNIUE/default.jpg,https://i.ytimg.com/vi/FNEoPctNIUE/mqdefault.jpg,https://i.ytimg.com/vi/FNEoPctNIUE/hqdefault.jpg,,,
MztkEAIVx5M,Should've Said No,"Provided to YouTube by Universal Music Group North America

Should've Said No · Taylor Swift

Taylor Swift

Released on: 2008-01-01

Auto-generated by YouTube.",2014-11-11 18:19:08+00:00,PT4M3S,912792,7518,212,https://i.ytimg.com/vi/MztkEAIVx5M/default.jpg,https://i.ytimg.com/vi/MztkEAIVx5M/mqdefault.jpg,https://i.ytimg.com/vi/MztkEAIVx5M/hqdefault.jpg,,,
GkD20ajVxnY,Taylor Swift - Tim McGraw,"Music video by Taylor Swift performing Tim McGraw. (C) 2006 Taylor Swift.
 
►Exclusive Merch: https://store.taylorswift.com
 
►Follow Taylor Swift Online
Instagram: http://www.instagram.com/taylorswift
Facebook: http://www.facebook.com/taylorswift
Tumblr: http://taylorswift.tumblr.com
Twitter: http://www.twitter.com/taylorswift13
Website: http://www.taylorswift.com
 
►Follow Taylor Nation Online
Instagram: http://www.instagram.com/taylornation
Tumblr: http://taylornation.tumblr.com
Twitter: http://www.twitter.com/taylornation13",2009-06-17 00:12:30+00:00,PT3M52S,55298097,371749,24709,https://i.ytimg.com/vi/GkD20ajVxnY/default.jpg,https://i.ytimg.com/vi/GkD20ajVxnY/mqdefault.jpg,https://i.ytimg.com/vi/GkD20ajVxnY/hqdefault.jpg,,,
ulnvSh3ORtc,Long Live,"Provided to YouTube by Universal Music Group

Long Live · Taylor Swift

Speak Now

℗ 2010 Taylor Swift

Released on: 2010-10-25

Composer Lyricist, Producer, Vocalist: Taylor Swift
Producer: Nathan Chapman

Auto-generated by YouTube.",2018-08-15 22:12:20+00:00,PT5M18S,671085,6687,70,https://i.ytimg.com/vi/ulnvSh3ORtc/default.jpg,https://i.ytimg.com/vi/ulnvSh3ORtc/mqdefault.jpg,https://i.ytimg.com/vi/ulnvSh3ORtc/hqdefault.jpg,,,
KkvTYrFIxNM,New Year’s Day,"Provided to YouTube by Universal Music Group

New Year’s Day · Taylor Swift

reputation

℗ 2017 Taylor Swift

Released on: 2017-11-10

Producer, Composer Lyricist: Jack Antonoff
Composer Lyricist, Producer: Taylor Swift

Auto-generated by YouTube.",2018-08-15 22:13:32+00:00,PT3M56S,13400997,126499,3390,https://i.ytimg.com/vi/KkvTYrFIxNM/default.jpg,https://i.ytimg.com/vi/KkvTYrFIxNM/mqdefault.jpg,https://i.ytimg.com/vi/KkvTYrFIxNM/hqdefault.jpg,,,
M3mJkSqZbX4,"Zedd, Maren Morris, Grey - The Middle (Official Music Video)","Zedd, Maren Morris, Grey - The Middle (Official Music Video)
Watch the official music video for ""The Middle."" 
Subscribe to Zedd's channel to stay up-to-date on all his latest videos.

I finally got to work on a music video with Dave Meyers. It's such an honor!! Also, this was definitely the most people I've ever had in one music video!!! I hope you like it."" - Zedd

Dancing in stilettos for 15 hours? Worth it. :) - Maren Morris

Had such a great time filming this with our friends, enjoy! - Grey

Listen to The Middle:
Stream:
Spotify: http://zedd.me/TheMiddleSP
Apple Music: http://zedd.me/TheMiddleAM
Google Play: http://zedd.me/TheMiddleGP

Download:
iTunes: http://zedd.me/TheMiddleIT
Amazon: http://zedd.me/TheMiddleAZ

See Zedd live: http://zedd.me/Live 

Follow Zedd:
Website: https://www.zedd.net
Facebook: http://zedd.me/Facebook 
Instagram: http://zedd.me/Instagram 
Spotify: http://zedd.me/SPEssentials 
Twitter: http://zedd.me/Twitter 
Snapchat: http://zedd.me/Snapchat 
Subscribe to his YouTube channel: http://zedd.me/YTSubscribe 

Get Zedd merchandise: http://zedd.me/Store

Follow Maren Morris:
Website: http://marenmorris.com 
Facebook: https://www.facebook.com/marenmorris 
Instagram: https://www.instagram.com/marenmorris 
Twitter: https://twitter.com/MarenMorris 
Soundcloud: https://soundcloud.com/marenmorrisofficial 
YouTube: https://www.youtube.com/user/MarenMorrisVEVO

Follow Grey:
Website: https://www.greymusique.com 
Facebook: http://smarturl.it/Facebook.Grey 
Twitter: http://smarturl.it/Twitter.Grey 
Instagram: http://smarturl.it/Instagram.Grey 
Snapchat: http://smarturl.it/Snapchat.Grey 
Spotify: http://smarturl.it/Spotify.Grey 
Subscribe to Grey's YouTube channel: http://smarturl.it/YouTubeSub.Grey 

Take a seat
Right over there
Sat on the stairs

Stay or leave
The cabinets are bare
And I'm unaware

Of just how we got,
into this mess
Got so aggressive

I know we meant
All good intentions

So pull me closer
Why don't you pull me close
Why don't you come on over
Cos I can't just let you go

Baby
Why don't you just meet me in the middle
I'm losing my mind just a little
So why don't you just meet me in the middle
In the middle
In the middle

Baby
Why don't you just meet me in the middle
I'm losing my mind just a little
So why don't you just meet me in the middle
In the middle
In the middle

Take a step
Back for a minute
Into the kitchen

Floors are wet
Taps are still running
Dishes are broken

How did we get,
into this mess
Got so aggressive

I know we meant
All good intentions

So pull me closer
Why don't you pull me close
Why don't you come on over
Cos I can't just let you go

Baby
Why don't you just meet me in the middle
I'm losing my mind just a little
So why don't you just meet me in the middle
In the middle
In the middle

Looking at you I can't lie
Just pouring out admission
Regardless my objection

And it's not about my pride
I need you on my skin just
Come over, pull me in just...

Baby
Why don't you just meet me in the middle
I'm losing my mind just a little
So why don't you just meet me in the middle
In the middle
In the middle

Baby
Why don't you just meet me in the middle
I'm losing my mind just a little
So why don't you just meet me in the middle
In the middle
In the middle

http://vevo.ly/E0a1Kx",2018-01-29 03:07:01+00:00,PT3M11S,152228891,1206097,29670,https://i.ytimg.com/vi/M3mJkSqZbX4/default.jpg,https://i.ytimg.com/vi/M3mJkSqZbX4/mqdefault.jpg,https://i.ytimg.com/vi/M3mJkSqZbX4/hqdefault.jpg,,,
FhPLQVlUiNQ,Getaway Car,"Provided to YouTube by Universal Music Group

Getaway Car · Taylor Swift

reputation

℗ 2017 Taylor Swift

Released on: 2017-11-10

Composer Lyricist, Producer: Jack Antonoff
Composer Lyricist, Producer: Taylor Swift

Auto-generated by YouTube.",2018-08-15 22:14:02+00:00,PT3M54S,106589222,509500,5049,https://i.ytimg.com/vi/FhPLQVlUiNQ/default.jpg,https://i.ytimg.com/vi/FhPLQVlUiNQ/mqdefault.jpg,https://i.ytimg.com/vi/FhPLQVlUiNQ/hqdefault.jpg,,,
V54CEElTF_U,Taylor Swift - Call It What You Want (Lyric Video),"►Exclusive Merch: https://store.taylorswift.com
 
►Follow Taylor Swift Online
Instagram: http://www.instagram.com/taylorswift
Facebook: http://www.facebook.com/taylorswift
Tumblr: http://taylorswift.tumblr.com
Twitter: http://www.twitter.com/taylorswift13
Website: http://www.taylorswift.com
 
►Follow Taylor Nation Online
Instagram: http://www.instagram.com/taylornation
Tumblr: http://taylornation.tumblr.com
Twitter: http://www.twitter.com/taylornation13",2017-11-03 04:00:01+00:00,PT3M27S,127418214,1257829,53668,https://i.ytimg.com/vi/V54CEElTF_U/default.jpg,https://i.ytimg.com/vi/V54CEElTF_U/mqdefault.jpg,https://i.ytimg.com/vi/V54CEElTF_U/hqdefault.jpg,,,
l25AL0BdD6w,Sugarland - Babe ft. Taylor Swift,"Music video by Sugarland performing Babe.© 2018 UMG Recordings, Inc.",2018-06-10 01:00:03+00:00,PT4M40S,39330728,461689,19906,https://i.ytimg.com/vi/l25AL0BdD6w/default.jpg,https://i.ytimg.com/vi/l25AL0BdD6w/mqdefault.jpg,https://i.ytimg.com/vi/l25AL0BdD6w/hqdefault.jpg,,,
6Z3QJ4L1Bg0,This Is Why We Can't Have Nice Things,"Provided to YouTube by Universal Music Group

This Is Why We Can't Have Nice Things · Taylor Swift

reputation

℗ 2017 Taylor Swift

Released on: 2017-11-10

Composer Lyricist: Taylor Swift
Composer Lyricist: Jack Antonoff

Auto-generated by YouTube.",2018-08-15 22:13:54+00:00,PT3M28S,27628999,215145,2404,https://i.ytimg.com/vi/6Z3QJ4L1Bg0/default.jpg,https://i.ytimg.com/vi/6Z3QJ4L1Bg0/mqdefault.jpg,https://i.ytimg.com/vi/6Z3QJ4L1Bg0/hqdefault.jpg,,,
VA7Y_Psp5l4,End Game - Behind The Scenes,"Watch the official End Game music video: http://taylor.lk/EndGameVideo

Shop music here: http://smarturl.it/TASmusic

Shop merchandise here: http://taylor.lk/tourmerch

Follow Taylor Swift Online
Instagram: http://www.instagram.com/taylorswift 
Facebook: http://www.facebook.com/taylorswift
Tumblr: http://taylorswift.tumblr.com
Twitter: http://www.twitter.com/taylorswift13
Website: http://www.taylorswift.com

Follow Taylor Nation Online
Instagram: http://www.instagram.com/taylornation 
Tumblr: http://taylornation.tumblr.com
Twitter: http://www.twitter.com/taylornation13",2018-02-09 16:01:53+00:00,PT5M2S,2438702,105391,3750,https://i.ytimg.com/vi/VA7Y_Psp5l4/default.jpg,https://i.ytimg.com/vi/VA7Y_Psp5l4/mqdefault.jpg,https://i.ytimg.com/vi/VA7Y_Psp5l4/hqdefault.jpg,,,
71QPEkD9PhM,Look What You Made Me Do - Stream Co.,"Shop music here: http://smarturl.it/TASmusic

Shop merchandise here: http://taylor.lk/tourmerch

Follow Taylor Swift Online
Instagram: http://www.instagram.com/taylorswift 
Facebook: http://www.facebook.com/taylorswift
Tumblr: http://taylorswift.tumblr.com
Twitter: http://www.twitter.com/taylorswift13
Website: http://www.taylorswift.com

Follow Taylor Nation Online
Instagram: http://www.instagram.com/taylornation 
Tumblr: http://taylornation.tumblr.com
Twitter: http://www.twitter.com/taylornation13",2017-09-27 14:51:30+00:00,PT1M37S,889651,23943,509,https://i.ytimg.com/vi/71QPEkD9PhM/default.jpg,https://i.ytimg.com/vi/71QPEkD9PhM/mqdefault.jpg,https://i.ytimg.com/vi/71QPEkD9PhM/hqdefault.jpg,,,
jJeK0p1LanY,Look What You Made Me Do - The Birdcage,"Shop music here: http://smarturl.it/TASmusic

Shop merchandise here: http://taylor.lk/tourmerch

Follow Taylor Swift Online
Instagram: http://www.instagram.com/taylorswift 
Facebook: http://www.facebook.com/taylorswift
Tumblr: http://taylorswift.tumblr.com
Twitter: http://www.twitter.com/taylorswift13
Website: http://www.taylorswift.com

Follow Taylor Nation Online
Instagram: http://www.instagram.com/taylornation 
Tumblr: http://taylornation.tumblr.com
Twitter: http://www.twitter.com/taylornation13",2017-09-21 14:56:22+00:00,PT5M28S,821617,25176,955,https://i.ytimg.com/vi/jJeK0p1LanY/default.jpg,https://i.ytimg.com/vi/jJeK0p1LanY/mqdefault.jpg,https://i.ytimg.com/vi/jJeK0p1LanY/hqdefault.jpg,,,
XF_ARz7jTUw,Look What You Made Me Do: Taylor Mountain,"Lover out everywhere August 23. Pre-order now.
https://TaylorSwift.lnk.to/LoverYD

Shop music here: http://smarturl.it/TASmusic

Shop merchandise here: http://taylor.lk/tourmerch

Follow Taylor Swift Online
Instagram: http://www.instagram.com/taylorswift 
Facebook: http://www.facebook.com/taylorswift
Tumblr: http://taylorswift.tumblr.com
Twitter: http://www.twitter.com/taylorswift13
Website: http://www.taylorswift.com

Follow Taylor Nation Online
Instagram: http://www.instagram.com/taylornation 
Tumblr: http://taylornation.tumblr.com
Twitter: http://www.twitter.com/taylornation13",2017-09-20 20:03:01+00:00,PT7M4S,8259432,208582,4790,https://i.ytimg.com/vi/XF_ARz7jTUw/default.jpg,https://i.ytimg.com/vi/XF_ARz7jTUw/mqdefault.jpg,https://i.ytimg.com/vi/XF_ARz7jTUw/hqdefault.jpg,,,
BKCmxyohzww,Look What You Made Me Do - Zombie Transformation,"Lover out everywhere August 23. Pre-order now.
https://TaylorSwift.lnk.to/LoverYD

Shop music here: http://smarturl.it/TASmusic

Shop merchandise here: http://taylor.lk/tourmerch

Follow Taylor Swift Online
Instagram: http://www.instagram.com/taylorswift 
Facebook: http://www.facebook.com/taylorswift
Tumblr: http://taylorswift.tumblr.com
Twitter: http://www.twitter.com/taylorswift13
Website: http://www.taylorswift.com

Follow Taylor Nation Online
Instagram: http://www.instagram.com/taylornation 
Tumblr: http://taylornation.tumblr.com
Twitter: http://www.twitter.com/taylornation13",2017-09-21 13:16:00+00:00,PT5M31S,7442794,139395,3961,https://i.ytimg.com/vi/BKCmxyohzww/default.jpg,https://i.ytimg.com/vi/BKCmxyohzww/mqdefault.jpg,https://i.ytimg.com/vi/BKCmxyohzww/hqdefault.jpg,,,
p1Zt47V3pPw,"Taylor performs ""Blank Space"" at The GRAMMY Museum","Shop music here: http://smarturl.it/TASmusic

Shop merchandise here: http://taylor.lk/tourmerch

Follow Taylor Swift Online
Instagram: http://www.instagram.com/taylorswift 
Facebook: http://www.facebook.com/taylorswift
Tumblr: http://taylorswift.tumblr.com
Twitter: http://www.twitter.com/taylorswift13
Website: http://www.taylorswift.com

Follow Taylor Nation Online
Instagram: http://www.instagram.com/taylornation 
Tumblr: http://taylornation.tumblr.com
Twitter: http://www.twitter.com/taylornation13",2016-01-07 21:03:14+00:00,PT5M57S,24235909,478298,13738,https://i.ytimg.com/vi/p1Zt47V3pPw/default.jpg,https://i.ytimg.com/vi/p1Zt47V3pPw/mqdefault.jpg,https://i.ytimg.com/vi/p1Zt47V3pPw/hqdefault.jpg,,,
OGDkg3QiJmk,"Taylor Performs ""Wildest Dreams"" at The GRAMMY Museum","On September 30, 2015, Taylor Swift celebrated her attendance record-breaking exhibit at the GRAMMY Museum, with an intimate performance at the Clive Davis Theater. Watch Taylor perform ""Wildest Dreams""  from her fifth studio album ""1989"". For more information about the GRAMMY Museum's programs and exhibits, visit www.grammymuseum.org.

Lover out everywhere August 23. Pre-order now.
https://TaylorSwift.lnk.to/LoverYD

Shop music here: http://smarturl.it/TASmusic

Shop merchandise here: http://taylor.lk/tourmerch

Follow Taylor Swift Online
Instagram: http://www.instagram.com/taylorswift 
Facebook: http://www.facebook.com/taylorswift
Tumblr: http://taylorswift.tumblr.com
Twitter: http://www.twitter.com/taylorswift13
Website: http://www.taylorswift.com

Follow Taylor Nation Online
Instagram: http://www.instagram.com/taylornation 
Tumblr: http://taylornation.tumblr.com
Twitter: http://www.twitter.com/taylornation13",2016-01-05 02:34:16+00:00,PT4M6S,24436120,428477,13970,https://i.ytimg.com/vi/OGDkg3QiJmk/default.jpg,https://i.ytimg.com/vi/OGDkg3QiJmk/mqdefault.jpg,https://i.ytimg.com/vi/OGDkg3QiJmk/hqdefault.jpg,,,
6wEVDvnqQOM,Behind the scenes of Taylor Swift's week at Staples Center,"Behind the scenes of Taylor Swift's week at Staples Center.

Shop music here: http://smarturl.it/TASmusic

Shop merchandise here: http://taylor.lk/tourmerch

Follow Taylor Swift Online
Instagram: http://www.instagram.com/taylorswift 
Facebook: http://www.facebook.com/taylorswift
Tumblr: http://taylorswift.tumblr.com
Twitter: http://www.twitter.com/taylorswift13
Website: http://www.taylorswift.com

Follow Taylor Nation Online
Instagram: http://www.instagram.com/taylornation 
Tumblr: http://taylornation.tumblr.com
Twitter: http://www.twitter.com/taylornation13",2013-09-06 16:35:47+00:00,PT7M6S,826649,14705,1023,https://i.ytimg.com/vi/6wEVDvnqQOM/default.jpg,https://i.ytimg.com/vi/6wEVDvnqQOM/mqdefault.jpg,https://i.ytimg.com/vi/6wEVDvnqQOM/hqdefault.jpg,,,
DJXfSaOJXOQ,Taylor Swift RED Tour Nashville Week,"A recap of Taylor Swift's North American RED Tour finale with three sold-out shows in Nashville, Tennessee. Featuring Luke Bryan, Rascal Flatts, Hunter Hayes and a surprise appearance by Ed Sheeran.

Shop music here: http://smarturl.it/TASmusic

Shop merchandise here: http://taylor.lk/tourmerch

Follow Taylor Swift Online
Instagram: http://www.instagram.com/taylorswift 
Facebook: http://www.facebook.com/taylorswift
Tumblr: http://taylorswift.tumblr.com
Twitter: http://www.twitter.com/taylorswift13
Website: http://www.taylorswift.com

Follow Taylor Nation Online
Instagram: http://www.instagram.com/taylornation 
Tumblr: http://taylornation.tumblr.com
Twitter: http://www.twitter.com/taylornation13",2013-10-08 22:41:00+00:00,PT8M48S,966728,16612,1087,https://i.ytimg.com/vi/DJXfSaOJXOQ/default.jpg,https://i.ytimg.com/vi/DJXfSaOJXOQ/mqdefault.jpg,https://i.ytimg.com/vi/DJXfSaOJXOQ/hqdefault.jpg,,,
Zlot0i3Zykw,Taylor Swift - Red,"►Exclusive Merch: https://store.taylorswift.com
 
►Follow Taylor Swift Online
Instagram: http://www.instagram.com/taylorswift
Facebook: http://www.facebook.com/taylorswift
Tumblr: http://taylorswift.tumblr.com
Twitter: http://www.twitter.com/taylorswift13
Website: http://www.taylorswift.com
 
►Follow Taylor Nation Online
Instagram: http://www.instagram.com/taylornation
Tumblr: http://taylornation.tumblr.com
Twitter: http://www.twitter.com/taylornation13",2013-07-03 20:55:08+00:00,PT4M2S,255856427,1521711,64112,https://i.ytimg.com/vi/Zlot0i3Zykw/default.jpg,https://i.ytimg.com/vi/Zlot0i3Zykw/mqdefault.jpg,https://i.ytimg.com/vi/Zlot0i3Zykw/hqdefault.jpg,,,
Nx-5bHeC6xo,"""Sparks Fly"" (acoustic) Live on the RED Tour!","Check out this clip of ""Sparks Fly"" acoustic live on the RED Tour from Omaha, Nebraska!

Shop music here: http://smarturl.it/TASmusic

Shop merchandise here: http://taylor.lk/tourmerch

Follow Taylor Swift Online
Instagram: http://www.instagram.com/taylorswift 
Facebook: http://www.facebook.com/taylorswift
Tumblr: http://taylorswift.tumblr.com
Twitter: http://www.twitter.com/taylorswift13
Website: http://www.taylorswift.com

Follow Taylor Nation Online
Instagram: http://www.instagram.com/taylornation 
Tumblr: http://taylornation.tumblr.com
Twitter: http://www.twitter.com/taylornation13",2013-03-15 21:08:37+00:00,PT49S,775326,19362,942,https://i.ytimg.com/vi/Nx-5bHeC6xo/default.jpg,https://i.ytimg.com/vi/Nx-5bHeC6xo/mqdefault.jpg,https://i.ytimg.com/vi/Nx-5bHeC6xo/hqdefault.jpg,,,
FTA4kzsTmxc,Taylor Swift and Jennifer Lopez: Jenny from the Block,"Taylor Swift and Jennifer Lopez perform ""Jenny from the Block"" live at Taylor's sold out concert at Staples Center in Los Angeles on August 24, 2013.

Lover out everywhere August 23. Pre-order now.
https://TaylorSwift.lnk.to/LoverYD

Shop music here: http://smarturl.it/TASmusic

Shop merchandise here: http://taylor.lk/tourmerch

Follow Taylor Swift Online
Instagram: http://www.instagram.com/taylorswift 
Facebook: http://www.facebook.com/taylorswift
Tumblr: http://taylorswift.tumblr.com
Twitter: http://www.twitter.com/taylorswift13
Website: http://www.taylorswift.com

Follow Taylor Nation Online
Instagram: http://www.instagram.com/taylornation 
Tumblr: http://taylornation.tumblr.com
Twitter: http://www.twitter.com/taylornation13",2013-09-12 21:34:41+00:00,PT5M56S,13327233,118059,3646,https://i.ytimg.com/vi/FTA4kzsTmxc/default.jpg,https://i.ytimg.com/vi/FTA4kzsTmxc/mqdefault.jpg,https://i.ytimg.com/vi/FTA4kzsTmxc/hqdefault.jpg,,,
y7CsaOF3S5c,Taylor Swift and Carly Simon: You're So Vain,"On July 27th, 2013, at the second of two sold-out shows in Gillette Stadium, Taylor gave the crowd a huge surprise! In front of more than 55,000 fans in Foxborough, Massachusetts, she introduced one of her heroes -- Carly Simon. They performed Carly's iconic hit song ""You're So Vain"" together, delighting the crowd and creating a once in a lifetime moment for everyone in attendance.

Shop music here: http://smarturl.it/TASmusic

Shop merchandise here: http://taylor.lk/tourmerch

Follow Taylor Swift Online
Instagram: http://www.instagram.com/taylorswift 
Facebook: http://www.facebook.com/taylorswift
Tumblr: http://taylorswift.tumblr.com
Twitter: http://www.twitter.com/taylorswift13
Website: http://www.taylorswift.com

Follow Taylor Nation Online
Instagram: http://www.instagram.com/taylornation 
Tumblr: http://taylornation.tumblr.com
Twitter: http://www.twitter.com/taylornation13",2013-07-29 15:59:25+00:00,PT2M29S,1349363,23977,1119,https://i.ytimg.com/vi/y7CsaOF3S5c/default.jpg,https://i.ytimg.com/vi/y7CsaOF3S5c/mqdefault.jpg,https://i.ytimg.com/vi/y7CsaOF3S5c/hqdefault.jpg,,,
QuijXg8wm28,Taylor Swift - The Last Time ft. Gary Lightbody,"Music video by Taylor Swift & Gary Lightbody performing The Last Time. (C) 2013 Taylor Swift
 
►Exclusive Merch: https://store.taylorswift.com
 
►Follow Taylor Swift Online
Instagram: http://www.instagram.com/taylorswift
Facebook: http://www.facebook.com/taylorswift
Tumblr: http://taylorswift.tumblr.com
Twitter: http://www.twitter.com/taylorswift13
Website: http://www.taylorswift.com
 
►Follow Taylor Nation Online
Instagram: http://www.instagram.com/taylornation
Tumblr: http://taylornation.tumblr.com
Twitter: http://www.twitter.com/taylornation13",2013-11-16 01:06:06+00:00,PT3M48S,51471183,379048,11041,https://i.ytimg.com/vi/QuijXg8wm28/default.jpg,https://i.ytimg.com/vi/QuijXg8wm28/mqdefault.jpg,https://i.ytimg.com/vi/QuijXg8wm28/hqdefault.jpg,,,
LkkY2iaylmI,Wonderstruck Taylor Swift Chapter 2,"Shop music here: http://smarturl.it/TASmusic

Shop merchandise here: http://taylor.lk/tourmerch

Follow Taylor Swift Online
Instagram: http://www.instagram.com/taylorswift 
Facebook: http://www.facebook.com/taylorswift
Tumblr: http://taylorswift.tumblr.com
Twitter: http://www.twitter.com/taylorswift13
Website: http://www.taylorswift.com

Follow Taylor Nation Online
Instagram: http://www.instagram.com/taylornation 
Tumblr: http://taylornation.tumblr.com
Twitter: http://www.twitter.com/taylornation13",2012-04-24 14:50:46+00:00,PT31S,956813,20035,1294,https://i.ytimg.com/vi/LkkY2iaylmI/default.jpg,https://i.ytimg.com/vi/LkkY2iaylmI/mqdefault.jpg,https://i.ytimg.com/vi/LkkY2iaylmI/hqdefault.jpg,,,
BxZi6jC2JAI,"Behind The Fragrance, Taylor Swift Incredible Things featuring Taylor Swift (Behind The Scenes)","""Nice to meet you, where you been? I could show you
​i​ncredible ​t​hings​.​"" Find out the story behind Taylor Swift’s new fragrance, Incredible Things​,​ on the set with Taylor as she reveals her inspiration behind the name taken from her song​, ""​Blank Space​""​, incorporation of her watercolors and what the fragrance represents to her. The new Taylor Swift Incredible Things fragrance is in stores now. 

Shop music here: http://smarturl.it/TASmusic

Shop merchandise here: http://taylor.lk/tourmerch

Follow Taylor Swift Online
Instagram: http://www.instagram.com/taylorswift 
Facebook: http://www.facebook.com/taylorswift
Tumblr: http://taylorswift.tumblr.com
Twitter: http://www.twitter.com/taylorswift13
Website: http://www.taylorswift.com

Follow Taylor Nation Online
Instagram: http://www.instagram.com/taylornation 
Tumblr: http://taylornation.tumblr.com
Twitter: http://www.twitter.com/taylornation13",2014-12-15 17:13:20+00:00,PT1M24S,516466,19343,601,https://i.ytimg.com/vi/BxZi6jC2JAI/default.jpg,https://i.ytimg.com/vi/BxZi6jC2JAI/mqdefault.jpg,https://i.ytimg.com/vi/BxZi6jC2JAI/hqdefault.jpg,,,
kpzwfS5x068,Taylor Swift Fragrances Made Of Starlight Musical Edition,"Shop music here: http://smarturl.it/TASmusic

Shop merchandise here: http://taylor.lk/tourmerch

Follow Taylor Swift Online
Instagram: http://www.instagram.com/taylorswift 
Facebook: http://www.facebook.com/taylorswift
Tumblr: http://taylorswift.tumblr.com
Twitter: http://www.twitter.com/taylorswift13
Website: http://www.taylorswift.com

Follow Taylor Nation Online
Instagram: http://www.instagram.com/taylornation 
Tumblr: http://taylornation.tumblr.com
Twitter: http://www.twitter.com/taylornation13",2013-12-05 21:24:59+00:00,PT31S,505324,13026,369,https://i.ytimg.com/vi/kpzwfS5x068/default.jpg,https://i.ytimg.com/vi/kpzwfS5x068/mqdefault.jpg,https://i.ytimg.com/vi/kpzwfS5x068/hqdefault.jpg,,,
ve_o2kq4_jY,Thank you.,"Shop music here: http://smarturl.it/TASmusic

Shop merchandise here: http://taylor.lk/tourmerch

Follow Taylor Swift Online
Instagram: http://www.instagram.com/taylorswift 
Facebook: http://www.facebook.com/taylorswift
Tumblr: http://taylorswift.tumblr.com
Twitter: http://www.twitter.com/taylorswift13
Website: http://www.taylorswift.com

Follow Taylor Nation Online
Instagram: http://www.instagram.com/taylornation 
Tumblr: http://taylornation.tumblr.com
Twitter: http://www.twitter.com/taylornation13",2011-04-04 05:00:50+00:00,PT32S,3557483,207076,8430,https://i.ytimg.com/vi/ve_o2kq4_jY/default.jpg,https://i.ytimg.com/vi/ve_o2kq4_jY/mqdefault.jpg,https://i.ytimg.com/vi/ve_o2kq4_jY/hqdefault.jpg,,,
XPBwXKgDTdE,Taylor Swift - Mine,Music video by Taylor Swift performing Mine.© 2010 Taylor Swift,2010-08-31 02:15:03+00:00,PT3M56S,328264236,1343364,90477,https://i.ytimg.com/vi/XPBwXKgDTdE/default.jpg,https://i.ytimg.com/vi/XPBwXKgDTdE/mqdefault.jpg,https://i.ytimg.com/vi/XPBwXKgDTdE/hqdefault.jpg,,,
v9bxXO9fj98,Should've Said No,"Music video for my latest single ""Should've Said No""

Shop music here: http://smarturl.it/TASmusic

Shop merchandise here: http://taylor.lk/tourmerch

Follow Taylor Swift Online
Instagram: http://www.instagram.com/taylorswift 
Facebook: http://www.facebook.com/taylorswift
Tumblr: http://taylorswift.tumblr.com
Twitter: http://www.twitter.com/taylorswift13
Website: http://www.taylorswift.com

Follow Taylor Nation Online
Instagram: http://www.instagram.com/taylornation 
Tumblr: http://taylornation.tumblr.com
Twitter: http://www.twitter.com/taylornation13",2008-06-26 15:47:41+00:00,PT4M22S,8058313,127146,10290,https://i.ytimg.com/vi/v9bxXO9fj98/default.jpg,https://i.ytimg.com/vi/v9bxXO9fj98/mqdefault.jpg,https://i.ytimg.com/vi/v9bxXO9fj98/hqdefault.jpg,,,
ptSjNWnzpjg,Taylor Swift - Fearless,"Music video by Taylor Swift performing Fearless. (C) 2010 Taylor Swift.
 
►Exclusive Merch: https://store.taylorswift.com
 
►Follow Taylor Swift Online
Instagram: http://www.instagram.com/taylorswift
Facebook: http://www.facebook.com/taylorswift
Tumblr: http://taylorswift.tumblr.com
Twitter: http://www.twitter.com/taylorswift13
Website: http://www.taylorswift.com
 
►Follow Taylor Nation Online
Instagram: http://www.instagram.com/taylornation
Tumblr: http://taylornation.tumblr.com
Twitter: http://www.twitter.com/taylornation13",2010-02-26 17:13:59+00:00,PT4M11S,65344119,301506,18526,https://i.ytimg.com/vi/ptSjNWnzpjg/default.jpg,https://i.ytimg.com/vi/ptSjNWnzpjg/mqdefault.jpg,https://i.ytimg.com/vi/ptSjNWnzpjg/hqdefault.jpg,,,
Pb-K2tXWK4w,Taylor Swift - Fifteen,"Music video by Taylor Swift performing Fifteen. (C) 2009 Taylor Swift.
 
►Exclusive Merch: https://store.taylorswift.com
 
►Follow Taylor Swift Online
Instagram: http://www.instagram.com/taylorswift
Facebook: http://www.facebook.com/taylorswift
Tumblr: http://taylorswift.tumblr.com
Twitter: http://www.twitter.com/taylorswift13
Website: http://www.taylorswift.com
 
►Follow Taylor Nation Online
Instagram: http://www.instagram.com/taylornation
Tumblr: http://taylornation.tumblr.com
Twitter: http://www.twitter.com/taylornation13",2009-11-24 08:00:54+00:00,PT5M4S,172016026,684872,65433,https://i.ytimg.com/vi/Pb-K2tXWK4w/default.jpg,https://i.ytimg.com/vi/Pb-K2tXWK4w/mqdefault.jpg,https://i.ytimg.com/vi/Pb-K2tXWK4w/hqdefault.jpg,,,
yCMqcFAigRg,Taylor Swift - Picture To Burn,"Music video by Taylor Swift performing Picture To Burn. (C) 2006 Taylor Swift.
 
►Exclusive Merch: https://store.taylorswift.com
 
►Follow Taylor Swift Online
Instagram: http://www.instagram.com/taylorswift
Facebook: http://www.facebook.com/taylorswift
Tumblr: http://taylorswift.tumblr.com
Twitter: http://www.twitter.com/taylorswift13
Website: http://www.taylorswift.com
 
►Follow Taylor Nation Online
Instagram: http://www.instagram.com/taylornation
Tumblr: http://taylornation.tumblr.com
Twitter: http://www.twitter.com/taylornation13",2009-06-16 21:42:34+00:00,PT3M32S,125823729,685898,39218,https://i.ytimg.com/vi/yCMqcFAigRg/default.jpg,https://i.ytimg.com/vi/yCMqcFAigRg/mqdefault.jpg,https://i.ytimg.com/vi/yCMqcFAigRg/hqdefault.jpg,,,
Jb2stN7kH28,Taylor Swift - Our Song,"Music video by Taylor Swift performing Our Song. (C) 2007 Taylor Swift
 
►Exclusive Merch: https://store.taylorswift.com
 
►Follow Taylor Swift Online
Instagram: http://www.instagram.com/taylorswift
Facebook: http://www.facebook.com/taylorswift
Tumblr: http://taylorswift.tumblr.com
Twitter: http://www.twitter.com/taylorswift13
Website: http://www.taylorswift.com
 
►Follow Taylor Nation Online
Instagram: http://www.instagram.com/taylornation
Tumblr: http://taylornation.tumblr.com
Twitter: http://www.twitter.com/taylornation13",2009-06-17 00:49:50+00:00,PT3M23S,227367131,977654,66938,https://i.ytimg.com/vi/Jb2stN7kH28/default.jpg,https://i.ytimg.com/vi/Jb2stN7kH28/mqdefault.jpg,https://i.ytimg.com/vi/Jb2stN7kH28/hqdefault.jpg,,,
xKCek6_dB0M,Taylor Swift - Teardrops On My Guitar,"Music video by Taylor Swift performing Teardrops On My Guitar. (C) 2007 Taylor Swift. 

 
►Exclusive Merch: https://store.taylorswift.com
 
►Follow Taylor Swift Online
Instagram: http://www.instagram.com/taylorswift
Facebook: http://www.facebook.com/taylorswift
Tumblr: http://taylorswift.tumblr.com
Twitter: http://www.twitter.com/taylorswift13
Website: http://www.taylorswift.com
 
►Follow Taylor Nation Online
Instagram: http://www.instagram.com/taylornation
Tumblr: http://taylornation.tumblr.com
Twitter: http://www.twitter.com/taylornation13",2009-06-16 23:22:21+00:00,PT3M38S,177870016,869124,62505,https://i.ytimg.com/vi/xKCek6_dB0M/default.jpg,https://i.ytimg.com/vi/xKCek6_dB0M/mqdefault.jpg,https://i.ytimg.com/vi/xKCek6_dB0M/hqdefault.jpg,,,
B1jYllE0T-k,Taylor Swift - Change,"Music video by Taylor Swift performing ""Change.""

❤️‍🔥Stream/download ‘The Life of a Showgirl’: https://taylor.lnk.to/TSTheLifeofaShowgirlYD

►Subscribe to Taylor Swift on YouTube: https://ts.lnk.to/subscribe
►Shop Merch: http://taylorswift.lnk.to/store

►Follow Taylor Swift Online: 
TikTok: http://tiktok.com/@taylorswift 
Instagram: http://instagram.com/taylorswift 
Twitter: http://twitter.com/taylorswift13 
Snapchat: http://snapchat.com/add/taylorswift 
Facebook: http://facebook.com/taylorswift 
Tumblr: http://taylorswift.tumblr.com 
Website: http://www.taylorswift.com 

►Follow Taylor Nation Online:
TikTok: http://tiktok.com/@taylornation
Instagram: http://instagram.com/taylornation 
Twitter: http://twitter.com/taylornation13
Tumblr: http://taylornation.tumblr.com

#taylorswift #change

(C) 2008 Taylor Swift.",2009-06-16 21:53:38+00:00,PT4M33S,52138362,199340,16716,https://i.ytimg.com/vi/B1jYllE0T-k/default.jpg,https://i.ytimg.com/vi/B1jYllE0T-k/mqdefault.jpg,https://i.ytimg.com/vi/B1jYllE0T-k/hqdefault.jpg,,,
AlTfYj7q5gQ,Taylor Swift - I'm Only Me When I'm With You,"Music video by Taylor Swift performing I'm Only Me When I'm With You.

 ❤️‍🔥Stream/download ‘The Life of a Showgirl’: https://taylor.lnk.to/TSTheLifeofaShowgirlYD

►Subscribe to Taylor Swift on YouTube: https://ts.lnk.to/subscribe
►Shop Merch: http://taylorswift.lnk.to/store

►Follow Taylor Swift Online: 
TikTok: http://tiktok.com/@taylorswift 
Instagram: http://instagram.com/taylorswift 
Twitter: http://twitter.com/taylorswift13 
Snapchat: http://snapchat.com/add/taylorswift 
Facebook: http://facebook.com/taylorswift 
Tumblr: http://taylorswift.tumblr.com 
Website: http://www.taylorswift.com 

►Follow Taylor Nation Online:
TikTok: http://tiktok.com/@taylornation
Instagram: http://instagram.com/taylornation 
Twitter: http://twitter.com/taylornation13
Tumblr: http://taylornation.tumblr.com

#TaylorSwift #ImOnlyMeWhenImWithYou

(C) 2008 Taylor Swift.",2009-06-16 21:44:50+00:00,PT3M39S,42328790,190708,10675,https://i.ytimg.com/vi/AlTfYj7q5gQ/default.jpg,https://i.ytimg.com/vi/AlTfYj7q5gQ/mqdefault.jpg,https://i.ytimg.com/vi/AlTfYj7q5gQ/hqdefault.jpg,,,
Zmv26eqduSg,Asia! (my February video blog),"Shop music here: http://smarturl.it/TASmusic

Shop merchandise here: http://taylor.lk/tourmerch

Follow Taylor Swift Online
Instagram: http://www.instagram.com/taylorswift 
Facebook: http://www.facebook.com/taylorswift
Tumblr: http://taylorswift.tumblr.com
Twitter: http://www.twitter.com/taylorswift13
Website: http://www.taylorswift.com

Follow Taylor Nation Online
Instagram: http://www.instagram.com/taylornation 
Tumblr: http://taylornation.tumblr.com
Twitter: http://www.twitter.com/taylornation13",2011-02-23 06:28:38+00:00,PT9M29S,2536852,100743,8881,https://i.ytimg.com/vi/Zmv26eqduSg/default.jpg,https://i.ytimg.com/vi/Zmv26eqduSg/mqdefault.jpg,https://i.ytimg.com/vi/Zmv26eqduSg/hqdefault.jpg,,,
9wXlz0f-2Zo,"Taylor Swift Speak Now Fan Video : Stockhold, Sweden","Tomb Svalborg and Hanna Lohman travel from Sweden to New York City to celebrate the release of Speak Now. Watch as Tomb and Sophia meet Taylor, enjoy the party atmosphere and debate a marriage proposal and whether or not Taylor will accept Tomb's question.

Shop music here: http://smarturl.it/TASmusic

Shop merchandise here: http://taylor.lk/tourmerch

Follow Taylor Swift Online
Instagram: http://www.instagram.com/taylorswift 
Facebook: http://www.facebook.com/taylorswift
Tumblr: http://taylorswift.tumblr.com
Twitter: http://www.twitter.com/taylorswift13
Website: http://www.taylorswift.com

Follow Taylor Nation Online
Instagram: http://www.instagram.com/taylornation 
Tumblr: http://taylornation.tumblr.com
Twitter: http://www.twitter.com/taylornation13",2011-02-14 05:32:11+00:00,PT3M7S,213253,2409,239,https://i.ytimg.com/vi/9wXlz0f-2Zo/default.jpg,https://i.ytimg.com/vi/9wXlz0f-2Zo/mqdefault.jpg,https://i.ytimg.com/vi/9wXlz0f-2Zo/hqdefault.jpg,,,
CpwF5fw6dE0,"Taylor Swift Speak Now Fan Video : Ajalvir (Madrid), Spain","Alejandro Diaz and Concepcion Garrido are thrilled to be going to New York City to meet Taylor Swift. Watch as they make memories they will never forget and fulfill lifelong dreams of traveling to the US and meeting Taylor Swift.

Shop music here: http://smarturl.it/TASmusic

Shop merchandise here: http://taylor.lk/tourmerch

Follow Taylor Swift Online
Instagram: http://www.instagram.com/taylorswift 
Facebook: http://www.facebook.com/taylorswift
Tumblr: http://taylorswift.tumblr.com
Twitter: http://www.twitter.com/taylorswift13
Website: http://www.taylorswift.com

Follow Taylor Nation Online
Instagram: http://www.instagram.com/taylornation 
Tumblr: http://taylornation.tumblr.com
Twitter: http://www.twitter.com/taylornation13",2011-02-14 05:19:09+00:00,PT3M19S,97422,2103,147,https://i.ytimg.com/vi/CpwF5fw6dE0/default.jpg,https://i.ytimg.com/vi/CpwF5fw6dE0/mqdefault.jpg,https://i.ytimg.com/vi/CpwF5fw6dE0/hqdefault.jpg,,,
fTFcFeQOeLo,"Taylor Swift Speak Now Fan Video : San Diego, CA","Best friends Audrey Leung and Taylor Hensling tell their story of the Speak Now dream trip of a lifetime as they joined Taylor Swift throughout her album release week. Criss-crossing the country from San Diego to New York City and back to Los Angeles, these are their experiences.

Shop music here: http://smarturl.it/TASmusic

Shop merchandise here: http://taylor.lk/tourmerch

Follow Taylor Swift Online
Instagram: http://www.instagram.com/taylorswift 
Facebook: http://www.facebook.com/taylorswift
Tumblr: http://taylorswift.tumblr.com
Twitter: http://www.twitter.com/taylorswift13
Website: http://www.taylorswift.com

Follow Taylor Nation Online
Instagram: http://www.instagram.com/taylornation 
Tumblr: http://taylornation.tumblr.com
Twitter: http://www.twitter.com/taylornation13",2011-02-14 05:05:59+00:00,PT3M23S,118375,1726,139,https://i.ytimg.com/vi/fTFcFeQOeLo/default.jpg,https://i.ytimg.com/vi/fTFcFeQOeLo/mqdefault.jpg,https://i.ytimg.com/vi/fTFcFeQOeLo/hqdefault.jpg,,,
dlBQSxDuy2I,"Taylor Swift Speak Now Fan Video : Omaha, NE","Burke High School teacher Deb Ward gets a well-deserved break with her daughter Kristina as they attend Taylor Swift's album release events in New York City and Los Angeles, CA. One thing for sure is that this trip will be remembered!

Shop music here: http://smarturl.it/TASmusic

Shop merchandise here: http://taylor.lk/tourmerch

Follow Taylor Swift Online
Instagram: http://www.instagram.com/taylorswift 
Facebook: http://www.facebook.com/taylorswift
Tumblr: http://taylorswift.tumblr.com
Twitter: http://www.twitter.com/taylorswift13
Website: http://www.taylorswift.com

Follow Taylor Nation Online
Instagram: http://www.instagram.com/taylornation 
Tumblr: http://taylornation.tumblr.com
Twitter: http://www.twitter.com/taylornation13",2011-02-14 04:59:38+00:00,PT4M20S,56753,1933,310,https://i.ytimg.com/vi/dlBQSxDuy2I/default.jpg,https://i.ytimg.com/vi/dlBQSxDuy2I/mqdefault.jpg,https://i.ytimg.com/vi/dlBQSxDuy2I/hqdefault.jpg,,,
-0uRcwk818Y,"Taylor Swift Speak Now Fan Video : Nashville, TN","Watch Kaitlyn Anderson and Ashley Emig as they travel from Nashville, TN to New York City and Los Angeles, CA attending Taylor Swift events at the Metropolitan Pavilion, The Today Show, The David Letterman Show, Scholastic, JFK airport and more. It's enough to make her very tired!

Shop music here: http://smarturl.it/TASmusic

Shop merchandise here: http://taylor.lk/tourmerch

Follow Taylor Swift Online
Instagram: http://www.instagram.com/taylorswift 
Facebook: http://www.facebook.com/taylorswift
Tumblr: http://taylorswift.tumblr.com
Twitter: http://www.twitter.com/taylorswift13
Website: http://www.taylorswift.com

Follow Taylor Nation Online
Instagram: http://www.instagram.com/taylornation 
Tumblr: http://taylornation.tumblr.com
Twitter: http://www.twitter.com/taylornation13",2011-02-14 04:33:28+00:00,PT3M57S,410432,3548,123,https://i.ytimg.com/vi/-0uRcwk818Y/default.jpg,https://i.ytimg.com/vi/-0uRcwk818Y/mqdefault.jpg,https://i.ytimg.com/vi/-0uRcwk818Y/hqdefault.jpg,,,
KWPrDngWZSQ,"Taylor Swift Speak Now Fan Video : Minneapolis, MN","Watch as Susan Dixon and daughter Kalien explore New York City and attend Taylor Swift album release events. Kalien has a little trouble with the circle doors, but that doesn't stop them from enjoying a one-in-a-lifetime trip. ""You betcha Minnesota loves Taylor Swift!""

Shop music here: http://smarturl.it/TASmusic

Shop merchandise here: http://taylor.lk/tourmerch

Follow Taylor Swift Online
Instagram: http://www.instagram.com/taylorswift 
Facebook: http://www.facebook.com/taylorswift
Tumblr: http://taylorswift.tumblr.com
Twitter: http://www.twitter.com/taylorswift13
Website: http://www.taylorswift.com

Follow Taylor Nation Online
Instagram: http://www.instagram.com/taylornation 
Tumblr: http://taylornation.tumblr.com
Twitter: http://www.twitter.com/taylornation13",2011-02-14 04:08:07+00:00,PT3M1S,56708,2357,408,https://i.ytimg.com/vi/KWPrDngWZSQ/default.jpg,https://i.ytimg.com/vi/KWPrDngWZSQ/mqdefault.jpg,https://i.ytimg.com/vi/KWPrDngWZSQ/hqdefault.jpg,,,
rx86WwyoI7g,"Taylor Swift Speak Now Fan Video : Hampton, NJ","Melissa and Laura Castrogiovanni have the ""best week of their life"" meeting Taylor Swift and attending her album release week activities. Making new friends along the way she attends once-in-a-lifetime events such as interviewing Taylor at 30,000 feet as they fly across the country on a charter jetBlue flight.

Shop music here: http://smarturl.it/TASmusic

Shop merchandise here: http://taylor.lk/tourmerch

Follow Taylor Swift Online
Instagram: http://www.instagram.com/taylorswift 
Facebook: http://www.facebook.com/taylorswift
Tumblr: http://taylorswift.tumblr.com
Twitter: http://www.twitter.com/taylorswift13
Website: http://www.taylorswift.com

Follow Taylor Nation Online
Instagram: http://www.instagram.com/taylornation 
Tumblr: http://taylornation.tumblr.com
Twitter: http://www.twitter.com/taylornation13",2011-02-14 04:39:17+00:00,PT3M57S,116522,1619,98,https://i.ytimg.com/vi/rx86WwyoI7g/default.jpg,https://i.ytimg.com/vi/rx86WwyoI7g/mqdefault.jpg,https://i.ytimg.com/vi/rx86WwyoI7g/hqdefault.jpg,,,
91EDAPQLsXc,"Taylor Swift Speak Now Fan Video : Chicago, IL","Brianna Leonard and her Mom Barb join Taylor Swift during her album launch week festivities. Watch as Briana flies on an airplane for the first time, meets Taylor and gets up close at events such as the Today Show, David Letterman, Scholastic and enjoys the best flight ever (only her 2nd) as she travels next to, and interviews, Taylor Swift in-route from New York To LA.

Shop music here: http://smarturl.it/TASmusic

Shop merchandise here: http://taylor.lk/tourmerch

Follow Taylor Swift Online
Instagram: http://www.instagram.com/taylorswift 
Facebook: http://www.facebook.com/taylorswift
Tumblr: http://taylorswift.tumblr.com
Twitter: http://www.twitter.com/taylorswift13
Website: http://www.taylorswift.com

Follow Taylor Nation Online
Instagram: http://www.instagram.com/taylornation 
Tumblr: http://taylornation.tumblr.com
Twitter: http://www.twitter.com/taylornation13",2011-02-14 03:50:44+00:00,PT3M32S,119899,2405,152,https://i.ytimg.com/vi/91EDAPQLsXc/default.jpg,https://i.ytimg.com/vi/91EDAPQLsXc/mqdefault.jpg,https://i.ytimg.com/vi/91EDAPQLsXc/hqdefault.jpg,,,
LSjPFdoeDD8,"Taylor Swift Speak Now Fan Video : Oranga, NSW, Australia","Engaged couple Kat Hammond and Trevor Rogers make the long journey from Orange, a city in New South Wales, Australia to attend the Speak Now in NY CD release party. Watch as they explore New York City's Central Park, Times Square, the Statue of Liberty, and survive the ""crazy"" cab drivers.

Shop music here: http://smarturl.it/TASmusic

Shop merchandise here: http://taylor.lk/tourmerch

Follow Taylor Swift Online
Instagram: http://www.instagram.com/taylorswift 
Facebook: http://www.facebook.com/taylorswift
Tumblr: http://taylorswift.tumblr.com
Twitter: http://www.twitter.com/taylorswift13
Website: http://www.taylorswift.com

Follow Taylor Nation Online
Instagram: http://www.instagram.com/taylornation 
Tumblr: http://taylornation.tumblr.com
Twitter: http://www.twitter.com/taylornation13",2011-02-14 03:04:11+00:00,PT3M18S,94598,1606,98,https://i.ytimg.com/vi/LSjPFdoeDD8/default.jpg,https://i.ytimg.com/vi/LSjPFdoeDD8/mqdefault.jpg,https://i.ytimg.com/vi/LSjPFdoeDD8/hqdefault.jpg,,,
jkin5pRLrQg,Taylor Swift Speak Now Fan Videos : Shot on a Bloggie,"Taylor Swift gathered over 100 individuals from over 20 countries around the world to celebrate her new CD 'Speak Now.' Fans from Italy, France, Holland, Korea, Japan, Germany, Mexico, the US and more met in New York City on October 25th for an international album release celebration. Some of these individuals continued with Taylor as she traveled across the country performing on rooftops, on television shows and even at the airport. Sony gave a Bloggie Touch video camera to everyone so they could document their experiences. These are their experiences.

Shop music here: http://smarturl.it/TASmusic

Shop merchandise here: http://taylor.lk/tourmerch

Follow Taylor Swift Online
Instagram: http://www.instagram.com/taylorswift 
Facebook: http://www.facebook.com/taylorswift
Tumblr: http://taylorswift.tumblr.com
Twitter: http://www.twitter.com/taylorswift13
Website: http://www.taylorswift.com

Follow Taylor Nation Online
Instagram: http://www.instagram.com/taylornation 
Tumblr: http://taylornation.tumblr.com
Twitter: http://www.twitter.com/taylornation13",2011-02-14 03:00:29+00:00,PT4M16S,57176,1844,110,https://i.ytimg.com/vi/jkin5pRLrQg/default.jpg,https://i.ytimg.com/vi/jkin5pRLrQg/mqdefault.jpg,https://i.ytimg.com/vi/jkin5pRLrQg/hqdefault.jpg,,,
ZMt6TFO0zn4,Taylor Swift CoverGirl NatureLuxe,"Shop music here: http://smarturl.it/TASmusic

Shop merchandise here: http://taylor.lk/tourmerch

Follow Taylor Swift Online
Instagram: http://www.instagram.com/taylorswift 
Facebook: http://www.facebook.com/taylorswift
Tumblr: http://taylorswift.tumblr.com
Twitter: http://www.twitter.com/taylorswift13
Website: http://www.taylorswift.com

Follow Taylor Nation Online
Instagram: http://www.instagram.com/taylornation 
Tumblr: http://taylornation.tumblr.com
Twitter: http://www.twitter.com/taylornation13",2011-01-06 17:52:21+00:00,PT31S,975367,12996,1367,https://i.ytimg.com/vi/ZMt6TFO0zn4/default.jpg,https://i.ytimg.com/vi/ZMt6TFO0zn4/mqdefault.jpg,https://i.ytimg.com/vi/ZMt6TFO0zn4/hqdefault.jpg,,,
5jKcG86bNRs,Speak Now Deluxe Edition - Only at Target,"Shop music here: http://smarturl.it/TASmusic

Shop merchandise here: http://taylor.lk/tourmerch

Follow Taylor Swift Online
Instagram: http://www.instagram.com/taylorswift 
Facebook: http://www.facebook.com/taylorswift
Tumblr: http://taylorswift.tumblr.com
Twitter: http://www.twitter.com/taylorswift13
Website: http://www.taylorswift.com

Follow Taylor Nation Online
Instagram: http://www.instagram.com/taylornation 
Tumblr: http://taylornation.tumblr.com
Twitter: http://www.twitter.com/taylornation13",2010-10-25 20:02:56+00:00,PT31S,1692967,73113,2547,https://i.ytimg.com/vi/5jKcG86bNRs/default.jpg,https://i.ytimg.com/vi/5jKcG86bNRs/mqdefault.jpg,https://i.ytimg.com/vi/5jKcG86bNRs/hqdefault.jpg,,,
QQVHNOxYv5E,Taylor Swift's 'Journey to Fearless' on The Hub,"Shop music here: http://smarturl.it/TASmusic

Shop merchandise here: http://taylor.lk/tourmerch

Follow Taylor Swift Online
Instagram: http://www.instagram.com/taylorswift 
Facebook: http://www.facebook.com/taylorswift
Tumblr: http://taylorswift.tumblr.com
Twitter: http://www.twitter.com/taylorswift13
Website: http://www.taylorswift.com

Follow Taylor Nation Online
Instagram: http://www.instagram.com/taylornation 
Tumblr: http://taylornation.tumblr.com
Twitter: http://www.twitter.com/taylornation13",2010-10-19 23:10:37+00:00,PT31S,402502,5139,541,https://i.ytimg.com/vi/QQVHNOxYv5E/default.jpg,https://i.ytimg.com/vi/QQVHNOxYv5E/mqdefault.jpg,https://i.ytimg.com/vi/QQVHNOxYv5E/hqdefault.jpg,,,
w7p_BCIX-rw,A Hug From Taylor Swift - The Final Challenge,"Shop music here: http://smarturl.it/TASmusic

Shop merchandise here: http://taylor.lk/tourmerch

Follow Taylor Swift Online
Instagram: http://www.instagram.com/taylorswift 
Facebook: http://www.facebook.com/taylorswift
Tumblr: http://taylorswift.tumblr.com
Twitter: http://www.twitter.com/taylorswift13
Website: http://www.taylorswift.com

Follow Taylor Nation Online
Instagram: http://www.instagram.com/taylornation 
Tumblr: http://taylornation.tumblr.com
Twitter: http://www.twitter.com/taylornation13",2010-06-02 18:44:29+00:00,PT5M6S,560063,13351,1422,https://i.ytimg.com/vi/w7p_BCIX-rw/default.jpg,https://i.ytimg.com/vi/w7p_BCIX-rw/mqdefault.jpg,https://i.ytimg.com/vi/w7p_BCIX-rw/hqdefault.jpg,,,
IgZY0frgysw,Demonstrating my fine athletic skills. And more.,"In this video, my prodigious athletic skills are showcased. Also, there is a Vegas wedding, baking a cake, Easter egg hunting, and one of my favorite parts of our 2-show stay at Staples Center. Song: She Band: Parachute

Shop music here: http://smarturl.it/TASmusic

Shop merchandise here: http://taylor.lk/tourmerch

Follow Taylor Swift Online
Instagram: http://www.instagram.com/taylorswift 
Facebook: http://www.facebook.com/taylorswift
Tumblr: http://taylorswift.tumblr.com
Twitter: http://www.twitter.com/taylorswift13
Website: http://www.taylorswift.com

Follow Taylor Nation Online
Instagram: http://www.instagram.com/taylornation 
Tumblr: http://taylornation.tumblr.com
Twitter: http://www.twitter.com/taylornation13",2010-04-26 19:58:31+00:00,PT5M33S,5851905,179079,10886,https://i.ytimg.com/vi/IgZY0frgysw/default.jpg,https://i.ytimg.com/vi/IgZY0frgysw/mqdefault.jpg,https://i.ytimg.com/vi/IgZY0frgysw/hqdefault.jpg,,,
uhHMWLjL77U,Taylor Swift Sony TX7 Cyber-shot Camera Commercial,"Shop music here: http://smarturl.it/TASmusic

Shop merchandise here: http://taylor.lk/tourmerch

Follow Taylor Swift Online
Instagram: http://www.instagram.com/taylorswift 
Facebook: http://www.facebook.com/taylorswift
Tumblr: http://taylorswift.tumblr.com
Twitter: http://www.twitter.com/taylorswift13
Website: http://www.taylorswift.com

Follow Taylor Nation Online
Instagram: http://www.instagram.com/taylornation 
Tumblr: http://taylornation.tumblr.com
Twitter: http://www.twitter.com/taylornation13",2010-04-26 14:44:40+00:00,PT31S,1556840,21257,1792,https://i.ytimg.com/vi/uhHMWLjL77U/default.jpg,https://i.ytimg.com/vi/uhHMWLjL77U/mqdefault.jpg,https://i.ytimg.com/vi/uhHMWLjL77U/hqdefault.jpg,,,
PVtlDvh74H8,A Hug From Taylor Swift - Challenge #3,"Response to Ryan and Michael's completion of Challenge #2 and more details on the upcoming challenge #3!

Shop music here: http://smarturl.it/TASmusic

Shop merchandise here: http://taylor.lk/tourmerch

Follow Taylor Swift Online
Instagram: http://www.instagram.com/taylorswift 
Facebook: http://www.facebook.com/taylorswift
Tumblr: http://taylorswift.tumblr.com
Twitter: http://www.twitter.com/taylorswift13
Website: http://www.taylorswift.com

Follow Taylor Nation Online
Instagram: http://www.instagram.com/taylornation 
Tumblr: http://taylornation.tumblr.com
Twitter: http://www.twitter.com/taylornation13",2010-04-24 03:58:16+00:00,PT1M3S,1014559,8248,898,https://i.ytimg.com/vi/PVtlDvh74H8/default.jpg,https://i.ytimg.com/vi/PVtlDvh74H8/mqdefault.jpg,https://i.ytimg.com/vi/PVtlDvh74H8/hqdefault.jpg,,,
37Pc4cjk9pY,Vote Taylor: ACM Entertainer of the Year,"Shop music here: http://smarturl.it/TASmusic

Shop merchandise here: http://taylor.lk/tourmerch

Follow Taylor Swift Online
Instagram: http://www.instagram.com/taylorswift 
Facebook: http://www.facebook.com/taylorswift
Tumblr: http://taylorswift.tumblr.com
Twitter: http://www.twitter.com/taylorswift13
Website: http://www.taylorswift.com

Follow Taylor Nation Online
Instagram: http://www.instagram.com/taylornation 
Tumblr: http://taylornation.tumblr.com
Twitter: http://www.twitter.com/taylornation13",2010-04-02 03:59:52+00:00,PT3M31S,343465,7245,806,https://i.ytimg.com/vi/37Pc4cjk9pY/default.jpg,https://i.ytimg.com/vi/37Pc4cjk9pY/mqdefault.jpg,https://i.ytimg.com/vi/37Pc4cjk9pY/hqdefault.jpg,,,
Uo6HuSCBZu4,A Hug From Taylor Swift - Challenge #2,"Challenge #2 has been extended to the guys from A Hug From Taylor Swift.

Shop music here: http://smarturl.it/TASmusic

Shop merchandise here: http://taylor.lk/tourmerch

Follow Taylor Swift Online
Instagram: http://www.instagram.com/taylorswift 
Facebook: http://www.facebook.com/taylorswift
Tumblr: http://taylorswift.tumblr.com
Twitter: http://www.twitter.com/taylorswift13
Website: http://www.taylorswift.com

Follow Taylor Nation Online
Instagram: http://www.instagram.com/taylornation 
Tumblr: http://taylornation.tumblr.com
Twitter: http://www.twitter.com/taylornation13",2010-04-01 15:38:34+00:00,PT1M37S,1058838,10774,1615,https://i.ytimg.com/vi/Uo6HuSCBZu4/default.jpg,https://i.ytimg.com/vi/Uo6HuSCBZu4/mqdefault.jpg,https://i.ytimg.com/vi/Uo6HuSCBZu4/hqdefault.jpg,,,
mxBSpHji2oo,A Hug From Taylor Swift - Challenge #1,"Challenge #1 has been extended to the guys from A Hug From Taylor Swift

Shop music here: http://smarturl.it/TASmusic

Shop merchandise here: http://taylor.lk/tourmerch

Follow Taylor Swift Online
Instagram: http://www.instagram.com/taylorswift 
Facebook: http://www.facebook.com/taylorswift
Tumblr: http://taylorswift.tumblr.com
Twitter: http://www.twitter.com/taylorswift13
Website: http://www.taylorswift.com

Follow Taylor Nation Online
Instagram: http://www.instagram.com/taylornation 
Tumblr: http://taylornation.tumblr.com
Twitter: http://www.twitter.com/taylornation13",2010-03-25 16:19:23+00:00,PT3M16S,886617,12815,1087,https://i.ytimg.com/vi/mxBSpHji2oo/default.jpg,https://i.ytimg.com/vi/mxBSpHji2oo/mqdefault.jpg,https://i.ytimg.com/vi/mxBSpHji2oo/hqdefault.jpg,,,
U3yPyVFKGG8,New conference table.,"We got a new table at the management office...and it's super big.

Shop music here: http://smarturl.it/TASmusic

Shop merchandise here: http://taylor.lk/tourmerch

Follow Taylor Swift Online
Instagram: http://www.instagram.com/taylorswift 
Facebook: http://www.facebook.com/taylorswift
Tumblr: http://taylorswift.tumblr.com
Twitter: http://www.twitter.com/taylorswift13
Website: http://www.taylorswift.com

Follow Taylor Nation Online
Instagram: http://www.instagram.com/taylornation 
Tumblr: http://taylornation.tumblr.com
Twitter: http://www.twitter.com/taylornation13",2010-03-12 16:10:46+00:00,PT31S,1358282,56965,2236,https://i.ytimg.com/vi/U3yPyVFKGG8/default.jpg,https://i.ytimg.com/vi/U3yPyVFKGG8/mqdefault.jpg,https://i.ytimg.com/vi/U3yPyVFKGG8/hqdefault.jpg,,,
VhFFAQuAUqo,Fairytale Adventures in Australia and Japan.,"Fairytale Adventures in Australia and Japan.

Shop music here: http://smarturl.it/TASmusic

Shop merchandise here: http://taylor.lk/tourmerch

Follow Taylor Swift Online
Instagram: http://www.instagram.com/taylorswift 
Facebook: http://www.facebook.com/taylorswift
Tumblr: http://taylorswift.tumblr.com
Twitter: http://www.twitter.com/taylorswift13
Website: http://www.taylorswift.com

Follow Taylor Nation Online
Instagram: http://www.instagram.com/taylornation 
Tumblr: http://taylornation.tumblr.com
Twitter: http://www.twitter.com/taylornation13",2010-03-01 01:21:07+00:00,PT5M47S,919506,15679,1833,https://i.ytimg.com/vi/VhFFAQuAUqo/default.jpg,https://i.ytimg.com/vi/VhFFAQuAUqo/mqdefault.jpg,https://i.ytimg.com/vi/VhFFAQuAUqo/hqdefault.jpg,,,
wzLhAZn_JMk,Behind-the-scenes in BAND HERO with Taylor!,"BAND HERO featuring Taylor Swift in stores Tuesday, November 3!

Shop music here: http://smarturl.it/TASmusic

Shop merchandise here: http://taylor.lk/tourmerch

Follow Taylor Swift Online
Instagram: http://www.instagram.com/taylorswift 
Facebook: http://www.facebook.com/taylorswift
Tumblr: http://taylorswift.tumblr.com
Twitter: http://www.twitter.com/taylorswift13
Website: http://www.taylorswift.com

Follow Taylor Nation Online
Instagram: http://www.instagram.com/taylornation 
Tumblr: http://taylornation.tumblr.com
Twitter: http://www.twitter.com/taylornation13",2009-11-02 22:00:19+00:00,PT1M17S,939904,7566,645,https://i.ytimg.com/vi/wzLhAZn_JMk/default.jpg,https://i.ytimg.com/vi/wzLhAZn_JMk/mqdefault.jpg,https://i.ytimg.com/vi/wzLhAZn_JMk/hqdefault.jpg,,,
GVKuFZhB1e8,Taylor Swift In Band Hero,"Game footage from the new video game Band Hero featuring Taylor Swift!

Shop music here: http://smarturl.it/TASmusic

Shop merchandise here: http://taylor.lk/tourmerch

Follow Taylor Swift Online
Instagram: http://www.instagram.com/taylorswift 
Facebook: http://www.facebook.com/taylorswift
Tumblr: http://taylorswift.tumblr.com
Twitter: http://www.twitter.com/taylorswift13
Website: http://www.taylorswift.com

Follow Taylor Nation Online
Instagram: http://www.instagram.com/taylornation 
Tumblr: http://taylornation.tumblr.com
Twitter: http://www.twitter.com/taylornation13",2009-10-01 18:26:46+00:00,PT2M3S,660951,7844,1861,https://i.ytimg.com/vi/GVKuFZhB1e8/default.jpg,https://i.ytimg.com/vi/GVKuFZhB1e8/mqdefault.jpg,https://i.ytimg.com/vi/GVKuFZhB1e8/hqdefault.jpg,,,
SnN7kIqDgz0,Watching the CMA Announcements!,"This was taken at 8:30 AM, watching the CMA nominations announcements on TV. And wow... It was an excellent morning.

Shop music here: http://smarturl.it/TASmusic

Shop merchandise here: http://taylor.lk/tourmerch

Follow Taylor Swift Online
Instagram: http://www.instagram.com/taylorswift 
Facebook: http://www.facebook.com/taylorswift
Tumblr: http://taylorswift.tumblr.com
Twitter: http://www.twitter.com/taylorswift13
Website: http://www.taylorswift.com

Follow Taylor Nation Online
Instagram: http://www.instagram.com/taylornation 
Tumblr: http://taylornation.tumblr.com
Twitter: http://www.twitter.com/taylornation13",2009-09-09 20:04:29+00:00,PT3M21S,976007,31803,4171,https://i.ytimg.com/vi/SnN7kIqDgz0/default.jpg,https://i.ytimg.com/vi/SnN7kIqDgz0/mqdefault.jpg,https://i.ytimg.com/vi/SnN7kIqDgz0/hqdefault.jpg,,,
x2hRdQnbzKQ,Your world is my world.,"This is a glimpse of what it looked like backstage when we pranked Keith Urban, surprising our crew members on tour, why Demi shouldn't drive jetskis, and some very fashionable hats modeled by my mom and me. I'm leaving for the UK in the morning, so there's a shout out to you guys that I'll be seeing in London and at V-Fest! And it's all set to ""One Time"" by Justin Bieber. It's very much on repeat at the moment.

Shop music here: http://smarturl.it/TASmusic

Shop merchandise here: http://taylor.lk/tourmerch

Follow Taylor Swift Online
Instagram: http://www.instagram.com/taylorswift 
Facebook: http://www.facebook.com/taylorswift
Tumblr: http://taylorswift.tumblr.com
Twitter: http://www.twitter.com/taylorswift13
Website: http://www.taylorswift.com

Follow Taylor Nation Online
Instagram: http://www.instagram.com/taylornation 
Tumblr: http://taylornation.tumblr.com
Twitter: http://www.twitter.com/taylornation13",2009-08-19 16:34:06+00:00,PT6M22S,1147159,27314,2410,https://i.ytimg.com/vi/x2hRdQnbzKQ/default.jpg,https://i.ytimg.com/vi/x2hRdQnbzKQ/mqdefault.jpg,https://i.ytimg.com/vi/x2hRdQnbzKQ/hqdefault.jpg,,,
Y3eRmLTN7FQ,Surprise! Taylor Wins 2 Teen Choice Awards!,"Taylor wins Choice Female Artist and Choice Music Album Female Artist from the 2009 Teen Choice Awards!

Shop music here: http://smarturl.it/TASmusic

Shop merchandise here: http://taylor.lk/tourmerch

Follow Taylor Swift Online
Instagram: http://www.instagram.com/taylorswift 
Facebook: http://www.facebook.com/taylorswift
Tumblr: http://taylorswift.tumblr.com
Twitter: http://www.twitter.com/taylorswift13
Website: http://www.taylorswift.com

Follow Taylor Nation Online
Instagram: http://www.instagram.com/taylornation 
Tumblr: http://taylornation.tumblr.com
Twitter: http://www.twitter.com/taylornation13",2009-08-11 03:49:48+00:00,PT3M37S,447612,6855,1129,https://i.ytimg.com/vi/Y3eRmLTN7FQ/default.jpg,https://i.ytimg.com/vi/Y3eRmLTN7FQ/mqdefault.jpg,https://i.ytimg.com/vi/Y3eRmLTN7FQ/hqdefault.jpg,,,
8w4A1vVaNmE,"Whisper hello, I miss you quite terribly.","Hey! I just made a new video blog from our trip to London this week. It includes Caitlin's alter ego, taking a walk through ""Willy Wonka's house. It's very candy-licious and there's lots of everything."" (AKA Harrod's), Amos and I sharing accessories, theft-proof remote controls, getting severely injured onstage and requiring immediate medical attention (AKA a band aid) and the coolest thing I've ever seen: Magazines with candy bars attached to them. Check it out. :) The song is one of my favorite songs ever by Hellogoodbye.

Shop music here: http://smarturl.it/TASmusic

Shop merchandise here: http://taylor.lk/tourmerch

Follow Taylor Swift Online
Instagram: http://www.instagram.com/taylorswift 
Facebook: http://www.facebook.com/taylorswift
Tumblr: http://taylorswift.tumblr.com
Twitter: http://www.twitter.com/taylorswift13
Website: http://www.taylorswift.com

Follow Taylor Nation Online
Instagram: http://www.instagram.com/taylornation 
Tumblr: http://taylornation.tumblr.com
Twitter: http://www.twitter.com/taylornation13",2009-05-08 17:02:16+00:00,PT4M56S,5696271,21036,3100,https://i.ytimg.com/vi/8w4A1vVaNmE/default.jpg,https://i.ytimg.com/vi/8w4A1vVaNmE/mqdefault.jpg,https://i.ytimg.com/vi/8w4A1vVaNmE/hqdefault.jpg,,,
V3QOzyS5M4Q,Being on tour. Everyone ignores me.,"I need your help.

Shop music here: http://smarturl.it/TASmusic

Shop merchandise here: http://taylor.lk/tourmerch

Follow Taylor Swift Online
Instagram: http://www.instagram.com/taylorswift 
Facebook: http://www.facebook.com/taylorswift
Tumblr: http://taylorswift.tumblr.com
Twitter: http://www.twitter.com/taylorswift13
Website: http://www.taylorswift.com

Follow Taylor Nation Online
Instagram: http://www.instagram.com/taylornation 
Tumblr: http://taylornation.tumblr.com
Twitter: http://www.twitter.com/taylornation13",2009-05-07 19:02:07+00:00,PT6M37S,3134492,183345,9986,https://i.ytimg.com/vi/V3QOzyS5M4Q/default.jpg,https://i.ytimg.com/vi/V3QOzyS5M4Q/mqdefault.jpg,https://i.ytimg.com/vi/V3QOzyS5M4Q/hqdefault.jpg,,,
G2rSQF5Qx7k,FEARLESS Tour 2009,"Shop music here: http://smarturl.it/TASmusic

Shop merchandise here: http://taylor.lk/tourmerch

Follow Taylor Swift Online
Instagram: http://www.instagram.com/taylorswift 
Facebook: http://www.facebook.com/taylorswift
Tumblr: http://taylorswift.tumblr.com
Twitter: http://www.twitter.com/taylorswift13
Website: http://www.taylorswift.com

Follow Taylor Nation Online
Instagram: http://www.instagram.com/taylornation 
Tumblr: http://taylornation.tumblr.com
Twitter: http://www.twitter.com/taylornation13",2009-04-24 21:26:31+00:00,PT2M23S,1059867,8724,1358,https://i.ytimg.com/vi/G2rSQF5Qx7k/default.jpg,https://i.ytimg.com/vi/G2rSQF5Qx7k/mqdefault.jpg,https://i.ytimg.com/vi/G2rSQF5Qx7k/hqdefault.jpg,,,
M134RqAbiwY,I hope it's gonna make you notice.,"This one covers a lot! Lots of traveling around the world. The song is ""Use Somebody"" by Kings of Leon. I'm loving their record, you should check it out. I had a blast in Europe and I can't wait to go back! Thanks for everything.

Shop music here: http://smarturl.it/TASmusic

Shop merchandise here: http://taylor.lk/tourmerch

Follow Taylor Swift Online
Instagram: http://www.instagram.com/taylorswift 
Facebook: http://www.facebook.com/taylorswift
Tumblr: http://taylorswift.tumblr.com
Twitter: http://www.twitter.com/taylorswift13
Website: http://www.taylorswift.com

Follow Taylor Nation Online
Instagram: http://www.instagram.com/taylornation 
Tumblr: http://taylornation.tumblr.com
Twitter: http://www.twitter.com/taylornation13",2009-03-05 23:28:03+00:00,PT5M8S,2904861,35351,3380,https://i.ytimg.com/vi/M134RqAbiwY/default.jpg,https://i.ytimg.com/vi/M134RqAbiwY/mqdefault.jpg,https://i.ytimg.com/vi/M134RqAbiwY/hqdefault.jpg,,,
MHDjff07l0I,Thanksgiving break and The Academy Is...,"This pretty much covers Thanksgiving, Christmas decorating, leaving for LA, the Grammy Nominee show, Leno, and my cat. Hope you like it. All put to the musical brilliance of William Beckett/TAI.

Shop music here: http://smarturl.it/TASmusic

Shop merchandise here: http://taylor.lk/tourmerch

Follow Taylor Swift Online
Instagram: http://www.instagram.com/taylorswift 
Facebook: http://www.facebook.com/taylorswift
Tumblr: http://taylorswift.tumblr.com
Twitter: http://www.twitter.com/taylorswift13
Website: http://www.taylorswift.com

Follow Taylor Nation Online
Instagram: http://www.instagram.com/taylornation 
Tumblr: http://taylornation.tumblr.com
Twitter: http://www.twitter.com/taylornation13",2009-03-06 00:20:07+00:00,PT5M23S,660327,8234,792,https://i.ytimg.com/vi/MHDjff07l0I/default.jpg,https://i.ytimg.com/vi/MHDjff07l0I/mqdefault.jpg,https://i.ytimg.com/vi/MHDjff07l0I/hqdefault.jpg,,,
qvcSth8LvEw,1 with a bullet.,"I made a video showing some of the things I got to do for my album release week. Thank you to all of you for making Fearless the #1 album in the country, and for keeping Love Story at #1 on the country charts for a 2nd week. I LOVE YOU!!

Shop music here: http://smarturl.it/TASmusic

Shop merchandise here: http://taylor.lk/tourmerch

Follow Taylor Swift Online
Instagram: http://www.instagram.com/taylorswift 
Facebook: http://www.facebook.com/taylorswift
Tumblr: http://taylorswift.tumblr.com
Twitter: http://www.twitter.com/taylorswift13
Website: http://www.taylorswift.com

Follow Taylor Nation Online
Instagram: http://www.instagram.com/taylornation 
Tumblr: http://taylornation.tumblr.com
Twitter: http://www.twitter.com/taylornation13",2008-11-25 18:35:47+00:00,PT4M24S,819708,8353,1118,https://i.ytimg.com/vi/qvcSth8LvEw/default.jpg,https://i.ytimg.com/vi/qvcSth8LvEw/mqdefault.jpg,https://i.ytimg.com/vi/qvcSth8LvEw/hqdefault.jpg,,,
-zymq4JgQ7E,Retainers.,"The downside to touring... You lose things.

Shop music here: http://smarturl.it/TASmusic

Shop merchandise here: http://taylor.lk/tourmerch

Follow Taylor Swift Online
Instagram: http://www.instagram.com/taylorswift 
Facebook: http://www.facebook.com/taylorswift
Tumblr: http://taylorswift.tumblr.com
Twitter: http://www.twitter.com/taylorswift13
Website: http://www.taylorswift.com

Follow Taylor Nation Online
Instagram: http://www.instagram.com/taylornation 
Tumblr: http://taylornation.tumblr.com
Twitter: http://www.twitter.com/taylornation13",2008-11-17 21:25:40+00:00,PT59S,3281711,73711,4968,https://i.ytimg.com/vi/-zymq4JgQ7E/default.jpg,https://i.ytimg.com/vi/-zymq4JgQ7E/mqdefault.jpg,https://i.ytimg.com/vi/-zymq4JgQ7E/hqdefault.jpg,,,
45KfDAgw_Is,November 11th.,"Shop music here: http://smarturl.it/TASmusic

Shop merchandise here: http://taylor.lk/tourmerch

Follow Taylor Swift Online
Instagram: http://www.instagram.com/taylorswift 
Facebook: http://www.facebook.com/taylorswift
Tumblr: http://taylorswift.tumblr.com
Twitter: http://www.twitter.com/taylorswift13
Website: http://www.taylorswift.com

Follow Taylor Nation Online
Instagram: http://www.instagram.com/taylornation 
Tumblr: http://taylornation.tumblr.com
Twitter: http://www.twitter.com/taylornation13",2008-11-17 20:58:44+00:00,PT5M51S,716568,7235,974,https://i.ytimg.com/vi/45KfDAgw_Is/default.jpg,https://i.ytimg.com/vi/45KfDAgw_Is/mqdefault.jpg,https://i.ytimg.com/vi/45KfDAgw_Is/hqdefault.jpg,,,
RLmmqQNEM_I,You change your mind like a girl changes clothes.,"This is what I've been up to this week. Let's see... I hung out with Kellie and met her new python, video taped some stuff out on the road, taped Crossroads with Def Leppard for CMT, and my best friend Abigail came in town from college! Plus, you get to meet my charming brother, Austin. And my cat. :) Plus, katy perry rules so I had to use this song.

Shop music here: http://smarturl.it/TASmusic

Shop merchandise here: http://taylor.lk/tourmerch

Follow Taylor Swift Online
Instagram: http://www.instagram.com/taylorswift 
Facebook: http://www.facebook.com/taylorswift
Tumblr: http://taylorswift.tumblr.com
Twitter: http://www.twitter.com/taylorswift13
Website: http://www.taylorswift.com

Follow Taylor Nation Online
Instagram: http://www.instagram.com/taylornation 
Tumblr: http://taylornation.tumblr.com
Twitter: http://www.twitter.com/taylornation13",2008-11-17 20:43:59+00:00,PT5M16S,1527065,22568,2093,https://i.ytimg.com/vi/RLmmqQNEM_I/default.jpg,https://i.ytimg.com/vi/RLmmqQNEM_I/mqdefault.jpg,https://i.ytimg.com/vi/RLmmqQNEM_I/hqdefault.jpg,,,
rJVYkPjQf9s,Rascal Flatt's tour and Grey's Anatomy,"This is a combination of clips from a bunch of places I've been lately.. on tour with Rascal Flatts in Detroit and Boston.. A People magazine shoot in Nashville.. and watching the Grey's Anatomy episode my song was in, on my tour bus in Tulsa, OK.

Shop music here: http://smarturl.it/TASmusic

Shop merchandise here: http://taylor.lk/tourmerch

Follow Taylor Swift Online
Instagram: http://www.instagram.com/taylorswift 
Facebook: http://www.facebook.com/taylorswift
Tumblr: http://taylorswift.tumblr.com
Twitter: http://www.twitter.com/taylorswift13
Website: http://www.taylorswift.com

Follow Taylor Nation Online
Instagram: http://www.instagram.com/taylornation 
Tumblr: http://taylornation.tumblr.com
Twitter: http://www.twitter.com/taylornation13",2008-11-17 20:35:15+00:00,PT4M9S,365396,7139,686,https://i.ytimg.com/vi/rJVYkPjQf9s/default.jpg,https://i.ytimg.com/vi/rJVYkPjQf9s/mqdefault.jpg,https://i.ytimg.com/vi/rJVYkPjQf9s/hqdefault.jpg,,,
DjABPXfE4Fs,Philadelphia :),"We played in Philly and decided to take a look around.

Shop music here: http://smarturl.it/TASmusic

Shop merchandise here: http://taylor.lk/tourmerch

Follow Taylor Swift Online
Instagram: http://www.instagram.com/taylorswift 
Facebook: http://www.facebook.com/taylorswift
Tumblr: http://taylorswift.tumblr.com
Twitter: http://www.twitter.com/taylorswift13
Website: http://www.taylorswift.com

Follow Taylor Nation Online
Instagram: http://www.instagram.com/taylornation 
Tumblr: http://taylornation.tumblr.com
Twitter: http://www.twitter.com/taylornation13",2008-11-17 20:32:42+00:00,PT4M6S,526888,8539,819,https://i.ytimg.com/vi/DjABPXfE4Fs/default.jpg,https://i.ytimg.com/vi/DjABPXfE4Fs/mqdefault.jpg,https://i.ytimg.com/vi/DjABPXfE4Fs/hqdefault.jpg,,,
0jWoq3COzts,London!!!,"I made this on the plane ride back, this week we went to London! Check it out.

Shop music here: http://smarturl.it/TASmusic

Shop merchandise here: http://taylor.lk/tourmerch

Follow Taylor Swift Online
Instagram: http://www.instagram.com/taylorswift 
Facebook: http://www.facebook.com/taylorswift
Tumblr: http://taylorswift.tumblr.com
Twitter: http://www.twitter.com/taylorswift13
Website: http://www.taylorswift.com

Follow Taylor Nation Online
Instagram: http://www.instagram.com/taylornation 
Tumblr: http://taylornation.tumblr.com
Twitter: http://www.twitter.com/taylornation13",2008-11-17 19:55:46+00:00,PT4M46S,821197,11207,1333,https://i.ytimg.com/vi/0jWoq3COzts/default.jpg,https://i.ytimg.com/vi/0jWoq3COzts/mqdefault.jpg,https://i.ytimg.com/vi/0jWoq3COzts/hqdefault.jpg,,,
bkADPxWSeak,Behind The Scenes @ CMA Music Festival,"Shop music here: http://smarturl.it/TASmusic

Shop merchandise here: http://taylor.lk/tourmerch

Follow Taylor Swift Online
Instagram: http://www.instagram.com/taylorswift 
Facebook: http://www.facebook.com/taylorswift
Tumblr: http://taylorswift.tumblr.com
Twitter: http://www.twitter.com/taylorswift13
Website: http://www.taylorswift.com

Follow Taylor Nation Online
Instagram: http://www.instagram.com/taylornation 
Tumblr: http://taylornation.tumblr.com
Twitter: http://www.twitter.com/taylornation13",2008-09-02 17:53:24+00:00,PT1M33S,319527,3761,270,https://i.ytimg.com/vi/bkADPxWSeak/default.jpg,https://i.ytimg.com/vi/bkADPxWSeak/mqdefault.jpg,https://i.ytimg.com/vi/bkADPxWSeak/hqdefault.jpg,,,
m_4CSbzwPtE,"Taylor And ""Friends""","Shop music here: http://smarturl.it/TASmusic

Shop merchandise here: http://taylor.lk/tourmerch

Follow Taylor Swift Online
Instagram: http://www.instagram.com/taylorswift 
Facebook: http://www.facebook.com/taylorswift
Tumblr: http://taylorswift.tumblr.com
Twitter: http://www.twitter.com/taylorswift13
Website: http://www.taylorswift.com

Follow Taylor Nation Online
Instagram: http://www.instagram.com/taylornation 
Tumblr: http://taylornation.tumblr.com
Twitter: http://www.twitter.com/taylornation13",2008-08-17 22:26:08+00:00,PT2M17S,1046685,10938,997,https://i.ytimg.com/vi/m_4CSbzwPtE/default.jpg,https://i.ytimg.com/vi/m_4CSbzwPtE/mqdefault.jpg,https://i.ytimg.com/vi/m_4CSbzwPtE/hqdefault.jpg,,,
Ivz6lNNAYaE,MySpace Presents: The Fit Featuring Taylor Swift,"Shop music here: http://smarturl.it/TASmusic

Shop merchandise here: http://taylor.lk/tourmerch

Follow Taylor Swift Online
Instagram: http://www.instagram.com/taylorswift 
Facebook: http://www.facebook.com/taylorswift
Tumblr: http://taylorswift.tumblr.com
Twitter: http://www.twitter.com/taylorswift13
Website: http://www.taylorswift.com

Follow Taylor Nation Online
Instagram: http://www.instagram.com/taylornation 
Tumblr: http://taylornation.tumblr.com
Twitter: http://www.twitter.com/taylornation13",2008-06-26 23:02:37+00:00,PT4M12S,697024,5365,566,https://i.ytimg.com/vi/Ivz6lNNAYaE/default.jpg,https://i.ytimg.com/vi/Ivz6lNNAYaE/mqdefault.jpg,https://i.ytimg.com/vi/Ivz6lNNAYaE/hqdefault.jpg,,,
R7wjyOQw7Zw,Instructional Video,"People keep asking me ""Taylor, how the heck do you tie the lovelovelove bracelets?""

Shop music here: http://smarturl.it/TASmusic

Shop merchandise here: http://taylor.lk/tourmerch

Follow Taylor Swift Online
Instagram: http://www.instagram.com/taylorswift 
Facebook: http://www.facebook.com/taylorswift
Tumblr: http://taylorswift.tumblr.com
Twitter: http://www.twitter.com/taylorswift13
Website: http://www.taylorswift.com

Follow Taylor Nation Online
Instagram: http://www.instagram.com/taylornation 
Tumblr: http://taylornation.tumblr.com
Twitter: http://www.twitter.com/taylornation13",2008-06-26 22:05:00+00:00,PT1M6S,707169,12191,903,https://i.ytimg.com/vi/R7wjyOQw7Zw/default.jpg,https://i.ytimg.com/vi/R7wjyOQw7Zw/mqdefault.jpg,https://i.ytimg.com/vi/R7wjyOQw7Zw/hqdefault.jpg,,,
Mi-FBBqUuJE,First fans with my CMT Award.,"I made you a promise to bring my CMT Award out on the road with me on The Brad Paisley Tour. Come join in on the fun. Can't wait to see you at a show.... lovelovelove -T-

Shop music here: http://smarturl.it/TASmusic

Shop merchandise here: http://taylor.lk/tourmerch

Follow Taylor Swift Online
Instagram: http://www.instagram.com/taylorswift 
Facebook: http://www.facebook.com/taylorswift
Tumblr: http://taylorswift.tumblr.com
Twitter: http://www.twitter.com/taylorswift13
Website: http://www.taylorswift.com

Follow Taylor Nation Online
Instagram: http://www.instagram.com/taylornation 
Tumblr: http://taylornation.tumblr.com
Twitter: http://www.twitter.com/taylornation13",2008-06-26 21:55:43+00:00,PT11S,377886,4655,302,https://i.ytimg.com/vi/Mi-FBBqUuJE/default.jpg,https://i.ytimg.com/vi/Mi-FBBqUuJE/mqdefault.jpg,https://i.ytimg.com/vi/Mi-FBBqUuJE/hqdefault.jpg,,,
1G1ES1y6AyI,My band has bad private plane manners.,"This is Grant and Amos getting in a battle of the airplane lights on a private plane we were lucky enough to get to fly in. Haha.

Shop music here: http://smarturl.it/TASmusic

Shop merchandise here: http://taylor.lk/tourmerch

Follow Taylor Swift Online
Instagram: http://www.instagram.com/taylorswift 
Facebook: http://www.facebook.com/taylorswift
Tumblr: http://taylorswift.tumblr.com
Twitter: http://www.twitter.com/taylorswift13
Website: http://www.taylorswift.com

Follow Taylor Nation Online
Instagram: http://www.instagram.com/taylornation 
Tumblr: http://taylornation.tumblr.com
Twitter: http://www.twitter.com/taylornation13",2008-06-26 21:58:19+00:00,PT25S,869217,10799,608,https://i.ytimg.com/vi/1G1ES1y6AyI/default.jpg,https://i.ytimg.com/vi/1G1ES1y6AyI/mqdefault.jpg,https://i.ytimg.com/vi/1G1ES1y6AyI/hqdefault.jpg,,,
p-5R0u3iTiE,TRL Recap!,"I took my camera to TRL -- this is the result.

Shop music here: http://smarturl.it/TASmusic

Shop merchandise here: http://taylor.lk/tourmerch

Follow Taylor Swift Online
Instagram: http://www.instagram.com/taylorswift 
Facebook: http://www.facebook.com/taylorswift
Tumblr: http://taylorswift.tumblr.com
Twitter: http://www.twitter.com/taylorswift13
Website: http://www.taylorswift.com

Follow Taylor Nation Online
Instagram: http://www.instagram.com/taylornation 
Tumblr: http://taylornation.tumblr.com
Twitter: http://www.twitter.com/taylornation13",2008-06-26 21:15:51+00:00,PT3M8S,818422,10116,982,https://i.ytimg.com/vi/p-5R0u3iTiE/default.jpg,https://i.ytimg.com/vi/p-5R0u3iTiE/mqdefault.jpg,https://i.ytimg.com/vi/p-5R0u3iTiE/hqdefault.jpg,,,
pA1dPsnfams,:-),"Unexplainable.

Shop music here: http://smarturl.it/TASmusic

Shop merchandise here: http://taylor.lk/tourmerch

Follow Taylor Swift Online
Instagram: http://www.instagram.com/taylorswift 
Facebook: http://www.facebook.com/taylorswift
Tumblr: http://taylorswift.tumblr.com
Twitter: http://www.twitter.com/taylorswift13
Website: http://www.taylorswift.com

Follow Taylor Nation Online
Instagram: http://www.instagram.com/taylornation 
Tumblr: http://taylornation.tumblr.com
Twitter: http://www.twitter.com/taylornation13",2008-06-26 20:51:09+00:00,PT34S,1030160,30007,2372,https://i.ytimg.com/vi/pA1dPsnfams/default.jpg,https://i.ytimg.com/vi/pA1dPsnfams/mqdefault.jpg,https://i.ytimg.com/vi/pA1dPsnfams/hqdefault.jpg,,,
C7I3_yFQYkc,Wannabe,"Wannabe

Shop music here: http://smarturl.it/TASmusic

Shop merchandise here: http://taylor.lk/tourmerch

Follow Taylor Swift Online
Instagram: http://www.instagram.com/taylorswift 
Facebook: http://www.facebook.com/taylorswift
Tumblr: http://taylorswift.tumblr.com
Twitter: http://www.twitter.com/taylorswift13
Website: http://www.taylorswift.com

Follow Taylor Nation Online
Instagram: http://www.instagram.com/taylornation 
Tumblr: http://taylornation.tumblr.com
Twitter: http://www.twitter.com/taylornation13",2008-06-26 21:02:39+00:00,PT3M45S,1344386,25017,1909,https://i.ytimg.com/vi/C7I3_yFQYkc/default.jpg,https://i.ytimg.com/vi/C7I3_yFQYkc/mqdefault.jpg,https://i.ytimg.com/vi/C7I3_yFQYkc/hqdefault.jpg,,,
oKar-tF__ac,Taylor Swift - Sparks Fly,"Music video by Taylor Swift performing Sparks Fly. © 2011 Taylor Swift.
 
►Exclusive Merch: https://store.taylorswift.com
 
►Follow Taylor Swift Online
Instagram: http://www.instagram.com/taylorswift
Facebook: http://www.facebook.com/taylorswift
Tumblr: http://taylorswift.tumblr.com
Twitter: http://www.twitter.com/taylorswift13
Website: http://www.taylorswift.com
 
►Follow Taylor Nation Online
Instagram: http://www.instagram.com/taylornation
Tumblr: http://taylornation.tumblr.com
Twitter: http://www.twitter.com/taylornation13",2011-08-11 18:18:12+00:00,PT4M31S,105537081,564922,32539,https://i.ytimg.com/vi/oKar-tF__ac/default.jpg,https://i.ytimg.com/vi/oKar-tF__ac/mqdefault.jpg,https://i.ytimg.com/vi/oKar-tF__ac/hqdefault.jpg,,,
L29YfMA3mOM,JetBlue - Taylor Swift Live from T5 - HD,"During her album release week for Speak Now, Taylor Swift stopped by New York's JFK Terminal 5 and performed a private concert for JetBlue customers as part of JetBlue's Live From T5 concert series. Then Taylor boarded a JetBlue flight with her fans to Los Angeles.",2011-01-26 22:25:07+00:00,PT12M59S,393057,3923,295,https://i.ytimg.com/vi/L29YfMA3mOM/default.jpg,https://i.ytimg.com/vi/L29YfMA3mOM/mqdefault.jpg,https://i.ytimg.com/vi/L29YfMA3mOM/hqdefault.jpg,,,
S_Wugdcgywc,JetBlue’s Live from T5 - Taylor Swift - Mine,"During her album release week for Speak Now, Taylor Swift stopped by New York's JFK Terminal 5 and performed a private concert for JetBlue customers as part of JetBlue's Live From T5 concert series.",2011-01-26 22:30:55+00:00,PT4M33S,466149,4533,204,https://i.ytimg.com/vi/S_Wugdcgywc/default.jpg,https://i.ytimg.com/vi/S_Wugdcgywc/mqdefault.jpg,https://i.ytimg.com/vi/S_Wugdcgywc/hqdefault.jpg,,,
lN_2ucYMJ1g,JetBlue - Taylor Swift Live from T5 - Back to December - HD,,2011-01-26 22:25:20+00:00,PT5M31S,12273620,103302,3375,https://i.ytimg.com/vi/lN_2ucYMJ1g/default.jpg,https://i.ytimg.com/vi/lN_2ucYMJ1g/mqdefault.jpg,https://i.ytimg.com/vi/lN_2ucYMJ1g/hqdefault.jpg,,,
qQD04Q4o4b0,JetBlue - Taylor Swift Live from T5 - Speak Now - HD,,2011-01-26 22:39:28+00:00,PT4M30S,1205056,12636,614,https://i.ytimg.com/vi/qQD04Q4o4b0/default.jpg,https://i.ytimg.com/vi/qQD04Q4o4b0/mqdefault.jpg,https://i.ytimg.com/vi/qQD04Q4o4b0/hqdefault.jpg,,,
zudLJdajX5Y,Taylor Swift - You Belong With Me (Live on Letterman),"Music video by Taylor Swift performing You Belong With Me (Live on Letterman). 
 
►Exclusive Merch: https://store.taylorswift.com
 
►Follow Taylor Swift Online
Instagram: http://www.instagram.com/taylorswift
Facebook: http://www.facebook.com/taylorswift
Tumblr: http://taylorswift.tumblr.com
Twitter: http://www.twitter.com/taylorswift13
Website: http://www.taylorswift.com
 
►Follow Taylor Nation Online
Instagram: http://www.instagram.com/taylornation
Tumblr: http://taylornation.tumblr.com
Twitter: http://www.twitter.com/taylornation13",2010-12-08 04:43:15+00:00,PT3M53S,7162926,63547,2865,https://i.ytimg.com/vi/zudLJdajX5Y/default.jpg,https://i.ytimg.com/vi/zudLJdajX5Y/mqdefault.jpg,https://i.ytimg.com/vi/zudLJdajX5Y/hqdefault.jpg,,,
mNLVMDF9mUo,Taylor Swift - Love Story (Live on Letterman),"Music video by Taylor Swift performing Love Story (Live on Letterman).
 
►Exclusive Merch: https://store.taylorswift.com
 
►Follow Taylor Swift Online
Instagram: http://www.instagram.com/taylorswift
Facebook: http://www.facebook.com/taylorswift
Tumblr: http://taylorswift.tumblr.com
Twitter: http://www.twitter.com/taylorswift13
Website: http://www.taylorswift.com
 
►Follow Taylor Nation Online
Instagram: http://www.instagram.com/taylornation
Tumblr: http://taylornation.tumblr.com
Twitter: http://www.twitter.com/taylornation13",2010-12-08 04:22:20+00:00,PT4M3S,28209615,301639,8810,https://i.ytimg.com/vi/mNLVMDF9mUo/default.jpg,https://i.ytimg.com/vi/mNLVMDF9mUo/mqdefault.jpg,https://i.ytimg.com/vi/mNLVMDF9mUo/hqdefault.jpg,,,
xcLIGAIkztc,Taylor Swift - Mine (Live on Letterman),"Music video by Taylor Swift performing Mine (Live on Letterman). Taylor Swift

New single ME! (feat. Brendon Urie of Panic! At The Disco) available now. Download here: https://TaylorSwift.lnk.to/MeYD
 
►Exclusive Merch: https://store.taylorswift.com
 
►Follow Taylor Swift Online
Instagram: http://www.instagram.com/taylorswift
Facebook: http://www.facebook.com/taylorswift
Tumblr: http://taylorswift.tumblr.com
Twitter: http://www.twitter.com/taylorswift13
Website: http://www.taylorswift.com
 
►Follow Taylor Nation Online
Instagram: http://www.instagram.com/taylornation
Tumblr: http://taylornation.tumblr.com
Twitter: http://www.twitter.com/taylornation13",2010-12-08 04:25:17+00:00,PT4M51S,5515221,50784,0,https://i.ytimg.com/vi/xcLIGAIkztc/default.jpg,https://i.ytimg.com/vi/xcLIGAIkztc/mqdefault.jpg,https://i.ytimg.com/vi/xcLIGAIkztc/hqdefault.jpg,,,
vio0RidOMUM,Taylor Swift - Back To December (Live on Letterman),"Music video by Taylor Swift performing Back To December (Live on Letterman).
 
►Exclusive Merch: https://store.taylorswift.com
 
►Follow Taylor Swift Online
Instagram: http://www.instagram.com/taylorswift
Facebook: http://www.facebook.com/taylorswift
Tumblr: http://taylorswift.tumblr.com
Twitter: http://www.twitter.com/taylorswift13
Website: http://www.taylorswift.com
 
►Follow Taylor Nation Online
Instagram: http://www.instagram.com/taylornation
Tumblr: http://taylornation.tumblr.com
Twitter: http://www.twitter.com/taylornation13",2010-12-08 04:19:32+00:00,PT5M3S,14010535,146672,5428,https://i.ytimg.com/vi/vio0RidOMUM/default.jpg,https://i.ytimg.com/vi/vio0RidOMUM/mqdefault.jpg,https://i.ytimg.com/vi/vio0RidOMUM/hqdefault.jpg,,,
4wUPASp2hfY,Taylor Swift - Speak Now (Live on Letterman),"Music video by Taylor Swift performing Speak Now (Live on Letterman).

Stream/download ‘The Life of a Showgirl’: https://taylor.lnk.to/TSTheLifeofaShowgirlYD

►Subscribe to Taylor Swift on YouTube: https://ts.lnk.to/subscribe

►Shop Merch: http://taylorswift.lnk.to/store

►Follow Taylor Swift Online: 
TikTok: http://tiktok.com/@taylorswift 
Instagram: http://instagram.com/taylorswift 
Twitter: http://twitter.com/taylorswift13 
Snapchat: http://snapchat.com/add/taylorswift 
Facebook: http://facebook.com/taylorswift 
Tumblr: http://taylorswift.tumblr.com 
Website: http://www.taylorswift.com 

►Follow Taylor Nation Online 
TikTok: http://tiktok.com/@taylornation
Instagram: http://instagram.com/taylornation 
Twitter: http://twitter.com/taylornation13
Tumblr: http://taylornation.tumblr.com

#TaylorSwift #SpeakNow",2010-12-08 04:41:04+00:00,PT4M1S,18376391,137852,7263,https://i.ytimg.com/vi/4wUPASp2hfY/default.jpg,https://i.ytimg.com/vi/4wUPASp2hfY/mqdefault.jpg,https://i.ytimg.com/vi/4wUPASp2hfY/hqdefault.jpg,,,
J1LMp-jEH_k,Surprising Gena,"Shop music here: http://smarturl.it/TASmusic

Shop merchandise here: http://taylor.lk/tourmerch

Follow Taylor Swift Online
Instagram: http://www.instagram.com/taylorswift 
Facebook: http://www.facebook.com/taylorswift
Tumblr: http://taylorswift.tumblr.com
Twitter: http://www.twitter.com/taylorswift13
Website: http://www.taylorswift.com

Follow Taylor Nation Online
Instagram: http://www.instagram.com/taylornation 
Tumblr: http://taylornation.tumblr.com
Twitter: http://www.twitter.com/taylornation13",2014-04-16 22:44:24+00:00,PT4M31S,3583820,59508,3742,https://i.ytimg.com/vi/J1LMp-jEH_k/default.jpg,https://i.ytimg.com/vi/J1LMp-jEH_k/mqdefault.jpg,https://i.ytimg.com/vi/J1LMp-jEH_k/hqdefault.jpg,,,
p4R-IaxyVnQ,Taylor Swift - Seventeen Cover Cam,"Go behind the scenes of Taylor Swift's cover shoot!

For more great videos from Seventeen check out:
http://www.seventeen.com/fun-stuff/video-hub/?src=syn&mag=svn&dom=youtube&chan=home&link=rel_221

More from the World of Seventeen:
http://www.seventeen.com/?src=syn&mag=svn&dom=youtube&chan=home&link=rel_222 

Subscribe to Seventeen:
http://subscribe.hearstmags.com/subscribe/splits/seventeen/svn_sub_nav_link?src=syn&mag=svn&dom=youtube&chan=home&link=rel_223

- Beauty Lab: http://bit.ly/17BeautyLab

Style Lab: http://bit.ly/17StyleLab

Bullet Journaling w/ Noelle: http://bit.ly/BulletJournalingWithNoelle

Celebs & Seventeen: http://bit.ly/17Celebs",2008-05-05 18:56:03+00:00,PT2M1S,1897086,2707,385,https://i.ytimg.com/vi/p4R-IaxyVnQ/default.jpg,https://i.ytimg.com/vi/p4R-IaxyVnQ/mqdefault.jpg,https://i.ytimg.com/vi/p4R-IaxyVnQ/hqdefault.jpg,,,
p39hUYPX5Do,Taylor Swift in Tonight Show Dressing Room,"Blair Garner was Taylor's guest at The Tonight Show the night she made her debut appearance.  Blair shot this video just minutes before Taylor headed down to do her spot.  Look at how calm she is, about to make an appearance in front of millions and millions of people!",2007-02-16 13:02:29+00:00,PT2M28S,428687,1520,135,https://i.ytimg.com/vi/p39hUYPX5Do/default.jpg,https://i.ytimg.com/vi/p39hUYPX5Do/mqdefault.jpg,https://i.ytimg.com/vi/p39hUYPX5Do/hqdefault.jpg,,,
xIoApJgIw8U,Taylor Swift WONDERSTRUCK In-Store Appearances,"Here are highlights from Taylor's Wonderstruck fragrance launch at Macy's in New York City, Sephora in Glendale, California, and Belk in Nashville, Tennessee.

Shop music here: http://smarturl.it/TASmusic

Shop merchandise here: http://taylor.lk/tourmerch

Follow Taylor Swift Online
Instagram: http://www.instagram.com/taylorswift 
Facebook: http://www.facebook.com/taylorswift
Tumblr: http://taylorswift.tumblr.com
Twitter: http://www.twitter.com/taylorswift13
Website: http://www.taylorswift.com

Follow Taylor Nation Online
Instagram: http://www.instagram.com/taylornation 
Tumblr: http://taylornation.tumblr.com
Twitter: http://www.twitter.com/taylornation13",2011-11-17 17:38:19+00:00,PT2M3S,277537,5665,549,https://i.ytimg.com/vi/xIoApJgIw8U/default.jpg,https://i.ytimg.com/vi/xIoApJgIw8U/mqdefault.jpg,https://i.ytimg.com/vi/xIoApJgIw8U/hqdefault.jpg,,,
JltEXpbGM8s,"""Ew!"" with Taylor Swift","Jimmy shows a clip from the Teen Nick show ""Ew!"" in which Sara and her friend Natalie play show and tell.

Subscribe NOW to The Tonight Show Starring Jimmy Fallon: http://bit.ly/1nwT1aN

Watch The Tonight Show Starring Jimmy Fallon Weeknights 11:35/10:35c
Get more Jimmy Fallon: 
Follow Jimmy: http://Twitter.com/JimmyFallon
Like Jimmy: https://Facebook.com/JimmyFallon

Get more The Tonight Show Starring Jimmy Fallon: 
Follow The Tonight Show: http://Twitter.com/FallonTonight
Like The Tonight Show: https://Facebook.com/FallonTonight
The Tonight Show Tumblr: http://fallontonight.tumblr.com/

Get more NBC: 
NBC YouTube: http://bit.ly/1dM1qBH
Like NBC: http://Facebook.com/NBC
Follow NBC: http://Twitter.com/NBC
NBC Tumblr: http://nbctv.tumblr.com/

The Tonight Show Starring Jimmy Fallon features hilarious highlights from the show including: comedy sketches, music parodies, celebrity interviews, ridiculous games, and, of course, Jimmy's Thank You Notes and hashtags! You'll also find behind the scenes videos and other great web exclusives.

""Ew!"" with Taylor Swift
http://www.youtube.com/fallontonight",2014-08-14 03:36:03+00:00,PT4M55S,35600618,355274,13974,https://i.ytimg.com/vi/JltEXpbGM8s/default.jpg,https://i.ytimg.com/vi/JltEXpbGM8s/mqdefault.jpg,https://i.ytimg.com/vi/JltEXpbGM8s/hqdefault.jpg,,,
T7EHtxnuVEs,Taylor Swift Talks '1989',"Her new album drops today, and she was here to Ellen all about it.

#TaylorSwift
#TheEllenShow
#Ellen",2014-10-27 16:00:16+00:00,PT3M22S,4189113,42365,1233,https://i.ytimg.com/vi/T7EHtxnuVEs/default.jpg,https://i.ytimg.com/vi/T7EHtxnuVEs/mqdefault.jpg,https://i.ytimg.com/vi/T7EHtxnuVEs/hqdefault.jpg,,,
V4347ZE0NQM,The Californians/Buh-Bye - SNL 40th Anniversary Special,"The Californians (Fred Armisen, Bill Hader, Kristen Wiig, Laraine Newman, Kenan Thompson, Betty White, Taylor Swift) reunite and get some surprising news about their pool boy Craig (Bradley Cooper). Plus, David Spade and Cecily Strong bring the sketch to an abrupt end.

Subscribe to SNL: https://goo.gl/tUsXwM
Stream Current Full Episodes: http://www.nbc.com/saturday-night-live

Watch Past SNL Seasons: 
Google Play - http://bit.ly/SNLGooglePlay 
iTunes - http://bit.ly/SNLiTunes

Follow SNL Social -
SNL Instagram: http://instagram.com/nbcsnl 
SNL Facebook: https://www.facebook.com/snl
SNL Twitter: https://twitter.com/nbcsnl
SNL Tumblr: http://nbcsnl.tumblr.com/
SNL Pinterest: http://www.pinterest.com/nbcsnl/",2015-02-16 08:58:37+00:00,PT9M49S,10249789,70823,5062,https://i.ytimg.com/vi/V4347ZE0NQM/default.jpg,https://i.ytimg.com/vi/V4347ZE0NQM/mqdefault.jpg,https://i.ytimg.com/vi/V4347ZE0NQM/hqdefault.jpg,,,
BNE1jl_F3w8,Taylor Swift - Teardrops On My Guitar Live Paul O´Grady Show,"Taylor Swift Teardrops On My Guitar Live Paul O´Grady Show

Drew looks at me, I fake a smile so he won't see
That I want and I'm needing everything that we should be
I'll bet she's beautiful, that girl he talks about
And she's got everything that I have to live without

Drew talks to me, I laugh cause it's so damn funny
That I can't even see anyone when he's with me
He says he's so in love, he's finally got it right,
I wonder if he knows he's all I think about at night

[Chorus:]

He's the reason for the teardrops on my guitar
The only thing that keeps me wishing on a wishing star
He's the song in the car I keep singing, don't know why I do

Drew walks by me, can he tell that I can't breathe?
And there he goes, so perfectly,
The kind of flawless I wish I could be
She'd better hold him tight, give him all her love
Look in those beautiful eyes and know she's lucky cause

[Repeat Chorus]

So I drive home alone, as I turn out the light
I'll put his picture down and maybe
Get some sleep tonight

He's the reason for the teardrops on my guitar
The only one who's got enough of me to break my heart
He's the song in the car I keep singing, don't know why I do
He's the time taken up, but there's never enough
And he's all that I need to fall into..

Drew looks at me, I fake a smile so he won't see",2009-08-04 01:42:16+00:00,PT3M16S,131759,1349,75,https://i.ytimg.com/vi/BNE1jl_F3w8/default.jpg,https://i.ytimg.com/vi/BNE1jl_F3w8/mqdefault.jpg,https://i.ytimg.com/vi/BNE1jl_F3w8/hqdefault.jpg,,,
w1oM3kQpXRo,Taylor Swift - Everything Has Changed ft. Ed Sheeran,"Music video by Taylor Swift performing Everything Has Changed. (C) 2013 Taylor Swift.
 
►Exclusive Merch: https://store.taylorswift.com
 
►Follow Taylor Swift Online
Instagram: http://www.instagram.com/taylorswift
Facebook: http://www.facebook.com/taylorswift
Tumblr: http://taylorswift.tumblr.com
Twitter: http://www.twitter.com/taylorswift13
Website: http://www.taylorswift.com
 
►Follow Taylor Nation Online
Instagram: http://www.instagram.com/taylornation
Tumblr: http://taylornation.tumblr.com
Twitter: http://www.twitter.com/taylornation13",2013-06-06 04:07:16+00:00,PT4M12S,428856657,3322012,157784,https://i.ytimg.com/vi/w1oM3kQpXRo/default.jpg,https://i.ytimg.com/vi/w1oM3kQpXRo/mqdefault.jpg,https://i.ytimg.com/vi/w1oM3kQpXRo/hqdefault.jpg,,,
cMPEd8m79Hw,Taylor Swift - Begin Again,"Music video by Taylor Swift performing ""Begin Again.""

❤️‍🔥Stream/download ‘The Life of a Showgirl’: https://taylor.lnk.to/TSTheLifeofaShowgirlYD

►Subscribe to Taylor Swift on YouTube: https://ts.lnk.to/subscribe
►Shop Merch: http://taylorswift.lnk.to/store

►Follow Taylor Swift Online: 
TikTok: http://tiktok.com/@taylorswift 
Instagram: http://instagram.com/taylorswift 
Twitter: http://twitter.com/taylorswift13 
Snapchat: http://snapchat.com/add/taylorswift 
Facebook: http://facebook.com/taylorswift 
Tumblr: http://taylorswift.tumblr.com 
Website: http://www.taylorswift.com 

►Follow Taylor Nation Online:
TikTok: http://tiktok.com/@taylornation
Instagram: http://instagram.com/taylornation 
Twitter: http://twitter.com/taylornation13
Tumblr: http://taylornation.tumblr.com

(C) 2012 Taylor Swift",2012-10-24 04:01:06+00:00,PT4M11S,213041564,1311849,61486,https://i.ytimg.com/vi/cMPEd8m79Hw/default.jpg,https://i.ytimg.com/vi/cMPEd8m79Hw/mqdefault.jpg,https://i.ytimg.com/vi/cMPEd8m79Hw/hqdefault.jpg,,,
jYa1eI1hpDE,Taylor Swift - Mean,"Music video by Taylor Swift performing Mean. (C) 2011 Taylor Swift.
 
►Exclusive Merch: https://store.taylorswift.com
 
►Follow Taylor Swift Online
Instagram: http://www.instagram.com/taylorswift
Facebook: http://www.facebook.com/taylorswift
Tumblr: http://taylorswift.tumblr.com
Twitter: http://www.twitter.com/taylorswift13
Website: http://www.taylorswift.com
 
►Follow Taylor Nation Online
Instagram: http://www.instagram.com/taylornation
Tumblr: http://taylornation.tumblr.com
Twitter: http://www.twitter.com/taylornation13",2011-05-13 22:55:22+00:00,PT4M4S,234432053,1408728,113019,https://i.ytimg.com/vi/jYa1eI1hpDE/default.jpg,https://i.ytimg.com/vi/jYa1eI1hpDE/mqdefault.jpg,https://i.ytimg.com/vi/jYa1eI1hpDE/hqdefault.jpg,,,
